total_processed_time,74
total_processed_time,74
total_processed_time,119
total_processed_time,115
total_processed_time,91
total_processed_time,20
total_processed_time,29
total_processed_time,31
total_processed_time,27
total_processed_time,33
total_processed_time,37
total_processed_time,33
total_processed_time,36
total_processed_time,36
total_processed_time,32
total_processed_time,27
total_processed_time,29
total_processed_time,33
total_processed_time,8377
total_processed_time,1587
total_processed_time,1771
total_processed_time,1776
total_processed_time,1550
total_processed_time,1812
total_processed_time,1794
total_processed_time,1824
total_processed_time,1862
total_processed_time,1850
total_processed_time,1367
total_processed_time,1777
total_processed_time,1435
total_processed_time,1955
total_processed_time,1899
total_processed_time,1902
total_processed_time,1941
total_processed_time,1472
total_processed_time,1939
total_processed_time,1853
total_processed_time,1761
total_processed_time,1541
total_processed_time,2039
total_processed_time,2038
total_processed_time,1797
total_processed_time,1605
total_processed_time,1432
total_processed_time,1540
total_processed_time,1644
total_processed_time,1593
total_processed_time,1512
total_processed_time,2006
total_processed_time,1819
total_processed_time,1539
total_processed_time,1823
total_processed_time,1855
total_processed_time,1454
total_processed_time,1467
total_processed_time,1488
total_processed_time,1728
total_processed_time,2222
total_processed_time,1431
total_processed_time,1970
total_processed_time,1583
total_processed_time,1438
total_processed_time,1450
total_processed_time,1493
total_processed_time,1600
total_processed_time,2068
total_processed_time,1698
total_processed_time,1913
total_processed_time,1572
total_processed_time,1579
total_processed_time,1783
total_processed_time,1893
total_processed_time,1601
total_processed_time,1721
total_processed_time,1864
total_processed_time,1690
total_processed_time,1810
total_processed_time,1775
total_processed_time,1688
total_processed_time,1836
total_processed_time,1748
total_processed_time,1975
total_processed_time,2114
total_processed_time,1706
total_processed_time,1802
total_processed_time,1827
total_processed_time,1747
total_processed_time,1864
total_processed_time,2094
total_processed_time,1901
total_processed_time,2158
total_processed_time,1964
total_processed_time,1937
total_processed_time,2030
total_processed_time,2001
total_processed_time,1833
total_processed_time,1960
total_processed_time,1953
total_processed_time,2134
total_processed_time,2055
total_processed_time,1863
total_processed_time,1946
total_processed_time,1965
total_processed_time,1842
total_processed_time,2032
total_processed_time,2042
total_processed_time,2136
total_processed_time,2055
total_processed_time,1974
total_processed_time,1982
total_processed_time,1916
total_processed_time,1919
total_processed_time,1916
total_processed_time,2124
total_processed_time,2055
total_processed_time,2127
total_processed_time,1938
total_processed_time,1949
total_processed_time,1954
total_processed_time,2025
total_processed_time,2191
total_processed_time,2081
total_processed_time,2121
total_processed_time,1683
total_processed_time,1806
total_processed_time,2069
total_processed_time,2036
total_processed_time,1707
total_processed_time,1683
total_processed_time,1769
total_processed_time,1699
total_processed_time,1705
total_processed_time,1860
total_processed_time,1880
total_processed_time,2278
total_processed_time,2411
total_processed_time,2413
total_processed_time,2458
total_processed_time,2877
total_processed_time,2444
total_processed_time,2536
total_processed_time,2345
total_processed_time,1289
total_processed_time,3018
total_processed_time,1845
total_processed_time,2641
total_processed_time,2680
total_processed_time,2679
total_processed_time,2731
total_processed_time,1628
total_processed_time,2802
total_processed_time,1335
total_processed_time,2817
total_processed_time,2022
total_processed_time,1182
total_processed_time,2859
total_processed_time,1249
total_processed_time,2913
total_processed_time,1836
total_processed_time,1794
total_processed_time,1332
total_processed_time,1539
total_processed_time,1618
total_processed_time,1627
total_processed_time,1343
total_processed_time,3061
total_processed_time,3036
total_processed_time,3063
total_processed_time,2025
total_processed_time,3063
total_processed_time,1785
total_processed_time,1449
total_processed_time,738
total_processed_time,1430
total_processed_time,1027
total_processed_time,776
total_processed_time,889
total_processed_time,1353
total_processed_time,2653
total_processed_time,805
total_processed_time,839
total_processed_time,957
total_processed_time,846
total_processed_time,841
total_processed_time,1530
total_processed_time,1597
total_processed_time,780
total_processed_time,2415
total_processed_time,1112
total_processed_time,965
total_processed_time,821
total_processed_time,1706
total_processed_time,972
total_processed_time,1733
total_processed_time,779
total_processed_time,1310
total_processed_time,994
total_processed_time,722
total_processed_time,818
total_processed_time,823
total_processed_time,886
total_processed_time,699
total_processed_time,1087
total_processed_time,844
total_processed_time,734
total_processed_time,795
total_processed_time,913
total_processed_time,756
total_processed_time,541
total_processed_time,401
total_processed_time,373
total_processed_time,403
total_processed_time,527
total_processed_time,546
total_processed_time,695
total_processed_time,971
total_processed_time,405
total_processed_time,268
total_processed_time,406
total_processed_time,514
total_processed_time,877
total_processed_time,243
total_processed_time,149
total_processed_time,138
total_processed_time,362
total_processed_time,107
total_processed_time,318
total_processed_time,436
total_processed_time,75
total_processed_time,47
total_processed_time,25
total_processed_time,26
total_processed_time,36
total_processed_time,25
total_processed_time,39
total_processed_time,24
total_processed_time,26
total_processed_time,28
total_processed_time,37
total_processed_time,38
total_processed_time,33
total_processed_time,21
total_processed_time,28
total_processed_time,26
total_processed_time,35
total_processed_time,30
total_processed_time,40
total_processed_time,28
total_processed_time,26
total_processed_time,22
total_processed_time,28
total_processed_time,34
total_processed_time,31
total_processed_time,24
total_processed_time,34
total_processed_time,22
total_processed_time,36
total_processed_time,25
total_processed_time,26
total_processed_time,39
total_processed_time,53
total_processed_time,41
total_processed_time,34
total_processed_time,25
total_processed_time,26
total_processed_time,27
total_processed_time,27
total_processed_time,28
total_processed_time,37
total_processed_time,29
total_processed_time,35
total_processed_time,25
total_processed_time,33
total_processed_time,30
total_processed_time,33
total_processed_time,41
total_processed_time,53
total_processed_time,41
total_processed_time,42
total_processed_time,22
total_processed_time,34
total_processed_time,26
total_processed_time,43
total_processed_time,44
total_processed_time,38
total_processed_time,22
total_processed_time,36
total_processed_time,28
total_processed_time,41
total_processed_time,37
total_processed_time,29
total_processed_time,41
total_processed_time,47
total_processed_time,40
total_processed_time,39
total_processed_time,31
total_processed_time,35
total_processed_time,30
total_processed_time,33
total_processed_time,33
total_processed_time,28
total_processed_time,30
total_processed_time,28
total_processed_time,20
total_processed_time,20
total_processed_time,25
total_processed_time,43
total_processed_time,29
total_processed_time,42
total_processed_time,30
total_processed_time,34
total_processed_time,33
total_processed_time,24
total_processed_time,28
total_processed_time,29
total_processed_time,29
total_processed_time,34
total_processed_time,27
total_processed_time,24
total_processed_time,28
total_processed_time,22
total_processed_time,32
total_processed_time,26
total_processed_time,42
total_processed_time,43
total_processed_time,27
total_processed_time,105
total_processed_time,215
total_processed_time,285
total_processed_time,365
total_processed_time,424
total_processed_time,290
total_processed_time,180
total_processed_time,96
total_processed_time,105
total_processed_time,246
total_processed_time,174
total_processed_time,534
total_processed_time,331
total_processed_time,349
total_processed_time,269
total_processed_time,164
total_processed_time,322
total_processed_time,174
total_processed_time,350
total_processed_time,195
total_processed_time,202
total_processed_time,68
total_processed_time,106
total_processed_time,126
total_processed_time,63
total_processed_time,77
total_processed_time,138
total_processed_time,106
total_processed_time,181
total_processed_time,112
total_processed_time,129
total_processed_time,70
total_processed_time,100
total_processed_time,73
total_processed_time,67
total_processed_time,68
total_processed_time,93
total_processed_time,116
total_processed_time,129
total_processed_time,55
total_processed_time,65
total_processed_time,89
total_processed_time,252
total_processed_time,144
total_processed_time,171
total_processed_time,48
total_processed_time,51
total_processed_time,59
total_processed_time,145
total_processed_time,278
total_processed_time,107
total_processed_time,93
total_processed_time,181
total_processed_time,73
total_processed_time,112
total_processed_time,99
total_processed_time,194
total_processed_time,76
total_processed_time,72
total_processed_time,104
total_processed_time,60
total_processed_time,48
total_processed_time,33
total_processed_time,88
total_processed_time,60
total_processed_time,61
total_processed_time,61
total_processed_time,58
total_processed_time,57
total_processed_time,39
total_processed_time,47
total_processed_time,134
total_processed_time,70
total_processed_time,76
total_processed_time,142
total_processed_time,65
total_processed_time,112
total_processed_time,37
total_processed_time,41
total_processed_time,54
total_processed_time,25
total_processed_time,78
total_processed_time,52
total_processed_time,47
total_processed_time,64
total_processed_time,53
total_processed_time,51
total_processed_time,49
total_processed_time,49
total_processed_time,60
total_processed_time,88
total_processed_time,47
total_processed_time,45
total_processed_time,38
total_processed_time,35
total_processed_time,31
total_processed_time,46
total_processed_time,35
total_processed_time,28
total_processed_time,32
total_processed_time,27
total_processed_time,32
total_processed_time,49
total_processed_time,37
total_processed_time,28
total_processed_time,38
total_processed_time,29
total_processed_time,29
total_processed_time,34
total_processed_time,27
total_processed_time,30
total_processed_time,53
total_processed_time,30
total_processed_time,91
total_processed_time,29
total_processed_time,36
total_processed_time,31
total_processed_time,25
total_processed_time,42
total_processed_time,25
total_processed_time,35
total_processed_time,34
total_processed_time,23
total_processed_time,22
total_processed_time,23
total_processed_time,21
total_processed_time,33
total_processed_time,27
total_processed_time,28
total_processed_time,24
total_processed_time,27
total_processed_time,28
total_processed_time,39
total_processed_time,35
total_processed_time,31
total_processed_time,27
total_processed_time,30
total_processed_time,29
total_processed_time,27
total_processed_time,29
total_processed_time,31
total_processed_time,32
total_processed_time,24
total_processed_time,21
total_processed_time,32
total_processed_time,33
total_processed_time,24
total_processed_time,30
total_processed_time,34
total_processed_time,41
total_processed_time,25
total_processed_time,23
total_processed_time,28
total_processed_time,92
total_processed_time,76
total_processed_time,47
total_processed_time,52
total_processed_time,41
total_processed_time,34
total_processed_time,36
total_processed_time,31
total_processed_time,39
total_processed_time,33
total_processed_time,35
total_processed_time,33
total_processed_time,24
total_processed_time,34
total_processed_time,30
total_processed_time,20
total_processed_time,26
total_processed_time,31
total_processed_time,42
total_processed_time,26
total_processed_time,23
total_processed_time,24
total_processed_time,24
total_processed_time,27
total_processed_time,21
total_processed_time,25
total_processed_time,27
total_processed_time,19
total_processed_time,31
total_processed_time,25
total_processed_time,27
total_processed_time,43
total_processed_time,41
total_processed_time,28
total_processed_time,106
total_processed_time,136
total_processed_time,345
total_processed_time,857
total_processed_time,1129
total_processed_time,1380
total_processed_time,1503
total_processed_time,1328
total_processed_time,1241
total_processed_time,650
total_processed_time,916
total_processed_time,517
total_processed_time,618
total_processed_time,523
total_processed_time,417
total_processed_time,559
total_processed_time,564
total_processed_time,694
total_processed_time,711
total_processed_time,514
total_processed_time,665
total_processed_time,698
total_processed_time,713
total_processed_time,396
total_processed_time,228
total_processed_time,227
total_processed_time,292
total_processed_time,654
total_processed_time,578
total_processed_time,457
total_processed_time,296
total_processed_time,568
total_processed_time,856
total_processed_time,243
total_processed_time,556
total_processed_time,604
total_processed_time,431
total_processed_time,226
total_processed_time,951
total_processed_time,728
total_processed_time,217
total_processed_time,576
total_processed_time,249
total_processed_time,127
total_processed_time,133
total_processed_time,69
total_processed_time,135
total_processed_time,139
total_processed_time,147
total_processed_time,114
total_processed_time,143
total_processed_time,74
total_processed_time,159
total_processed_time,86
total_processed_time,120
total_processed_time,77
total_processed_time,40
total_processed_time,248
total_processed_time,173
total_processed_time,203
total_processed_time,261
total_processed_time,170
total_processed_time,243
total_processed_time,206
total_processed_time,245
total_processed_time,188
total_processed_time,111
total_processed_time,334
total_processed_time,72
total_processed_time,225
total_processed_time,117
total_processed_time,58
total_processed_time,183
total_processed_time,90
total_processed_time,28
total_processed_time,137
total_processed_time,31
total_processed_time,27
total_processed_time,35
total_processed_time,45
total_processed_time,49
total_processed_time,48
total_processed_time,86
total_processed_time,38
total_processed_time,63
total_processed_time,56
total_processed_time,58
total_processed_time,79
total_processed_time,49
total_processed_time,93
total_processed_time,141
total_processed_time,45
total_processed_time,160
total_processed_time,139
total_processed_time,75
total_processed_time,73
total_processed_time,95
total_processed_time,106
total_processed_time,69
total_processed_time,58
total_processed_time,39
total_processed_time,45
total_processed_time,52
total_processed_time,51
total_processed_time,44
total_processed_time,50
total_processed_time,74
total_processed_time,46
total_processed_time,51
total_processed_time,69
total_processed_time,50
total_processed_time,89
total_processed_time,71
total_processed_time,115
total_processed_time,86
total_processed_time,94
total_processed_time,53
total_processed_time,58
total_processed_time,57
total_processed_time,49
total_processed_time,44
total_processed_time,35
total_processed_time,35
total_processed_time,28
total_processed_time,25
total_processed_time,25
total_processed_time,30
total_processed_time,26
total_processed_time,24
total_processed_time,24
total_processed_time,24
total_processed_time,28
total_processed_time,29
total_processed_time,31
total_processed_time,30
total_processed_time,27
total_processed_time,28
total_processed_time,25
total_processed_time,29
total_processed_time,32
total_processed_time,25
total_processed_time,31
total_processed_time,30
total_processed_time,32
total_processed_time,23
total_processed_time,27
total_processed_time,24
total_processed_time,26
total_processed_time,29
total_processed_time,28
total_processed_time,30
total_processed_time,26
total_processed_time,34
total_processed_time,25
total_processed_time,24
total_processed_time,27
total_processed_time,26
total_processed_time,24
total_processed_time,41
total_processed_time,31
total_processed_time,67
total_processed_time,58
total_processed_time,31
total_processed_time,25
total_processed_time,27
total_processed_time,28
total_processed_time,22
total_processed_time,28
total_processed_time,32
total_processed_time,25
total_processed_time,24
total_processed_time,31
total_processed_time,25
total_processed_time,24
total_processed_time,24
total_processed_time,25
total_processed_time,29
total_processed_time,33
total_processed_time,25
total_processed_time,27
total_processed_time,27
total_processed_time,37
total_processed_time,35
total_processed_time,28
total_processed_time,28
total_processed_time,28
total_processed_time,25
total_processed_time,30
total_processed_time,24
total_processed_time,27
total_processed_time,32
total_processed_time,28
total_processed_time,29
total_processed_time,28
total_processed_time,22
total_processed_time,24
total_processed_time,23
total_processed_time,23
total_processed_time,26
total_processed_time,36
total_processed_time,35
total_processed_time,41
total_processed_time,38
total_processed_time,27
total_processed_time,24
total_processed_time,27
total_processed_time,25
total_processed_time,29
total_processed_time,35
total_processed_time,26
total_processed_time,29
total_processed_time,24
total_processed_time,29
total_processed_time,28
total_processed_time,42
total_processed_time,45
total_processed_time,31
total_processed_time,28
total_processed_time,30
total_processed_time,24
total_processed_time,24
total_processed_time,42
total_processed_time,31
total_processed_time,28
total_processed_time,25
total_processed_time,22
total_processed_time,29
total_processed_time,26
total_processed_time,29
total_processed_time,26
total_processed_time,24
total_processed_time,26
total_processed_time,31
total_processed_time,32
total_processed_time,26
total_processed_time,25
total_processed_time,33
total_processed_time,26
total_processed_time,29
total_processed_time,29
total_processed_time,26
total_processed_time,24
total_processed_time,26
total_processed_time,27
total_processed_time,24
total_processed_time,22
total_processed_time,33
total_processed_time,34
total_processed_time,33
total_processed_time,27
total_processed_time,30
total_processed_time,31
total_processed_time,26
total_processed_time,26
total_processed_time,29
total_processed_time,25
total_processed_time,25
total_processed_time,25
total_processed_time,25
total_processed_time,29
total_processed_time,26
total_processed_time,24
total_processed_time,34
total_processed_time,35
total_processed_time,23
total_processed_time,24
total_processed_time,25
total_processed_time,23
total_processed_time,24
total_processed_time,27
total_processed_time,23
total_processed_time,36
total_processed_time,34
total_processed_time,82
total_processed_time,44
total_processed_time,44
total_processed_time,40
total_processed_time,26
total_processed_time,21
total_processed_time,25
total_processed_time,30
total_processed_time,25
total_processed_time,29
total_processed_time,30
total_processed_time,30
total_processed_time,28
total_processed_time,32
total_processed_time,27
total_processed_time,27
total_processed_time,28
total_processed_time,29
total_processed_time,82
total_processed_time,53
total_processed_time,121
total_processed_time,104
total_processed_time,92
total_processed_time,59
total_processed_time,29
total_processed_time,31
total_processed_time,24
total_processed_time,27
total_processed_time,27
total_processed_time,28
total_processed_time,31
total_processed_time,25
total_processed_time,31
total_processed_time,27
total_processed_time,26
total_processed_time,26
total_processed_time,29
total_processed_time,25
total_processed_time,33
total_processed_time,31
total_processed_time,26
total_processed_time,22
total_processed_time,68
total_processed_time,36
total_processed_time,33
total_processed_time,27
total_processed_time,26
total_processed_time,34
total_processed_time,30
total_processed_time,33
total_processed_time,37
total_processed_time,34
total_processed_time,39
total_processed_time,45
total_processed_time,28
total_processed_time,30
total_processed_time,22
total_processed_time,26
total_processed_time,26
total_processed_time,32
total_processed_time,29
total_processed_time,26
total_processed_time,23
total_processed_time,26
total_processed_time,27
total_processed_time,28
total_processed_time,24
total_processed_time,27
total_processed_time,26
total_processed_time,24
total_processed_time,29
total_processed_time,32
total_processed_time,28
total_processed_time,29
total_processed_time,36
total_processed_time,24
total_processed_time,46
total_processed_time,48
total_processed_time,31
total_processed_time,28
total_processed_time,28
total_processed_time,25
total_processed_time,32
total_processed_time,28
total_processed_time,24
total_processed_time,32
total_processed_time,26
total_processed_time,29
total_processed_time,29
total_processed_time,42
total_processed_time,37
total_processed_time,27
total_processed_time,26
total_processed_time,29
total_processed_time,30
total_processed_time,29
total_processed_time,27
total_processed_time,35
total_processed_time,44
total_processed_time,94
total_processed_time,36
total_processed_time,26
total_processed_time,25
total_processed_time,35
total_processed_time,29
total_processed_time,26
total_processed_time,25
total_processed_time,24
total_processed_time,22
total_processed_time,24
total_processed_time,43
total_processed_time,27
total_processed_time,35
total_processed_time,33
total_processed_time,33
total_processed_time,33
total_processed_time,31
total_processed_time,29
total_processed_time,25
total_processed_time,38
total_processed_time,30
total_processed_time,28
total_processed_time,29
total_processed_time,32
total_processed_time,27
total_processed_time,30
total_processed_time,28
total_processed_time,24
total_processed_time,24
total_processed_time,29
total_processed_time,26
total_processed_time,24
total_processed_time,23
total_processed_time,24
total_processed_time,28
total_processed_time,27
total_processed_time,26
total_processed_time,29
total_processed_time,23
total_processed_time,24
total_processed_time,25
total_processed_time,33
total_processed_time,23
total_processed_time,28
total_processed_time,24
total_processed_time,30
total_processed_time,26
total_processed_time,26
total_processed_time,26
total_processed_time,26
total_processed_time,24
total_processed_time,29
total_processed_time,25
total_processed_time,28
total_processed_time,26
total_processed_time,29
total_processed_time,28
total_processed_time,37
total_processed_time,35
total_processed_time,24
total_processed_time,25
total_processed_time,28
total_processed_time,25
total_processed_time,40
total_processed_time,25
total_processed_time,39
total_processed_time,29
total_processed_time,34
total_processed_time,28
total_processed_time,28
total_processed_time,24
total_processed_time,30
total_processed_time,25
total_processed_time,23
total_processed_time,26
total_processed_time,27
total_processed_time,26
total_processed_time,27
total_processed_time,26
total_processed_time,30
total_processed_time,29
total_processed_time,26
total_processed_time,24
total_processed_time,29
total_processed_time,30
total_processed_time,24
total_processed_time,24
total_processed_time,24
total_processed_time,34
total_processed_time,29
total_processed_time,28
total_processed_time,26
total_processed_time,29
total_processed_time,30
total_processed_time,27
total_processed_time,26
total_processed_time,25
total_processed_time,31
total_processed_time,22
total_processed_time,25
total_processed_time,21
total_processed_time,24
total_processed_time,25
total_processed_time,36
total_processed_time,31
total_processed_time,26
total_processed_time,28
total_processed_time,27
total_processed_time,28
total_processed_time,24
total_processed_time,25
total_processed_time,25
total_processed_time,25
total_processed_time,36
total_processed_time,29
total_processed_time,27
total_processed_time,36
total_processed_time,33
total_processed_time,31
total_processed_time,30
total_processed_time,36
total_processed_time,25
total_processed_time,26
total_processed_time,29
total_processed_time,25
total_processed_time,28
total_processed_time,27
total_processed_time,31
total_processed_time,41
total_processed_time,34
total_processed_time,52
total_processed_time,37
total_processed_time,28
total_processed_time,33
total_processed_time,42
total_processed_time,29
total_processed_time,26
total_processed_time,26
total_processed_time,29
total_processed_time,28
total_processed_time,33
total_processed_time,32
total_processed_time,28
total_processed_time,25
total_processed_time,35
total_processed_time,31
total_processed_time,26
total_processed_time,28
total_processed_time,26
total_processed_time,26
total_processed_time,32
total_processed_time,32
total_processed_time,28
total_processed_time,36
total_processed_time,30
total_processed_time,32
total_processed_time,36
total_processed_time,47
total_processed_time,44
total_processed_time,37
total_processed_time,80
total_processed_time,57
total_processed_time,48
total_processed_time,98
total_processed_time,62
total_processed_time,31
total_processed_time,30
total_processed_time,27
total_processed_time,27
total_processed_time,31
total_processed_time,38
total_processed_time,44
total_processed_time,55
total_processed_time,38
total_processed_time,34
total_processed_time,26
total_processed_time,28
total_processed_time,32
total_processed_time,29
total_processed_time,26
total_processed_time,27
total_processed_time,35
total_processed_time,34
total_processed_time,66
total_processed_time,77
total_processed_time,89
total_processed_time,124
total_processed_time,132
total_processed_time,102
total_processed_time,104
total_processed_time,107
total_processed_time,40
total_processed_time,168
total_processed_time,31
total_processed_time,31
total_processed_time,25
total_processed_time,28
total_processed_time,29
total_processed_time,26
total_processed_time,36
total_processed_time,32
total_processed_time,25
total_processed_time,49
total_processed_time,36
total_processed_time,29
total_processed_time,38
total_processed_time,30
total_processed_time,27
total_processed_time,25
total_processed_time,28
total_processed_time,26
total_processed_time,25
total_processed_time,25
total_processed_time,25
total_processed_time,24
total_processed_time,28
total_processed_time,26
total_processed_time,22
total_processed_time,28
total_processed_time,26
total_processed_time,26
total_processed_time,28
total_processed_time,26
total_processed_time,29
total_processed_time,26
total_processed_time,23
total_processed_time,30
total_processed_time,28
total_processed_time,31
total_processed_time,33
total_processed_time,25
total_processed_time,28
total_processed_time,26
total_processed_time,29
total_processed_time,36
total_processed_time,29
total_processed_time,26
total_processed_time,34
total_processed_time,27
total_processed_time,27
total_processed_time,25
total_processed_time,23
total_processed_time,41
total_processed_time,24
total_processed_time,39
total_processed_time,28
total_processed_time,28
total_processed_time,1152
total_processed_time,1289
total_processed_time,1396
total_processed_time,1481
total_processed_time,1434
total_processed_time,1467
total_processed_time,1484
total_processed_time,1517
total_processed_time,1519
total_processed_time,880
total_processed_time,1547
total_processed_time,1120
total_processed_time,958
total_processed_time,1155
total_processed_time,1088
total_processed_time,1585
total_processed_time,1314
total_processed_time,926
total_processed_time,1244
total_processed_time,1160
total_processed_time,1456
total_processed_time,1454
total_processed_time,1372
total_processed_time,1718
total_processed_time,907
total_processed_time,1734
total_processed_time,1013
total_processed_time,1020
total_processed_time,1255
total_processed_time,1652
total_processed_time,1050
total_processed_time,994
total_processed_time,1171
total_processed_time,1090
total_processed_time,1327
total_processed_time,1214
total_processed_time,1070
total_processed_time,1053
total_processed_time,1148
total_processed_time,1059
total_processed_time,1272
total_processed_time,1295
total_processed_time,2062
total_processed_time,1423
total_processed_time,1313
total_processed_time,1150
total_processed_time,1273
total_processed_time,1075
total_processed_time,1316
total_processed_time,1962
total_processed_time,1148
total_processed_time,1267
total_processed_time,1266
total_processed_time,1280
total_processed_time,1283
total_processed_time,1289
total_processed_time,1207
total_processed_time,1423
total_processed_time,1340
total_processed_time,1281
total_processed_time,1524
total_processed_time,1420
total_processed_time,1208
total_processed_time,1331
total_processed_time,1542
total_processed_time,1436
total_processed_time,1450
total_processed_time,1347
total_processed_time,1725
total_processed_time,1521
total_processed_time,1406
total_processed_time,1572
total_processed_time,1542
total_processed_time,1660
total_processed_time,1136
total_processed_time,1447
total_processed_time,1464
total_processed_time,1358
total_processed_time,1671
total_processed_time,1579
total_processed_time,1482
total_processed_time,1777
total_processed_time,1562
total_processed_time,1586
total_processed_time,1409
total_processed_time,1493
total_processed_time,1312
total_processed_time,1251
total_processed_time,1305
total_processed_time,1622
total_processed_time,1405
total_processed_time,1329
total_processed_time,1311
total_processed_time,1337
total_processed_time,1365
total_processed_time,1607
total_processed_time,1739
total_processed_time,1391
total_processed_time,1492
total_processed_time,1444
total_processed_time,1566
total_processed_time,1948
total_processed_time,1535
total_processed_time,1581
total_processed_time,1600
total_processed_time,1515
total_processed_time,1580
total_processed_time,1545
total_processed_time,2291
total_processed_time,1646
total_processed_time,1608
total_processed_time,1690
total_processed_time,1675
total_processed_time,1571
total_processed_time,1552
total_processed_time,1553
total_processed_time,1595
total_processed_time,1583
total_processed_time,1597
total_processed_time,1644
total_processed_time,1770
total_processed_time,1800
total_processed_time,1866
total_processed_time,1778
total_processed_time,1694
total_processed_time,1772
total_processed_time,1817
total_processed_time,1809
total_processed_time,1827
total_processed_time,2024
total_processed_time,1898
total_processed_time,1895
total_processed_time,2402
total_processed_time,1898
total_processed_time,1953
total_processed_time,1935
total_processed_time,2069
total_processed_time,2050
total_processed_time,1859
total_processed_time,2081
total_processed_time,1359
total_processed_time,1698
total_processed_time,1845
total_processed_time,2098
total_processed_time,2037
total_processed_time,2061
total_processed_time,1928
total_processed_time,1610
total_processed_time,1605
total_processed_time,1519
total_processed_time,2295
total_processed_time,2430
total_processed_time,2420
total_processed_time,763
total_processed_time,924
total_processed_time,1882
total_processed_time,2245
total_processed_time,2347
total_processed_time,720
total_processed_time,2428
total_processed_time,1742
total_processed_time,2572
total_processed_time,960
total_processed_time,1023
total_processed_time,461
total_processed_time,976
total_processed_time,669
total_processed_time,857
total_processed_time,1885
total_processed_time,836
total_processed_time,960
total_processed_time,960
total_processed_time,522
total_processed_time,2667
total_processed_time,2685
total_processed_time,553
total_processed_time,1042
total_processed_time,607
total_processed_time,1196
total_processed_time,2754
total_processed_time,1556
total_processed_time,1344
total_processed_time,710
total_processed_time,696
total_processed_time,1239
total_processed_time,1697
total_processed_time,1220
total_processed_time,724
total_processed_time,835
total_processed_time,741
total_processed_time,1042
total_processed_time,575
total_processed_time,1307
total_processed_time,796
total_processed_time,684
total_processed_time,1141
total_processed_time,1979
total_processed_time,837
total_processed_time,723
total_processed_time,470
total_processed_time,1461
total_processed_time,451
total_processed_time,870
total_processed_time,872
total_processed_time,482
total_processed_time,918
total_processed_time,751
total_processed_time,181
total_processed_time,317
total_processed_time,823
total_processed_time,715
total_processed_time,903
total_processed_time,941
total_processed_time,503
total_processed_time,366
total_processed_time,81
total_processed_time,158
total_processed_time,410
total_processed_time,363
total_processed_time,765
total_processed_time,153
total_processed_time,490
total_processed_time,370
total_processed_time,2361
total_processed_time,491
total_processed_time,185
total_processed_time,281
total_processed_time,34
total_processed_time,326
total_processed_time,581
total_processed_time,172
total_processed_time,47
total_processed_time,64
total_processed_time,120
total_processed_time,40
total_processed_time,81
total_processed_time,25
total_processed_time,23
total_processed_time,32
total_processed_time,27
total_processed_time,86
total_processed_time,40
total_processed_time,26
total_processed_time,25
total_processed_time,19
total_processed_time,28
total_processed_time,28
total_processed_time,32
total_processed_time,28
total_processed_time,25
total_processed_time,26
total_processed_time,29
total_processed_time,20
total_processed_time,34
total_processed_time,26
total_processed_time,20
total_processed_time,31
total_processed_time,115
total_processed_time,145
total_processed_time,175
total_processed_time,62
total_processed_time,104
total_processed_time,128
total_processed_time,134
total_processed_time,101
total_processed_time,125
total_processed_time,31
total_processed_time,33
total_processed_time,49
total_processed_time,37
total_processed_time,33
total_processed_time,33
total_processed_time,26
total_processed_time,24
total_processed_time,41
total_processed_time,35
total_processed_time,41
total_processed_time,31
total_processed_time,26
total_processed_time,28
total_processed_time,30
total_processed_time,21
total_processed_time,29
total_processed_time,24
total_processed_time,22
total_processed_time,34
total_processed_time,25
total_processed_time,20
total_processed_time,34
total_processed_time,31
total_processed_time,26
total_processed_time,24
total_processed_time,28
total_processed_time,21
total_processed_time,27
total_processed_time,27
total_processed_time,25
total_processed_time,32
total_processed_time,36
total_processed_time,32
total_processed_time,22
total_processed_time,21
total_processed_time,34
total_processed_time,39
total_processed_time,30
total_processed_time,22
total_processed_time,34
total_processed_time,37
total_processed_time,29
total_processed_time,24
total_processed_time,28
total_processed_time,29
total_processed_time,24
total_processed_time,29
total_processed_time,25
total_processed_time,30
total_processed_time,30
total_processed_time,31
total_processed_time,20
total_processed_time,25
total_processed_time,28
total_processed_time,27
total_processed_time,25
total_processed_time,30
total_processed_time,26
total_processed_time,25
total_processed_time,23
total_processed_time,22
total_processed_time,25
total_processed_time,24
total_processed_time,26
total_processed_time,22
total_processed_time,30
total_processed_time,39
total_processed_time,37
total_processed_time,28
total_processed_time,43
total_processed_time,59
total_processed_time,28
total_processed_time,25
total_processed_time,27
total_processed_time,37
total_processed_time,31
total_processed_time,42
total_processed_time,26
total_processed_time,28
total_processed_time,31
total_processed_time,23
total_processed_time,37
total_processed_time,31
total_processed_time,30
total_processed_time,36
total_processed_time,203
total_processed_time,320
total_processed_time,216
total_processed_time,97
total_processed_time,242
total_processed_time,253
total_processed_time,51
total_processed_time,122
total_processed_time,143
total_processed_time,164
total_processed_time,44
total_processed_time,81
total_processed_time,63
total_processed_time,527
total_processed_time,520
total_processed_time,285
total_processed_time,517
total_processed_time,270
total_processed_time,471
total_processed_time,193
total_processed_time,403
total_processed_time,322
total_processed_time,310
total_processed_time,243
total_processed_time,339
total_processed_time,201
total_processed_time,182
total_processed_time,294
total_processed_time,254
total_processed_time,285
total_processed_time,183
total_processed_time,53
total_processed_time,68
total_processed_time,74
total_processed_time,42
total_processed_time,147
total_processed_time,132
total_processed_time,84
total_processed_time,96
total_processed_time,175
total_processed_time,70
total_processed_time,86
total_processed_time,67
total_processed_time,61
total_processed_time,62
total_processed_time,158
total_processed_time,72
total_processed_time,87
total_processed_time,68
total_processed_time,70
total_processed_time,79
total_processed_time,52
total_processed_time,37
total_processed_time,57
total_processed_time,62
total_processed_time,43
total_processed_time,34
total_processed_time,50
total_processed_time,57
total_processed_time,55
total_processed_time,57
total_processed_time,55
total_processed_time,75
total_processed_time,106
total_processed_time,119
total_processed_time,106
total_processed_time,107
total_processed_time,90
total_processed_time,171
total_processed_time,83
total_processed_time,87
total_processed_time,80
total_processed_time,101
total_processed_time,110
total_processed_time,121
total_processed_time,61
total_processed_time,102
total_processed_time,71
total_processed_time,61
total_processed_time,49
total_processed_time,41
total_processed_time,55
total_processed_time,85
total_processed_time,49
total_processed_time,40
total_processed_time,36
total_processed_time,26
total_processed_time,35
total_processed_time,40
total_processed_time,29
total_processed_time,23
total_processed_time,42
total_processed_time,42
total_processed_time,36
total_processed_time,29
total_processed_time,27
total_processed_time,30
total_processed_time,35
total_processed_time,35
total_processed_time,81
total_processed_time,39
total_processed_time,20
total_processed_time,34
total_processed_time,30
total_processed_time,39
total_processed_time,30
total_processed_time,94
total_processed_time,47
total_processed_time,68
total_processed_time,46
total_processed_time,91
total_processed_time,28
total_processed_time,39
total_processed_time,39
total_processed_time,26
total_processed_time,23
total_processed_time,25
total_processed_time,22
total_processed_time,20
total_processed_time,27
total_processed_time,31
total_processed_time,25
total_processed_time,37
total_processed_time,31
total_processed_time,30
total_processed_time,31
total_processed_time,24
total_processed_time,21
total_processed_time,44
total_processed_time,27
total_processed_time,23
total_processed_time,22
total_processed_time,34
total_processed_time,22
total_processed_time,23
total_processed_time,44
total_processed_time,35
total_processed_time,34
total_processed_time,37
total_processed_time,37
total_processed_time,37
total_processed_time,32
total_processed_time,29
total_processed_time,25
total_processed_time,29
total_processed_time,33
total_processed_time,32
total_processed_time,25
total_processed_time,21
total_processed_time,26
total_processed_time,26
total_processed_time,26
total_processed_time,33
total_processed_time,39
total_processed_time,30
total_processed_time,31
total_processed_time,25
total_processed_time,21
total_processed_time,23
total_processed_time,32
total_processed_time,35
total_processed_time,27
total_processed_time,35
total_processed_time,42
total_processed_time,34
total_processed_time,28
total_processed_time,25
total_processed_time,32
total_processed_time,30
total_processed_time,41
total_processed_time,25
total_processed_time,21
total_processed_time,29
total_processed_time,24
total_processed_time,36
total_processed_time,29
total_processed_time,22
total_processed_time,28
total_processed_time,108
total_processed_time,21
total_processed_time,27
total_processed_time,23
total_processed_time,30
total_processed_time,39
total_processed_time,43
total_processed_time,37
total_processed_time,40
total_processed_time,28
total_processed_time,28
total_processed_time,29
total_processed_time,25
total_processed_time,30
total_processed_time,24
total_processed_time,26
total_processed_time,30
total_processed_time,32
total_processed_time,20
total_processed_time,78
total_processed_time,21
total_processed_time,30
total_processed_time,22
total_processed_time,27
total_processed_time,33
total_processed_time,38
total_processed_time,25
total_processed_time,28
total_processed_time,27
total_processed_time,32
total_processed_time,47
total_processed_time,65
total_processed_time,101
total_processed_time,92
total_processed_time,54
total_processed_time,253
total_processed_time,538
total_processed_time,608
total_processed_time,603
total_processed_time,714
total_processed_time,573
total_processed_time,539
total_processed_time,353
total_processed_time,191
total_processed_time,487
total_processed_time,416
total_processed_time,235
total_processed_time,262
total_processed_time,297
total_processed_time,283
total_processed_time,302
total_processed_time,309
total_processed_time,236
total_processed_time,545
total_processed_time,417
total_processed_time,122
total_processed_time,155
total_processed_time,147
total_processed_time,90
total_processed_time,102
total_processed_time,107
total_processed_time,59
total_processed_time,75
total_processed_time,75
total_processed_time,87
total_processed_time,160
total_processed_time,116
total_processed_time,162
total_processed_time,70
total_processed_time,56
total_processed_time,45
total_processed_time,65
total_processed_time,71
total_processed_time,92
total_processed_time,73
total_processed_time,146
total_processed_time,218
total_processed_time,156
total_processed_time,162
total_processed_time,128
total_processed_time,126
total_processed_time,163
total_processed_time,107
total_processed_time,131
total_processed_time,115
total_processed_time,49
total_processed_time,317
total_processed_time,56
total_processed_time,86
total_processed_time,54
total_processed_time,85
total_processed_time,86
total_processed_time,75
total_processed_time,50
total_processed_time,39
total_processed_time,54
total_processed_time,109
total_processed_time,86
total_processed_time,72
total_processed_time,76
total_processed_time,52
total_processed_time,99
total_processed_time,82
total_processed_time,63
total_processed_time,67
total_processed_time,51
total_processed_time,48
total_processed_time,49
total_processed_time,38
total_processed_time,44
total_processed_time,73
total_processed_time,35
total_processed_time,85
total_processed_time,35
total_processed_time,26
total_processed_time,34
total_processed_time,38
total_processed_time,31
total_processed_time,31
total_processed_time,31
total_processed_time,28
total_processed_time,39
total_processed_time,41
total_processed_time,36
total_processed_time,29
total_processed_time,26
total_processed_time,30
total_processed_time,32
total_processed_time,35
total_processed_time,35
total_processed_time,36
total_processed_time,30
total_processed_time,34
total_processed_time,29
total_processed_time,27
total_processed_time,28
total_processed_time,26
total_processed_time,34
total_processed_time,37
total_processed_time,28
total_processed_time,26
total_processed_time,26
total_processed_time,23
total_processed_time,26
total_processed_time,30
total_processed_time,26
total_processed_time,26
total_processed_time,25
total_processed_time,35
total_processed_time,37
total_processed_time,36
total_processed_time,32
total_processed_time,31
total_processed_time,37
total_processed_time,24
total_processed_time,33
total_processed_time,33
total_processed_time,32
total_processed_time,26
total_processed_time,32
total_processed_time,39
total_processed_time,33
total_processed_time,24
total_processed_time,26
total_processed_time,25
total_processed_time,32
total_processed_time,40
total_processed_time,35
total_processed_time,26
total_processed_time,27
total_processed_time,31
total_processed_time,27
total_processed_time,81
total_processed_time,50
total_processed_time,115
total_processed_time,35
total_processed_time,82
total_processed_time,30
total_processed_time,29
total_processed_time,25
total_processed_time,30
total_processed_time,29
total_processed_time,30
total_processed_time,28
total_processed_time,32
total_processed_time,26
total_processed_time,29
total_processed_time,28
total_processed_time,30
total_processed_time,30
total_processed_time,29
total_processed_time,29
total_processed_time,36
total_processed_time,28
total_processed_time,24
total_processed_time,27
total_processed_time,30
total_processed_time,29
total_processed_time,28
total_processed_time,30
total_processed_time,28
total_processed_time,28
total_processed_time,25
total_processed_time,28
total_processed_time,30
total_processed_time,29
total_processed_time,29
total_processed_time,26
total_processed_time,28
total_processed_time,33
total_processed_time,27
total_processed_time,29
total_processed_time,25
total_processed_time,24
total_processed_time,25
total_processed_time,32
total_processed_time,29
total_processed_time,29
total_processed_time,29
total_processed_time,26
total_processed_time,26
total_processed_time,42
total_processed_time,34
total_processed_time,43
total_processed_time,32
total_processed_time,28
total_processed_time,30
total_processed_time,30
total_processed_time,30
total_processed_time,27
total_processed_time,30
total_processed_time,38
total_processed_time,25
total_processed_time,35
total_processed_time,30
total_processed_time,33
total_processed_time,34
total_processed_time,28
total_processed_time,31
total_processed_time,34
total_processed_time,40
total_processed_time,36
total_processed_time,28
total_processed_time,34
total_processed_time,28
total_processed_time,30
total_processed_time,25
total_processed_time,32
total_processed_time,41
total_processed_time,37
total_processed_time,35
total_processed_time,35
total_processed_time,26
total_processed_time,30
total_processed_time,27
total_processed_time,26
total_processed_time,28
total_processed_time,42
total_processed_time,40
total_processed_time,49
total_processed_time,52
total_processed_time,33
total_processed_time,33
total_processed_time,29
total_processed_time,27
total_processed_time,38
total_processed_time,29
total_processed_time,36
total_processed_time,29
total_processed_time,28
total_processed_time,34
total_processed_time,27
total_processed_time,33
total_processed_time,27
total_processed_time,22
total_processed_time,32
total_processed_time,30
total_processed_time,26
total_processed_time,33
total_processed_time,26
total_processed_time,32
total_processed_time,27
total_processed_time,28
total_processed_time,29
total_processed_time,26
total_processed_time,29
total_processed_time,27
total_processed_time,37
total_processed_time,28
total_processed_time,32
total_processed_time,30
total_processed_time,28
total_processed_time,27
total_processed_time,25
total_processed_time,24
total_processed_time,31
total_processed_time,26
total_processed_time,32
total_processed_time,28
total_processed_time,27
total_processed_time,29
total_processed_time,35
total_processed_time,47
total_processed_time,39
total_processed_time,27
total_processed_time,30
total_processed_time,25
total_processed_time,26
total_processed_time,30
total_processed_time,34
total_processed_time,40
total_processed_time,29
total_processed_time,28
total_processed_time,29
total_processed_time,30
total_processed_time,29
total_processed_time,27
total_processed_time,26
total_processed_time,26
total_processed_time,26
total_processed_time,33
total_processed_time,25
total_processed_time,33
total_processed_time,34
total_processed_time,26
total_processed_time,31
total_processed_time,25
total_processed_time,25
total_processed_time,26
total_processed_time,27
total_processed_time,32
total_processed_time,34
total_processed_time,24
total_processed_time,27
total_processed_time,28
total_processed_time,24
total_processed_time,25
total_processed_time,38
total_processed_time,31
total_processed_time,29
total_processed_time,26
total_processed_time,37
total_processed_time,27
total_processed_time,31
total_processed_time,27
total_processed_time,29
total_processed_time,29
total_processed_time,32
total_processed_time,25
total_processed_time,28
total_processed_time,30
total_processed_time,31
total_processed_time,37
total_processed_time,35
total_processed_time,27
total_processed_time,26
total_processed_time,33
total_processed_time,26
total_processed_time,28
total_processed_time,29
total_processed_time,27
total_processed_time,28
total_processed_time,30
total_processed_time,35
total_processed_time,28
total_processed_time,29
total_processed_time,31
total_processed_time,30
total_processed_time,27
total_processed_time,28
total_processed_time,26
total_processed_time,31
total_processed_time,115
total_processed_time,108
total_processed_time,89
total_processed_time,122
total_processed_time,39
total_processed_time,55
total_processed_time,37
total_processed_time,34
total_processed_time,91
total_processed_time,26
total_processed_time,35
total_processed_time,32
total_processed_time,29
total_processed_time,31
total_processed_time,31
total_processed_time,25
total_processed_time,27
total_processed_time,40
total_processed_time,37
total_processed_time,27
total_processed_time,26
total_processed_time,29
total_processed_time,23
total_processed_time,29
total_processed_time,31
total_processed_time,35
total_processed_time,30
total_processed_time,29
total_processed_time,30
total_processed_time,28
total_processed_time,27
total_processed_time,30
total_processed_time,41
total_processed_time,35
total_processed_time,26
total_processed_time,28
total_processed_time,42
total_processed_time,42
total_processed_time,31
total_processed_time,38
total_processed_time,27
total_processed_time,52
total_processed_time,30
total_processed_time,38
total_processed_time,26
total_processed_time,33
total_processed_time,31
total_processed_time,38
total_processed_time,36
total_processed_time,37
total_processed_time,36
total_processed_time,28
total_processed_time,35
total_processed_time,34
total_processed_time,29
total_processed_time,27
total_processed_time,27
total_processed_time,27
total_processed_time,32
total_processed_time,47
total_processed_time,40
total_processed_time,27
total_processed_time,29
total_processed_time,39
total_processed_time,30
total_processed_time,32
total_processed_time,31
total_processed_time,28
total_processed_time,32
total_processed_time,47
total_processed_time,24
total_processed_time,31
total_processed_time,125
total_processed_time,49
total_processed_time,289
total_processed_time,91
total_processed_time,100
total_processed_time,124
total_processed_time,145
total_processed_time,164
total_processed_time,77
total_processed_time,192
total_processed_time,197
total_processed_time,110
total_processed_time,83
total_processed_time,38
total_processed_time,30
total_processed_time,45
total_processed_time,24
total_processed_time,34
total_processed_time,26
total_processed_time,24
total_processed_time,28
total_processed_time,34
total_processed_time,23
total_processed_time,25
total_processed_time,29
total_processed_time,28
total_processed_time,29
total_processed_time,26
total_processed_time,22
total_processed_time,25
total_processed_time,34
total_processed_time,33
total_processed_time,33
total_processed_time,25
total_processed_time,23
total_processed_time,28
total_processed_time,28
total_processed_time,24
total_processed_time,27
total_processed_time,27
total_processed_time,28
total_processed_time,30
total_processed_time,34
total_processed_time,31
total_processed_time,25
total_processed_time,24
total_processed_time,24
total_processed_time,32
total_processed_time,31
total_processed_time,28
total_processed_time,24
total_processed_time,27
total_processed_time,27
total_processed_time,33
total_processed_time,30
total_processed_time,32
total_processed_time,24
total_processed_time,27
total_processed_time,30
total_processed_time,27
total_processed_time,24
total_processed_time,24
total_processed_time,27
total_processed_time,25
total_processed_time,22
total_processed_time,25
total_processed_time,30
total_processed_time,27
total_processed_time,28
total_processed_time,26
total_processed_time,27
total_processed_time,27
total_processed_time,23
total_processed_time,25
total_processed_time,26
total_processed_time,25
total_processed_time,24
total_processed_time,27
total_processed_time,24
total_processed_time,27
total_processed_time,26
total_processed_time,28
total_processed_time,32
total_processed_time,30
total_processed_time,30
total_processed_time,28
total_processed_time,27
total_processed_time,28
total_processed_time,27
total_processed_time,40
total_processed_time,38
total_processed_time,36
total_processed_time,26
total_processed_time,43
total_processed_time,56
total_processed_time,37
total_processed_time,24
total_processed_time,29
total_processed_time,32
total_processed_time,34
total_processed_time,23
total_processed_time,26
total_processed_time,28
total_processed_time,24
total_processed_time,50
total_processed_time,28
total_processed_time,27
total_processed_time,26
total_processed_time,34
total_processed_time,31
total_processed_time,30
total_processed_time,32
total_processed_time,24
total_processed_time,23
total_processed_time,32
total_processed_time,27
total_processed_time,24
total_processed_time,29
total_processed_time,26
total_processed_time,122
total_processed_time,128
total_processed_time,40
total_processed_time,41
total_processed_time,36
total_processed_time,31
total_processed_time,25
total_processed_time,27
total_processed_time,29
total_processed_time,28
total_processed_time,25
total_processed_time,28
total_processed_time,29
total_processed_time,29
total_processed_time,24
total_processed_time,29
total_processed_time,27
total_processed_time,26
total_processed_time,34
total_processed_time,36
total_processed_time,42
total_processed_time,52
total_processed_time,42
total_processed_time,71
total_processed_time,29
total_processed_time,28
total_processed_time,25
total_processed_time,23
total_processed_time,32
total_processed_time,27
total_processed_time,27
total_processed_time,25
total_processed_time,25
total_processed_time,25
total_processed_time,26
total_processed_time,23
total_processed_time,28
total_processed_time,29
total_processed_time,28
total_processed_time,26
total_processed_time,26
total_processed_time,33
total_processed_time,30
total_processed_time,30
total_processed_time,33
total_processed_time,31
total_processed_time,31
total_processed_time,26
total_processed_time,25
total_processed_time,26
total_processed_time,27
total_processed_time,28
total_processed_time,25
total_processed_time,27
total_processed_time,23
total_processed_time,27
total_processed_time,26
total_processed_time,26
total_processed_time,26
total_processed_time,28
total_processed_time,29
total_processed_time,30
total_processed_time,35
total_processed_time,32
total_processed_time,31
total_processed_time,25
total_processed_time,8076
total_processed_time,1061
total_processed_time,923
total_processed_time,827
total_processed_time,951
total_processed_time,1109
total_processed_time,1207
total_processed_time,1091
total_processed_time,1098
total_processed_time,911
total_processed_time,1012
total_processed_time,1128
total_processed_time,1224
total_processed_time,1195
total_processed_time,1213
total_processed_time,1169
total_processed_time,1235
total_processed_time,1081
total_processed_time,1285
total_processed_time,1217
total_processed_time,1067
total_processed_time,1253
total_processed_time,1404
total_processed_time,1314
total_processed_time,974
total_processed_time,999
total_processed_time,1303
total_processed_time,1135
total_processed_time,1478
total_processed_time,1258
total_processed_time,1514
total_processed_time,976
total_processed_time,1397
total_processed_time,1352
total_processed_time,1361
total_processed_time,1138
total_processed_time,1145
total_processed_time,1146
total_processed_time,1156
total_processed_time,1261
total_processed_time,1176
total_processed_time,1386
total_processed_time,1081
total_processed_time,1160
total_processed_time,1129
total_processed_time,1350
total_processed_time,1131
total_processed_time,1153
total_processed_time,1200
total_processed_time,1200
total_processed_time,1320
total_processed_time,1206
total_processed_time,1118
total_processed_time,1199
total_processed_time,1270
total_processed_time,1221
total_processed_time,1263
total_processed_time,1230
total_processed_time,1157
total_processed_time,1244
total_processed_time,1277
total_processed_time,1304
total_processed_time,1240
total_processed_time,1264
total_processed_time,1348
total_processed_time,1247
total_processed_time,1300
total_processed_time,1645
total_processed_time,1562
total_processed_time,1150
total_processed_time,1376
total_processed_time,1390
total_processed_time,1352
total_processed_time,1555
total_processed_time,1437
total_processed_time,1570
total_processed_time,1521
total_processed_time,1600
total_processed_time,1482
total_processed_time,1706
total_processed_time,1290
total_processed_time,1662
total_processed_time,1323
total_processed_time,1337
total_processed_time,1531
total_processed_time,1595
total_processed_time,1275
total_processed_time,1315
total_processed_time,1634
total_processed_time,1451
total_processed_time,1492
total_processed_time,1352
total_processed_time,1817
total_processed_time,1761
total_processed_time,1314
total_processed_time,1317
total_processed_time,1307
total_processed_time,1374
total_processed_time,1325
total_processed_time,1907
total_processed_time,1353
total_processed_time,1507
total_processed_time,1888
total_processed_time,1900
total_processed_time,1448
total_processed_time,1459
total_processed_time,1475
total_processed_time,1574
total_processed_time,1490
total_processed_time,1607
total_processed_time,1765
total_processed_time,1609
total_processed_time,1604
total_processed_time,869
total_processed_time,1656
total_processed_time,1637
total_processed_time,1572
total_processed_time,1298
total_processed_time,2102
total_processed_time,1712
total_processed_time,1597
total_processed_time,1493
total_processed_time,1253
total_processed_time,1736
total_processed_time,1748
total_processed_time,1136
total_processed_time,1753
total_processed_time,1820
total_processed_time,1790
total_processed_time,1837
total_processed_time,1559
total_processed_time,855
total_processed_time,1975
total_processed_time,1907
total_processed_time,803
total_processed_time,1743
total_processed_time,617
total_processed_time,668
total_processed_time,596
total_processed_time,731
total_processed_time,975
total_processed_time,1965
total_processed_time,697
total_processed_time,655
total_processed_time,422
total_processed_time,682
total_processed_time,651
total_processed_time,2048
total_processed_time,990
total_processed_time,877
total_processed_time,614
total_processed_time,300
total_processed_time,674
total_processed_time,383
total_processed_time,627
total_processed_time,496
total_processed_time,1069
total_processed_time,92
total_processed_time,663
total_processed_time,288
total_processed_time,241
total_processed_time,773
total_processed_time,198
total_processed_time,605
total_processed_time,155
total_processed_time,1595
total_processed_time,247
total_processed_time,278
total_processed_time,214
total_processed_time,832
total_processed_time,477
total_processed_time,507
total_processed_time,558
total_processed_time,119
total_processed_time,100
total_processed_time,113
total_processed_time,27
total_processed_time,28
total_processed_time,39
total_processed_time,32
total_processed_time,31
total_processed_time,32
total_processed_time,35
total_processed_time,33
total_processed_time,27
total_processed_time,34
total_processed_time,30
total_processed_time,31
total_processed_time,33
total_processed_time,21
total_processed_time,26
total_processed_time,31
total_processed_time,28
total_processed_time,26
total_processed_time,33
total_processed_time,26
total_processed_time,24
total_processed_time,35
total_processed_time,23
total_processed_time,78
total_processed_time,41
total_processed_time,44
total_processed_time,30
total_processed_time,27
total_processed_time,21
total_processed_time,32
total_processed_time,30
total_processed_time,31
total_processed_time,30
total_processed_time,24
total_processed_time,25
total_processed_time,25
total_processed_time,33
total_processed_time,37
total_processed_time,27
total_processed_time,23
total_processed_time,32
total_processed_time,28
total_processed_time,26
total_processed_time,29
total_processed_time,33
total_processed_time,27
total_processed_time,28
total_processed_time,58
total_processed_time,24
total_processed_time,72
total_processed_time,74
total_processed_time,68
total_processed_time,47
total_processed_time,41
total_processed_time,36
total_processed_time,29
total_processed_time,26
total_processed_time,30
total_processed_time,36
total_processed_time,40
total_processed_time,26
total_processed_time,30
total_processed_time,33
total_processed_time,33
total_processed_time,40
total_processed_time,38
total_processed_time,29
total_processed_time,26
total_processed_time,31
total_processed_time,39
total_processed_time,32
total_processed_time,34
total_processed_time,32
total_processed_time,34
total_processed_time,22
total_processed_time,22
total_processed_time,38
total_processed_time,35
total_processed_time,29
total_processed_time,25
total_processed_time,24
total_processed_time,25
total_processed_time,27
total_processed_time,29
total_processed_time,40
total_processed_time,41
total_processed_time,27
total_processed_time,22
total_processed_time,25
total_processed_time,28
total_processed_time,25
total_processed_time,27
total_processed_time,20
total_processed_time,19
total_processed_time,25
total_processed_time,28
total_processed_time,27
total_processed_time,25
total_processed_time,30
total_processed_time,25
total_processed_time,28
total_processed_time,42
total_processed_time,38
total_processed_time,56
total_processed_time,51
total_processed_time,32
total_processed_time,34
total_processed_time,34
total_processed_time,28
total_processed_time,30
total_processed_time,27
total_processed_time,25
total_processed_time,30
total_processed_time,35
total_processed_time,34
total_processed_time,31
total_processed_time,28
total_processed_time,29
total_processed_time,26
total_processed_time,32
total_processed_time,26
total_processed_time,20
total_processed_time,28
total_processed_time,23
total_processed_time,28
total_processed_time,35
total_processed_time,33
total_processed_time,26
total_processed_time,36
total_processed_time,27
total_processed_time,59
total_processed_time,54
total_processed_time,70
total_processed_time,43
total_processed_time,63
total_processed_time,81
total_processed_time,73
total_processed_time,66
total_processed_time,181
total_processed_time,59
total_processed_time,217
total_processed_time,306
total_processed_time,92
total_processed_time,196
total_processed_time,248
total_processed_time,199
total_processed_time,228
total_processed_time,86
total_processed_time,507
total_processed_time,142
total_processed_time,68
total_processed_time,73
total_processed_time,57
total_processed_time,60
total_processed_time,65
total_processed_time,55
total_processed_time,47
total_processed_time,51
total_processed_time,79
total_processed_time,103
total_processed_time,61
total_processed_time,58
total_processed_time,67
total_processed_time,46
total_processed_time,70
total_processed_time,36
total_processed_time,64
total_processed_time,71
total_processed_time,86
total_processed_time,87
total_processed_time,90
total_processed_time,95
total_processed_time,146
total_processed_time,79
total_processed_time,89
total_processed_time,113
total_processed_time,181
total_processed_time,146
total_processed_time,89
total_processed_time,116
total_processed_time,88
total_processed_time,133
total_processed_time,113
total_processed_time,139
total_processed_time,86
total_processed_time,100
total_processed_time,81
total_processed_time,100
total_processed_time,158
total_processed_time,87
total_processed_time,60
total_processed_time,150
total_processed_time,48
total_processed_time,49
total_processed_time,42
total_processed_time,30
total_processed_time,25
total_processed_time,33
total_processed_time,29
total_processed_time,27
total_processed_time,33
total_processed_time,26
total_processed_time,30
total_processed_time,32
total_processed_time,30
total_processed_time,28
total_processed_time,35
total_processed_time,27
total_processed_time,30
total_processed_time,27
total_processed_time,30
total_processed_time,30
total_processed_time,39
total_processed_time,30
total_processed_time,22
total_processed_time,30
total_processed_time,32
total_processed_time,26
total_processed_time,36
total_processed_time,27
total_processed_time,22
total_processed_time,35
total_processed_time,33
total_processed_time,28
total_processed_time,20
total_processed_time,20
total_processed_time,35
total_processed_time,29
total_processed_time,26
total_processed_time,22
total_processed_time,28
total_processed_time,23
total_processed_time,32
total_processed_time,34
total_processed_time,24
total_processed_time,26
total_processed_time,28
total_processed_time,31
total_processed_time,23
total_processed_time,23
total_processed_time,24
total_processed_time,31
total_processed_time,26
total_processed_time,21
total_processed_time,25
total_processed_time,32
total_processed_time,23
total_processed_time,35
total_processed_time,35
total_processed_time,27
total_processed_time,26
total_processed_time,20
total_processed_time,29
total_processed_time,43
total_processed_time,26
total_processed_time,40
total_processed_time,43
total_processed_time,39
total_processed_time,33
total_processed_time,29
total_processed_time,31
total_processed_time,25
total_processed_time,39
total_processed_time,30
total_processed_time,24
total_processed_time,33
total_processed_time,33
total_processed_time,30
total_processed_time,35
total_processed_time,26
total_processed_time,35
total_processed_time,79
total_processed_time,26
total_processed_time,22
total_processed_time,32
total_processed_time,39
total_processed_time,51
total_processed_time,44
total_processed_time,27
total_processed_time,31
total_processed_time,27
total_processed_time,23
total_processed_time,29
total_processed_time,28
total_processed_time,33
total_processed_time,26
total_processed_time,27
total_processed_time,37
total_processed_time,32
total_processed_time,30
total_processed_time,26
total_processed_time,30
total_processed_time,24
total_processed_time,26
total_processed_time,33
total_processed_time,29
total_processed_time,23
total_processed_time,24
total_processed_time,25
total_processed_time,40
total_processed_time,37
total_processed_time,36
total_processed_time,23
total_processed_time,25
total_processed_time,28
total_processed_time,20
total_processed_time,23
total_processed_time,20
total_processed_time,27
total_processed_time,38
total_processed_time,39
total_processed_time,34
total_processed_time,36
total_processed_time,32
total_processed_time,38
total_processed_time,35
total_processed_time,51
total_processed_time,28
total_processed_time,73
total_processed_time,22
total_processed_time,29
total_processed_time,31
total_processed_time,25
total_processed_time,23
total_processed_time,29
total_processed_time,25
total_processed_time,33
total_processed_time,26
total_processed_time,28
total_processed_time,22
total_processed_time,34
total_processed_time,63
total_processed_time,121
total_processed_time,183
total_processed_time,224
total_processed_time,221
total_processed_time,225
total_processed_time,158
total_processed_time,510
total_processed_time,281
total_processed_time,317
total_processed_time,167
total_processed_time,357
total_processed_time,329
total_processed_time,203
total_processed_time,239
total_processed_time,231
total_processed_time,445
total_processed_time,184
total_processed_time,308
total_processed_time,302
total_processed_time,344
total_processed_time,311
total_processed_time,258
total_processed_time,110
total_processed_time,44
total_processed_time,38
total_processed_time,130
total_processed_time,118
total_processed_time,73
total_processed_time,65
total_processed_time,51
total_processed_time,52
total_processed_time,46
total_processed_time,40
total_processed_time,34
total_processed_time,90
total_processed_time,59
total_processed_time,80
total_processed_time,82
total_processed_time,117
total_processed_time,98
total_processed_time,64
total_processed_time,64
total_processed_time,119
total_processed_time,117
total_processed_time,111
total_processed_time,46
total_processed_time,55
total_processed_time,146
total_processed_time,145
total_processed_time,43
total_processed_time,105
total_processed_time,184
total_processed_time,104
total_processed_time,58
total_processed_time,50
total_processed_time,113
total_processed_time,57
total_processed_time,60
total_processed_time,56
total_processed_time,41
total_processed_time,35
total_processed_time,27
total_processed_time,25
total_processed_time,53
total_processed_time,54
total_processed_time,52
total_processed_time,28
total_processed_time,32
total_processed_time,28
total_processed_time,27
total_processed_time,31
total_processed_time,26
total_processed_time,28
total_processed_time,24
total_processed_time,31
total_processed_time,29
total_processed_time,34
total_processed_time,27
total_processed_time,29
total_processed_time,27
total_processed_time,25
total_processed_time,27
total_processed_time,30
total_processed_time,34
total_processed_time,27
total_processed_time,24
total_processed_time,25
total_processed_time,30
total_processed_time,29
total_processed_time,32
total_processed_time,26
total_processed_time,24
total_processed_time,44
total_processed_time,33
total_processed_time,27
total_processed_time,27
total_processed_time,30
total_processed_time,30
total_processed_time,36
total_processed_time,31
total_processed_time,27
total_processed_time,31
total_processed_time,27
total_processed_time,27
total_processed_time,26
total_processed_time,24
total_processed_time,26
total_processed_time,58
total_processed_time,77
total_processed_time,74
total_processed_time,41
total_processed_time,32
total_processed_time,24
total_processed_time,23
total_processed_time,32
total_processed_time,27
total_processed_time,27
total_processed_time,26
total_processed_time,26
total_processed_time,27
total_processed_time,29
total_processed_time,26
total_processed_time,29
total_processed_time,32
total_processed_time,33
total_processed_time,30
total_processed_time,25
total_processed_time,25
total_processed_time,29
total_processed_time,30
total_processed_time,26
total_processed_time,25
total_processed_time,32
total_processed_time,29
total_processed_time,28
total_processed_time,26
total_processed_time,25
total_processed_time,28
total_processed_time,26
total_processed_time,29
total_processed_time,28
total_processed_time,26
total_processed_time,31
total_processed_time,27
total_processed_time,27
total_processed_time,24
total_processed_time,26
total_processed_time,28
total_processed_time,35
total_processed_time,31
total_processed_time,29
total_processed_time,28
total_processed_time,25
total_processed_time,29
total_processed_time,29
total_processed_time,30
total_processed_time,26
total_processed_time,24
total_processed_time,23
total_processed_time,35
total_processed_time,37
total_processed_time,34
total_processed_time,26
total_processed_time,30
total_processed_time,25
total_processed_time,26
total_processed_time,25
total_processed_time,31
total_processed_time,35
total_processed_time,25
total_processed_time,27
total_processed_time,27
total_processed_time,30
total_processed_time,84
total_processed_time,58
total_processed_time,89
total_processed_time,74
total_processed_time,38
total_processed_time,28
total_processed_time,27
total_processed_time,35
total_processed_time,25
total_processed_time,31
total_processed_time,26
total_processed_time,29
total_processed_time,37
total_processed_time,27
total_processed_time,32
total_processed_time,28
total_processed_time,30
total_processed_time,24
