processed_time,1173
processed_time,1284
processed_time,1440
processed_time,1440
processed_time,1534
processed_time,1259
processed_time,1401
processed_time,1331
processed_time,1360
processed_time,1495
processed_time,1270
processed_time,1588
processed_time,1806
processed_time,1639
processed_time,1840
processed_time,1660
processed_time,1422
processed_time,1751
processed_time,1446
processed_time,1482
processed_time,2000
processed_time,1942
processed_time,818
processed_time,2039
processed_time,1554
processed_time,1588
processed_time,1186
processed_time,1644
processed_time,1932
processed_time,1988
processed_time,2235
processed_time,1267
processed_time,1290
processed_time,1690
processed_time,1325
processed_time,1033
processed_time,1846
processed_time,1092
processed_time,1398
processed_time,924
processed_time,974
processed_time,932
processed_time,1070
processed_time,1492
processed_time,771
processed_time,605
processed_time,691
processed_time,907
processed_time,740
processed_time,827
processed_time,816
processed_time,1228
processed_time,575
processed_time,1600
processed_time,787
processed_time,584
processed_time,714
processed_time,921
processed_time,538
processed_time,553
processed_time,645
processed_time,750
processed_time,1242
processed_time,678
processed_time,309
processed_time,722
processed_time,1364
processed_time,381
processed_time,776
processed_time,946
processed_time,396
processed_time,248
processed_time,686
processed_time,1340
processed_time,417
processed_time,734
processed_time,233
processed_time,306
processed_time,97
processed_time,588
processed_time,950
processed_time,775
processed_time,485
processed_time,52
processed_time,367
processed_time,706
processed_time,161
processed_time,173
processed_time,100
processed_time,122
processed_time,99
processed_time,46
processed_time,45
processed_time,39
processed_time,71
processed_time,62
processed_time,44
processed_time,34
processed_time,40
processed_time,50
processed_time,36
processed_time,35
processed_time,29
processed_time,28
processed_time,38
processed_time,134
processed_time,151
processed_time,115
processed_time,120
processed_time,106
processed_time,136
processed_time,82
processed_time,54
processed_time,85
processed_time,181
processed_time,223
processed_time,79
processed_time,43
processed_time,39
processed_time,45
processed_time,39
processed_time,77
processed_time,44
processed_time,34
processed_time,34
processed_time,27
processed_time,41
processed_time,31
processed_time,41
processed_time,30
processed_time,34
processed_time,30
processed_time,33
processed_time,29
processed_time,35
processed_time,33
processed_time,38
processed_time,43
processed_time,36
processed_time,29
processed_time,27
processed_time,27
processed_time,33
processed_time,32
processed_time,30
processed_time,33
processed_time,33
processed_time,30
processed_time,157
processed_time,68
processed_time,83
processed_time,112
processed_time,128
processed_time,84
processed_time,59
processed_time,105
processed_time,124
processed_time,151
processed_time,158
processed_time,148
processed_time,131
processed_time,127
processed_time,135
processed_time,190
processed_time,152
processed_time,118
processed_time,155
processed_time,59
processed_time,59
processed_time,155
processed_time,50
processed_time,75
processed_time,51
processed_time,38
processed_time,87
processed_time,61
processed_time,32
processed_time,29
processed_time,31
processed_time,30
processed_time,37
processed_time,60
processed_time,40
processed_time,34
processed_time,27
processed_time,52
processed_time,46
processed_time,77
processed_time,103
processed_time,88
processed_time,123
processed_time,56
processed_time,93
processed_time,155
processed_time,46
processed_time,139
processed_time,41
processed_time,38
processed_time,38
processed_time,33
processed_time,28
processed_time,23
processed_time,46
processed_time,38
processed_time,80
processed_time,30
processed_time,24
processed_time,36
processed_time,40
processed_time,38
processed_time,38
processed_time,49
processed_time,44
processed_time,143
processed_time,69
processed_time,75
processed_time,95
processed_time,75
processed_time,69
processed_time,64
processed_time,60
processed_time,89
processed_time,35
processed_time,36
processed_time,52
processed_time,33
processed_time,27
processed_time,40
processed_time,32
processed_time,28
processed_time,47
processed_time,27
processed_time,57
processed_time,34
processed_time,40
processed_time,40
processed_time,28
processed_time,29
processed_time,41
processed_time,22
processed_time,55
processed_time,41
processed_time,40
processed_time,34
processed_time,28
processed_time,36
processed_time,36
processed_time,25
processed_time,30
processed_time,36
processed_time,40
processed_time,34
processed_time,28
processed_time,32
processed_time,32
processed_time,30
processed_time,30
processed_time,29
processed_time,40
processed_time,32
processed_time,50
processed_time,49
processed_time,733
processed_time,795
processed_time,851
processed_time,312
processed_time,743
processed_time,580
processed_time,748
processed_time,434
processed_time,505
processed_time,517
processed_time,396
processed_time,528
processed_time,403
processed_time,422
processed_time,323
processed_time,357
processed_time,141
processed_time,609
processed_time,192
processed_time,409
processed_time,268
processed_time,258
processed_time,179
processed_time,83
processed_time,71
processed_time,196
processed_time,64
processed_time,74
processed_time,103
processed_time,72
processed_time,89
processed_time,68
processed_time,87
processed_time,87
processed_time,154
processed_time,117
processed_time,128
processed_time,84
processed_time,139
processed_time,91
processed_time,58
processed_time,115
processed_time,103
processed_time,146
processed_time,108
processed_time,147
processed_time,174
processed_time,116
processed_time,94
processed_time,71
processed_time,69
processed_time,153
processed_time,150
processed_time,93
processed_time,152
processed_time,149
processed_time,90
processed_time,104
processed_time,176
processed_time,69
processed_time,196
processed_time,107
processed_time,121
processed_time,86
processed_time,161
processed_time,62
processed_time,124
processed_time,88
processed_time,99
processed_time,82
processed_time,103
processed_time,319
processed_time,317
processed_time,156
processed_time,141
processed_time,177
processed_time,273
processed_time,215
processed_time,162
processed_time,120
processed_time,154
processed_time,203
processed_time,325
processed_time,277
processed_time,266
processed_time,262
processed_time,334
processed_time,291
processed_time,240
processed_time,149
processed_time,111
processed_time,156
processed_time,201
processed_time,126
processed_time,72
processed_time,67
processed_time,50
processed_time,70
processed_time,52
processed_time,106
processed_time,81
processed_time,134
processed_time,125
processed_time,108
processed_time,87
processed_time,116
processed_time,112
processed_time,72
processed_time,59
processed_time,36
processed_time,85
processed_time,36
processed_time,33
processed_time,36
processed_time,45
processed_time,39
processed_time,35
processed_time,32
processed_time,25
processed_time,28
processed_time,26
processed_time,43
processed_time,34
processed_time,55
processed_time,33
processed_time,26
processed_time,44
processed_time,39
processed_time,38
processed_time,38
processed_time,47
processed_time,37
processed_time,55
processed_time,54
processed_time,46
processed_time,82
processed_time,43
processed_time,73
processed_time,29
processed_time,33
processed_time,49
processed_time,102
processed_time,39
processed_time,36
processed_time,42
processed_time,42
processed_time,40
processed_time,33
processed_time,34
processed_time,34
processed_time,46
processed_time,45
processed_time,36
processed_time,38
processed_time,35
processed_time,30
processed_time,25
processed_time,34
processed_time,75
processed_time,58
processed_time,59
processed_time,37
processed_time,32
processed_time,49
processed_time,40
processed_time,41
processed_time,32
processed_time,36
processed_time,33
processed_time,39
processed_time,42
processed_time,36
processed_time,66
processed_time,56
processed_time,129
processed_time,55
processed_time,87
processed_time,45
processed_time,37
processed_time,40
processed_time,57
processed_time,37
processed_time,37
processed_time,35
processed_time,43
processed_time,39
processed_time,38
processed_time,28
processed_time,34
processed_time,37
processed_time,43
processed_time,42
processed_time,109
processed_time,126
processed_time,115
processed_time,167
processed_time,150
processed_time,246
processed_time,154
processed_time,309
processed_time,236
processed_time,220
processed_time,231
processed_time,180
processed_time,119
processed_time,194
processed_time,132
processed_time,67
processed_time,65
processed_time,64
processed_time,280
processed_time,52
processed_time,142
processed_time,178
processed_time,193
processed_time,225
processed_time,214
processed_time,124
processed_time,220
processed_time,249
processed_time,257
processed_time,186
processed_time,79
processed_time,133
processed_time,96
processed_time,25
processed_time,98
processed_time,143
processed_time,58
processed_time,58
processed_time,51
processed_time,48
processed_time,51
processed_time,48
processed_time,68
processed_time,46
processed_time,54
processed_time,78
processed_time,56
processed_time,265
processed_time,138
processed_time,171
processed_time,212
processed_time,166
processed_time,243
processed_time,107
processed_time,176
processed_time,108
processed_time,225
processed_time,167
processed_time,176
processed_time,120
processed_time,208
processed_time,219
processed_time,168
processed_time,49
processed_time,48
processed_time,64
processed_time,44
processed_time,77
processed_time,37
processed_time,98
processed_time,91
processed_time,104
processed_time,48
processed_time,45
processed_time,41
processed_time,48
processed_time,36
processed_time,38
processed_time,38
processed_time,40
processed_time,33
processed_time,39
processed_time,138
processed_time,112
processed_time,156
processed_time,182
processed_time,65
processed_time,113
processed_time,42
processed_time,108
processed_time,53
processed_time,47
processed_time,44
processed_time,40
processed_time,37
processed_time,35
processed_time,37
processed_time,40
processed_time,34
processed_time,41
processed_time,38
processed_time,30
processed_time,33
processed_time,29
processed_time,36
processed_time,33
processed_time,32
processed_time,36
processed_time,38
processed_time,31
processed_time,32
processed_time,30
processed_time,37
processed_time,31
processed_time,38
processed_time,40
processed_time,29
processed_time,41
processed_time,66
processed_time,41
processed_time,68
processed_time,52
processed_time,61
processed_time,74
processed_time,49
processed_time,42
processed_time,42
processed_time,68
processed_time,114
processed_time,122
processed_time,71
processed_time,30
processed_time,62
processed_time,74
processed_time,69
processed_time,130
processed_time,56
processed_time,43
processed_time,58
processed_time,44
processed_time,42
processed_time,38
processed_time,46
processed_time,45
processed_time,46
processed_time,44
processed_time,40
processed_time,36
processed_time,35
processed_time,28
processed_time,118
processed_time,87
processed_time,137
processed_time,42
processed_time,41
processed_time,34
processed_time,53
processed_time,41
processed_time,44
processed_time,103
processed_time,121
processed_time,162
processed_time,243
processed_time,188
processed_time,193
processed_time,238
processed_time,105
processed_time,129
processed_time,145
processed_time,66
processed_time,63
processed_time,73
processed_time,113
processed_time,79
processed_time,51
processed_time,109
processed_time,79
processed_time,140
processed_time,44
processed_time,38
processed_time,55
processed_time,59
processed_time,81
processed_time,162
processed_time,137
processed_time,111
processed_time,169
processed_time,258
processed_time,133
processed_time,172
processed_time,167
processed_time,63
processed_time,100
processed_time,51
processed_time,51
processed_time,54
processed_time,53
processed_time,44
processed_time,43
processed_time,93
processed_time,98
processed_time,111
processed_time,103
processed_time,194
processed_time,157
processed_time,190
processed_time,144
processed_time,106
processed_time,81
processed_time,63
processed_time,68
processed_time,61
processed_time,53
processed_time,54
processed_time,49
processed_time,42
processed_time,93
processed_time,80
processed_time,134
processed_time,66
processed_time,101
processed_time,65
processed_time,115
processed_time,81
processed_time,51
processed_time,67
processed_time,47
processed_time,43
processed_time,62
processed_time,96
processed_time,53
processed_time,174
processed_time,301
processed_time,364
processed_time,189
processed_time,203
processed_time,306
processed_time,232
processed_time,97
processed_time,164
processed_time,120
processed_time,200
processed_time,118
processed_time,228
processed_time,161
processed_time,183
processed_time,159
processed_time,118
processed_time,65
processed_time,96
processed_time,220
processed_time,331
processed_time,192
processed_time,284
processed_time,242
processed_time,356
processed_time,285
processed_time,309
processed_time,307
processed_time,207
processed_time,134
processed_time,348
processed_time,70
processed_time,81
processed_time,110
processed_time,284
processed_time,104
processed_time,59
processed_time,55
processed_time,48
processed_time,44
processed_time,67
processed_time,71
processed_time,35
processed_time,64
processed_time,63
processed_time,50
processed_time,59
processed_time,105
processed_time,56
processed_time,38
processed_time,82
processed_time,49
processed_time,51
processed_time,32
processed_time,42
processed_time,46
processed_time,41
processed_time,51
processed_time,43
processed_time,44
processed_time,82
processed_time,59
processed_time,119
processed_time,82
processed_time,61
processed_time,148
processed_time,95
processed_time,39
processed_time,50
processed_time,40
processed_time,46
processed_time,31
processed_time,27
processed_time,37
processed_time,41
processed_time,27
processed_time,41
processed_time,66
processed_time,113
processed_time,138
processed_time,207
processed_time,208
processed_time,187
processed_time,276
processed_time,267
processed_time,258
processed_time,246
processed_time,223
processed_time,131
processed_time,52
processed_time,86
processed_time,102
processed_time,105
processed_time,52
processed_time,45
processed_time,35
processed_time,35
processed_time,36
processed_time,42
processed_time,55
processed_time,52
processed_time,34
processed_time,67
processed_time,58
processed_time,62
processed_time,56
processed_time,65
processed_time,56
processed_time,238
processed_time,341
processed_time,339
processed_time,109
processed_time,138
processed_time,124
processed_time,132
processed_time,179
processed_time,210
processed_time,117
processed_time,191
processed_time,131
processed_time,163
processed_time,73
processed_time,51
processed_time,53
processed_time,37
processed_time,37
processed_time,34
processed_time,44
processed_time,29
processed_time,46
processed_time,76
processed_time,57
processed_time,28
processed_time,29
processed_time,34
processed_time,37
processed_time,30
processed_time,57
processed_time,45
processed_time,34
processed_time,35
processed_time,33
processed_time,36
processed_time,63
processed_time,60
processed_time,107
processed_time,91
processed_time,36
processed_time,42
processed_time,314
processed_time,223
processed_time,674
processed_time,1122
processed_time,1142
processed_time,1107
processed_time,309
processed_time,145
processed_time,1224
processed_time,195
processed_time,1004
processed_time,217
processed_time,383
processed_time,300
processed_time,643
processed_time,1002
processed_time,614
processed_time,1686
processed_time,669
processed_time,216
processed_time,625
processed_time,342
processed_time,486
processed_time,798
processed_time,332
processed_time,829
processed_time,202
processed_time,401
processed_time,156
processed_time,186
processed_time,235
processed_time,235
processed_time,230
processed_time,209
processed_time,224
processed_time,290
processed_time,225
processed_time,254
processed_time,135
processed_time,238
processed_time,118
processed_time,121
processed_time,95
processed_time,115
processed_time,75
processed_time,145
processed_time,434
processed_time,478
processed_time,439
processed_time,737
processed_time,628
processed_time,614
processed_time,715
processed_time,677
processed_time,433
processed_time,624
processed_time,633
processed_time,456
processed_time,388
processed_time,620
processed_time,455
processed_time,419
processed_time,436
processed_time,498
processed_time,568
processed_time,651
processed_time,781
processed_time,726
processed_time,731
processed_time,889
processed_time,966
processed_time,914
processed_time,949
processed_time,852
processed_time,726
processed_time,743
processed_time,1122
processed_time,1296
processed_time,855
processed_time,837
processed_time,1050
processed_time,1037
processed_time,1166
processed_time,1245
processed_time,1256
processed_time,1531
processed_time,653
processed_time,970
processed_time,973
processed_time,850
processed_time,753
processed_time,1111
processed_time,1035
processed_time,442
processed_time,1062
processed_time,1221
processed_time,2336
processed_time,1969
processed_time,10745
processed_time,10834
processed_time,11000
processed_time,11088
processed_time,10776
processed_time,10809
processed_time,10823
processed_time,10788
processed_time,10810
processed_time,10778
processed_time,2415
processed_time,2346
processed_time,1613
processed_time,2103
processed_time,1870
processed_time,2032
processed_time,3162
processed_time,3094
processed_time,1614
processed_time,3221
processed_time,3156
processed_time,2391
processed_time,3188
processed_time,2339
processed_time,2273
processed_time,2071
processed_time,2199
processed_time,2582
processed_time,2630
processed_time,2002
processed_time,2458
processed_time,1986
processed_time,1831
processed_time,2315
processed_time,2268
processed_time,2055
processed_time,2282
processed_time,2182
processed_time,2787
processed_time,2220
processed_time,2233
processed_time,1648
processed_time,2175
processed_time,2946
processed_time,1678
processed_time,2583
processed_time,2278
processed_time,3637
processed_time,1743
processed_time,1735
processed_time,1770
processed_time,2585
processed_time,1785
processed_time,1776
processed_time,1750
processed_time,2795
processed_time,2162
processed_time,1826
processed_time,1816
processed_time,3744
processed_time,1819
processed_time,1823
processed_time,1859
processed_time,1772
processed_time,1775
processed_time,1758
processed_time,1765
processed_time,1793
processed_time,1780
processed_time,1787
processed_time,1792
processed_time,1830
processed_time,1821
processed_time,1820
processed_time,1830
processed_time,1876
processed_time,1945
processed_time,2330
processed_time,2338
processed_time,2429
processed_time,2394
processed_time,2512
processed_time,2480
processed_time,2577
processed_time,2538
processed_time,2546
processed_time,2569
processed_time,2588
processed_time,2595
processed_time,2609
processed_time,2597
processed_time,2649
processed_time,2657
processed_time,2663
processed_time,2709
processed_time,2728
processed_time,2738
processed_time,2794
processed_time,2815
processed_time,2808
processed_time,2828
processed_time,2872
processed_time,2881
processed_time,2913
processed_time,2914
processed_time,2919
processed_time,2949
processed_time,2963
processed_time,3000
processed_time,2975
processed_time,2988
processed_time,3022
processed_time,3064
processed_time,3209
processed_time,3252
processed_time,3202
processed_time,3264
processed_time,3319
processed_time,3285
processed_time,3208
processed_time,3256
processed_time,3455
processed_time,3411
processed_time,3501
processed_time,3537
processed_time,3633
processed_time,3891
processed_time,3472
processed_time,3688
processed_time,3808
processed_time,3722
processed_time,3635
processed_time,4064
processed_time,3778
processed_time,3825
processed_time,3912
processed_time,3761
processed_time,3746
processed_time,3790
processed_time,3971
processed_time,3803
processed_time,3932
processed_time,3944
processed_time,4058
processed_time,4045
processed_time,3925
processed_time,4158
processed_time,3970
processed_time,3948
processed_time,3973
processed_time,3956
processed_time,4043
processed_time,4052
processed_time,4067
processed_time,4053
processed_time,4050
processed_time,4091
processed_time,4103
processed_time,4109
processed_time,4112
processed_time,4135
processed_time,4139
processed_time,4155
processed_time,4170
processed_time,4180
processed_time,4195
processed_time,4202
processed_time,4204
processed_time,4212
processed_time,4208
processed_time,4249
processed_time,4255
processed_time,4282
processed_time,4299
processed_time,4293
processed_time,4312
processed_time,4350
processed_time,4355
processed_time,4351
processed_time,4368
processed_time,4356
processed_time,4337
processed_time,4385
processed_time,4355
processed_time,4391
processed_time,4424
processed_time,4431
processed_time,4436
processed_time,4484
processed_time,4457
processed_time,4475
processed_time,4525
processed_time,4533
processed_time,4536
processed_time,4708
processed_time,4791
processed_time,4811
processed_time,4874
processed_time,4924
processed_time,4953
processed_time,5043
processed_time,5048
processed_time,5085
processed_time,5101
processed_time,5119
processed_time,5134
processed_time,5012
processed_time,4725
processed_time,5316
processed_time,5350
processed_time,4512
processed_time,5262
processed_time,5276
processed_time,5092
processed_time,5340
processed_time,5354
processed_time,5508
processed_time,5513
processed_time,5260
processed_time,5001
processed_time,5651
processed_time,5408
processed_time,5639
processed_time,5208
processed_time,5717
processed_time,5210
processed_time,3683
processed_time,5847
processed_time,5390
processed_time,5148
processed_time,5149
processed_time,3476
processed_time,5869
processed_time,4054
processed_time,3899
processed_time,3517
processed_time,5164
processed_time,6127
processed_time,4232
processed_time,2380
processed_time,3749
processed_time,5086
processed_time,2513
processed_time,3220
processed_time,2680
processed_time,2072
processed_time,2165
processed_time,1951
processed_time,1998
processed_time,1819
processed_time,1925
processed_time,2044
processed_time,1955
processed_time,1983
processed_time,2105
processed_time,1945
processed_time,2090
processed_time,2201
processed_time,1865
processed_time,1808
processed_time,1859
processed_time,1876
processed_time,1897
processed_time,1979
processed_time,1809
processed_time,1749
processed_time,2182
processed_time,1790
processed_time,1862
processed_time,1800
processed_time,2579
processed_time,1891
processed_time,1886
processed_time,1968
processed_time,1930
processed_time,2221
processed_time,2627
processed_time,1989
processed_time,1995
processed_time,2222
processed_time,2033
processed_time,2124
processed_time,2067
processed_time,2330
processed_time,2065
processed_time,2104
processed_time,2095
processed_time,2164
processed_time,2201
processed_time,2122
processed_time,2142
processed_time,2167
processed_time,2062
processed_time,2107
processed_time,2117
processed_time,2127
processed_time,2138
processed_time,2311
processed_time,2203
processed_time,2171
processed_time,2182
processed_time,2127
processed_time,2283
processed_time,2219
processed_time,2350
processed_time,2410
processed_time,2413
processed_time,2393
processed_time,2432
processed_time,2411
processed_time,2412
processed_time,2432
processed_time,2390
processed_time,2279
processed_time,2473
processed_time,2438
processed_time,2513
processed_time,2390
processed_time,2517
processed_time,2420
processed_time,2368
processed_time,2065
processed_time,2207
processed_time,1569
processed_time,1542
processed_time,2453
processed_time,2123
processed_time,1786
processed_time,2168
processed_time,2231
processed_time,1667
processed_time,1868
processed_time,2270
processed_time,1592
processed_time,1726
processed_time,2341
processed_time,1830
processed_time,1644
processed_time,1651
processed_time,1161
processed_time,1441
processed_time,1263
processed_time,1388
processed_time,1302
processed_time,1451
processed_time,1434
processed_time,1359
processed_time,1425
processed_time,1392
processed_time,1868
processed_time,1362
processed_time,1315
processed_time,1671
processed_time,1533
processed_time,1439
processed_time,1503
processed_time,1478
processed_time,1797
processed_time,1561
processed_time,1483
processed_time,1537
processed_time,1728
processed_time,1554
processed_time,1608
processed_time,1603
processed_time,1614
processed_time,1653
processed_time,1522
processed_time,1488
processed_time,1462
processed_time,1489
processed_time,1532
processed_time,1424
processed_time,1556
processed_time,1371
processed_time,1579
processed_time,1564
processed_time,1845
processed_time,1402
processed_time,1438
processed_time,1435
processed_time,1478
processed_time,1255
processed_time,1262
processed_time,1613
processed_time,1000
processed_time,1326
processed_time,1213
processed_time,971
processed_time,982
processed_time,1078
processed_time,1174
processed_time,1015
processed_time,1064
processed_time,1331
processed_time,1331
processed_time,1205
processed_time,1496
processed_time,1166
processed_time,1209
processed_time,1122
processed_time,1174
processed_time,1091
processed_time,1134
processed_time,904
processed_time,929
processed_time,947
processed_time,772
processed_time,856
processed_time,774
processed_time,1000
processed_time,806
processed_time,819
processed_time,937
processed_time,768
processed_time,597
processed_time,965
processed_time,493
processed_time,726
processed_time,888
processed_time,498
processed_time,374
processed_time,401
processed_time,461
processed_time,324
processed_time,280
processed_time,316
processed_time,221
processed_time,254
processed_time,260
processed_time,158
processed_time,109
processed_time,101
processed_time,126
processed_time,70
processed_time,60
processed_time,70
processed_time,74
processed_time,107
processed_time,56
processed_time,94
processed_time,54
processed_time,46
processed_time,40
processed_time,69
processed_time,34
processed_time,52
processed_time,52
processed_time,40
processed_time,34
processed_time,39
processed_time,43
processed_time,25
processed_time,34
processed_time,35
processed_time,45
processed_time,34
processed_time,28
processed_time,34
processed_time,38
processed_time,38
processed_time,30
processed_time,28
processed_time,33
processed_time,43
processed_time,35
processed_time,32
processed_time,26
processed_time,55
processed_time,55
processed_time,43
processed_time,135
processed_time,198
processed_time,147
processed_time,119
processed_time,94
processed_time,101
processed_time,60
processed_time,123
processed_time,343
processed_time,497
processed_time,359
processed_time,403
processed_time,612
processed_time,619
processed_time,631
processed_time,641
processed_time,2097
processed_time,1713
processed_time,1778
processed_time,1316
processed_time,1119
processed_time,1049
processed_time,2212
processed_time,2318
processed_time,2314
processed_time,1470
processed_time,1388
processed_time,2521
processed_time,1303
processed_time,1559
processed_time,1452
processed_time,2041
processed_time,1678
processed_time,2884
processed_time,1282
processed_time,1164
processed_time,1772
processed_time,1445
processed_time,2081
processed_time,1403
processed_time,1608
processed_time,1429
processed_time,2084
processed_time,2081
processed_time,1816
processed_time,2273
processed_time,1271
processed_time,1435
processed_time,1453
processed_time,1494
processed_time,1381
processed_time,1433
processed_time,1555
processed_time,1538
processed_time,1147
processed_time,1699
processed_time,1561
processed_time,1167
processed_time,1241
processed_time,1087
processed_time,1494
processed_time,1507
processed_time,1122
processed_time,1109
processed_time,1760
processed_time,764
processed_time,1268
processed_time,807
processed_time,1191
processed_time,859
processed_time,802
processed_time,1297
processed_time,1063
processed_time,1012
processed_time,741
processed_time,863
processed_time,882
processed_time,1043
processed_time,785
processed_time,744
processed_time,776
processed_time,789
processed_time,855
processed_time,855
processed_time,802
processed_time,886
processed_time,494
processed_time,485
processed_time,744
processed_time,437
processed_time,621
processed_time,380
processed_time,533
processed_time,346
processed_time,436
processed_time,424
processed_time,483
processed_time,840
processed_time,588
processed_time,394
processed_time,1115
processed_time,465
processed_time,381
processed_time,362
processed_time,380
processed_time,506
processed_time,458
processed_time,454
processed_time,380
processed_time,386
processed_time,440
processed_time,388
processed_time,419
processed_time,369
processed_time,305
processed_time,350
processed_time,487
processed_time,604
processed_time,408
processed_time,470
processed_time,597
processed_time,659
processed_time,306
processed_time,241
processed_time,392
processed_time,345
processed_time,365
processed_time,477
processed_time,289
processed_time,343
processed_time,446
processed_time,359
processed_time,376
processed_time,162
processed_time,152
processed_time,142
processed_time,183
processed_time,214
processed_time,243
processed_time,126
processed_time,180
processed_time,109
processed_time,154
processed_time,127
processed_time,94
processed_time,186
processed_time,114
processed_time,77
processed_time,484
processed_time,606
processed_time,565
processed_time,611
processed_time,393
processed_time,296
processed_time,351
processed_time,341
processed_time,396
processed_time,321
processed_time,344
processed_time,379
processed_time,141
processed_time,169
processed_time,318
processed_time,142
processed_time,230
processed_time,222
processed_time,132
processed_time,178
processed_time,134
processed_time,446
processed_time,470
processed_time,674
processed_time,418
processed_time,480
processed_time,447
processed_time,518
processed_time,445
processed_time,484
processed_time,524
processed_time,466
processed_time,634
processed_time,300
processed_time,621
processed_time,508
processed_time,571
processed_time,360
processed_time,442
processed_time,473
processed_time,441
processed_time,469
processed_time,406
processed_time,404
processed_time,238
processed_time,397
processed_time,393
processed_time,627
processed_time,594
processed_time,354
processed_time,364
processed_time,449
processed_time,416
processed_time,332
processed_time,341
processed_time,550
processed_time,270
processed_time,391
processed_time,330
processed_time,361
processed_time,254
processed_time,349
processed_time,360
processed_time,245
processed_time,530
processed_time,403
processed_time,384
processed_time,414
processed_time,279
processed_time,267
processed_time,316
processed_time,422
processed_time,331
processed_time,208
processed_time,217
processed_time,251
processed_time,272
processed_time,161
processed_time,160
processed_time,143
processed_time,172
processed_time,160
processed_time,136
processed_time,220
processed_time,173
processed_time,149
processed_time,212
processed_time,233
processed_time,342
processed_time,346
processed_time,273
processed_time,371
processed_time,357
processed_time,513
processed_time,1761
processed_time,1856
processed_time,1935
processed_time,1809
processed_time,1868
processed_time,1928
processed_time,1988
processed_time,2315
processed_time,996
processed_time,1238
processed_time,1094
processed_time,1128
processed_time,1049
processed_time,1161
processed_time,2179
processed_time,1242
processed_time,1321
processed_time,2052
processed_time,1548
processed_time,1533
processed_time,2654
processed_time,1672
processed_time,1611
processed_time,2819
processed_time,1811
processed_time,1814
processed_time,1741
processed_time,2542
processed_time,1948
processed_time,1802
processed_time,1946
processed_time,1882
processed_time,2060
processed_time,2218
processed_time,3068
processed_time,2114
processed_time,2218
processed_time,1547
processed_time,1753
processed_time,1580
processed_time,1658
processed_time,1763
processed_time,1822
processed_time,2499
processed_time,1913
processed_time,2035
processed_time,2709
processed_time,2711
processed_time,2057
processed_time,2039
processed_time,1971
processed_time,1766
processed_time,2131
processed_time,2104
processed_time,1888
processed_time,1913
processed_time,1604
processed_time,1672
processed_time,1915
processed_time,1734
processed_time,1663
processed_time,1498
processed_time,1669
processed_time,1868
processed_time,1603
processed_time,1655
processed_time,1726
processed_time,1723
processed_time,1618
processed_time,1598
processed_time,1522
processed_time,1558
processed_time,1780
processed_time,1562
processed_time,1735
processed_time,1689
processed_time,1650
processed_time,1474
processed_time,1737
processed_time,1709
processed_time,1566
processed_time,1382
processed_time,1457
processed_time,1538
processed_time,1536
processed_time,1402
processed_time,1647
processed_time,1675
processed_time,1570
processed_time,1515
processed_time,1457
processed_time,1312
processed_time,1220
processed_time,1276
processed_time,1141
processed_time,1370
processed_time,1345
processed_time,1150
processed_time,981
processed_time,1003
processed_time,1168
processed_time,1127
processed_time,1132
processed_time,1008
processed_time,1017
processed_time,1088
processed_time,1026
processed_time,1339
processed_time,1329
processed_time,1241
processed_time,1407
processed_time,1114
processed_time,1237
processed_time,1171
processed_time,1321
processed_time,1246
processed_time,947
processed_time,1181
processed_time,1531
processed_time,1294
processed_time,1027
processed_time,751
processed_time,1121
processed_time,795
processed_time,764
processed_time,1011
processed_time,1018
processed_time,1048
processed_time,989
processed_time,1188
processed_time,1320
processed_time,1378
processed_time,821
processed_time,883
processed_time,995
processed_time,1447
processed_time,954
processed_time,1014
processed_time,1131
processed_time,1132
processed_time,1126
processed_time,1140
processed_time,1309
processed_time,1375
processed_time,983
processed_time,1044
processed_time,1312
processed_time,932
processed_time,1021
processed_time,1045
processed_time,1046
processed_time,1218
processed_time,1144
processed_time,1082
processed_time,1179
processed_time,1091
processed_time,1148
processed_time,850
processed_time,692
processed_time,744
processed_time,808
processed_time,682
processed_time,769
processed_time,889
processed_time,782
processed_time,658
processed_time,873
processed_time,890
processed_time,842
processed_time,600
processed_time,789
processed_time,918
processed_time,821
processed_time,901
processed_time,679
processed_time,385
processed_time,761
processed_time,537
processed_time,738
processed_time,839
processed_time,678
processed_time,668
processed_time,563
processed_time,312
processed_time,420
processed_time,425
processed_time,186
processed_time,120
processed_time,285
processed_time,183
processed_time,66
processed_time,58
processed_time,119
processed_time,83
processed_time,110
processed_time,107
processed_time,114
processed_time,119
processed_time,86
processed_time,102
processed_time,114
processed_time,101
processed_time,139
processed_time,193
processed_time,184
processed_time,140
processed_time,160
processed_time,131
processed_time,82
processed_time,69
processed_time,86
processed_time,103
processed_time,151
processed_time,96
processed_time,112
processed_time,174
processed_time,106
processed_time,158
processed_time,113
processed_time,127
processed_time,80
processed_time,198
processed_time,103
processed_time,88
processed_time,90
processed_time,86
processed_time,77
processed_time,100
processed_time,393
processed_time,375
processed_time,395
processed_time,304
processed_time,252
processed_time,194
processed_time,265
processed_time,143
processed_time,352
processed_time,223
processed_time,375
processed_time,234
processed_time,175
processed_time,131
processed_time,111
processed_time,258
processed_time,151
processed_time,111
processed_time,169
processed_time,164
processed_time,201
processed_time,181
processed_time,180
processed_time,190
processed_time,239
processed_time,124
processed_time,219
processed_time,141
processed_time,274
processed_time,127
processed_time,103
processed_time,102
processed_time,171
processed_time,209
processed_time,136
processed_time,135
processed_time,171
processed_time,187
processed_time,187
processed_time,183
processed_time,175
processed_time,153
processed_time,169
processed_time,128
processed_time,253
processed_time,146
processed_time,124
processed_time,116
processed_time,91
processed_time,204
processed_time,238
processed_time,169
processed_time,261
processed_time,244
processed_time,283
processed_time,274
processed_time,161
processed_time,248
processed_time,128
processed_time,172
processed_time,122
processed_time,123
processed_time,103
processed_time,95
processed_time,149
processed_time,163
processed_time,203
processed_time,223
processed_time,214
processed_time,98
processed_time,213
processed_time,168
processed_time,138
processed_time,129
processed_time,113
processed_time,145
processed_time,101
processed_time,82
processed_time,134
processed_time,103
processed_time,94
processed_time,130
processed_time,124
processed_time,104
processed_time,169
processed_time,157
processed_time,177
processed_time,113
processed_time,213
processed_time,118
processed_time,167
processed_time,147
processed_time,123
processed_time,140
processed_time,104
processed_time,150
processed_time,140
processed_time,132
processed_time,78
processed_time,136
processed_time,60
processed_time,93
processed_time,102
processed_time,131
processed_time,55
processed_time,45
processed_time,61
processed_time,117
processed_time,57
processed_time,64
processed_time,84
processed_time,59
processed_time,57
processed_time,96
processed_time,70
processed_time,66
processed_time,116
processed_time,99
processed_time,100
processed_time,158
processed_time,105
processed_time,125
processed_time,150
processed_time,60
processed_time,42
processed_time,126
processed_time,38
processed_time,52
processed_time,41
processed_time,40
processed_time,48
processed_time,98
processed_time,59
processed_time,29
processed_time,81
processed_time,58
processed_time,54
processed_time,74
processed_time,72
processed_time,96
processed_time,108
processed_time,61
processed_time,126
processed_time,32
processed_time,44
processed_time,56
processed_time,47
processed_time,69
processed_time,45
processed_time,83
processed_time,76
processed_time,59
processed_time,56
processed_time,106
processed_time,94
processed_time,42
processed_time,153
processed_time,81
processed_time,48
processed_time,50
processed_time,43
processed_time,38
processed_time,43
processed_time,68
processed_time,49
processed_time,47
processed_time,119
processed_time,43
processed_time,39
processed_time,53
processed_time,55
processed_time,56
processed_time,108
processed_time,39
processed_time,104
processed_time,38
processed_time,37
processed_time,35
processed_time,52
processed_time,82
processed_time,77
processed_time,70
processed_time,65
processed_time,59
processed_time,51
processed_time,52
processed_time,59
processed_time,90
processed_time,87
processed_time,190
processed_time,193
processed_time,87
processed_time,225
processed_time,78
processed_time,76
processed_time,53
processed_time,83
processed_time,76
processed_time,89
processed_time,229
processed_time,228
processed_time,228
processed_time,209
processed_time,390
processed_time,494
processed_time,493
processed_time,269
processed_time,325
processed_time,496
processed_time,794
processed_time,684
processed_time,1030
processed_time,2047
processed_time,399
processed_time,508
processed_time,1832
processed_time,649
processed_time,666
processed_time,2382
processed_time,872
processed_time,642
processed_time,930
processed_time,822
processed_time,826
processed_time,1013
processed_time,832
processed_time,842
processed_time,2683
processed_time,953
processed_time,982
processed_time,868
processed_time,694
processed_time,699
processed_time,714
processed_time,694
processed_time,376
processed_time,777
processed_time,941
processed_time,1391
processed_time,1123
processed_time,1063
processed_time,727
processed_time,744
processed_time,796
processed_time,945
processed_time,1227
processed_time,1022
processed_time,1715
processed_time,314
processed_time,241
processed_time,697
processed_time,320
processed_time,1333
processed_time,505
processed_time,3211
processed_time,1332
processed_time,5076
processed_time,1256
processed_time,3500
processed_time,3263
processed_time,1240
processed_time,3519
processed_time,3492
processed_time,1513
processed_time,2434
processed_time,1376
processed_time,1482
processed_time,1486
processed_time,1630
processed_time,2740
processed_time,1690
processed_time,3725
processed_time,1610
processed_time,3838
processed_time,1575
processed_time,3716
processed_time,3741
processed_time,1688
processed_time,3787
processed_time,1803
processed_time,4046
processed_time,3029
processed_time,2030
processed_time,2042
processed_time,4064
processed_time,1909
processed_time,2174
processed_time,3170
processed_time,4216
processed_time,2245
processed_time,4497
processed_time,2042
processed_time,1971
processed_time,2048
processed_time,1919
processed_time,1948
processed_time,1955
processed_time,1995
processed_time,2037
processed_time,3484
processed_time,2140
processed_time,2211
processed_time,2233
processed_time,2394
processed_time,2290
processed_time,2374
processed_time,2369
processed_time,2416
processed_time,2404
processed_time,2456
processed_time,4918
processed_time,2493
processed_time,2585
processed_time,2665
processed_time,2598
processed_time,2651
processed_time,2638
processed_time,2718
processed_time,2769
processed_time,2693
processed_time,2794
processed_time,2619
processed_time,2657
processed_time,2699
processed_time,2789
processed_time,2848
processed_time,2757
processed_time,2800
processed_time,2880
processed_time,2853
processed_time,2932
processed_time,2850
processed_time,2942
processed_time,2970
processed_time,2938
processed_time,2985
processed_time,2996
processed_time,3029
processed_time,3009
processed_time,3147
processed_time,3187
processed_time,3172
processed_time,3084
processed_time,3141
processed_time,3162
processed_time,3122
processed_time,3189
processed_time,3191
processed_time,3198
processed_time,3168
processed_time,3254
processed_time,3273
processed_time,3355
processed_time,3365
processed_time,3323
processed_time,3329
processed_time,3395
processed_time,3371
processed_time,3399
processed_time,3451
processed_time,3487
processed_time,3533
processed_time,3598
processed_time,3620
processed_time,3706
processed_time,3661
processed_time,3658
processed_time,3687
processed_time,3706
processed_time,3729
processed_time,3749
processed_time,3769
processed_time,3773
processed_time,3818
processed_time,3825
processed_time,3821
processed_time,3848
processed_time,3855
processed_time,3875
processed_time,3891
processed_time,3916
processed_time,3946
processed_time,3950
processed_time,3748
processed_time,3764
processed_time,3806
processed_time,3808
processed_time,3821
processed_time,4053
processed_time,4086
processed_time,3886
processed_time,3917
processed_time,3940
processed_time,3953
processed_time,3966
processed_time,3994
processed_time,4066
processed_time,4094
processed_time,4086
processed_time,4109
processed_time,4113
processed_time,4134
processed_time,4148
processed_time,4153
processed_time,4176
processed_time,4184
processed_time,4191
processed_time,4208
processed_time,4233
processed_time,4229
processed_time,4249
processed_time,4253
processed_time,4249
processed_time,4228
processed_time,4232
processed_time,4244
processed_time,4280
processed_time,4258
processed_time,4254
processed_time,4260
processed_time,4293
processed_time,4326
processed_time,4337
processed_time,4369
processed_time,4409
processed_time,4466
processed_time,4471
processed_time,4469
processed_time,4499
processed_time,4534
processed_time,4556
processed_time,4583
processed_time,4600
processed_time,4623
processed_time,4634
processed_time,4631
processed_time,4647
processed_time,4671
processed_time,4678
processed_time,4687
processed_time,4696
processed_time,4699
processed_time,4765
processed_time,4768
processed_time,4774
processed_time,4803
processed_time,4827
processed_time,4847
processed_time,4891
processed_time,4894
processed_time,4938
processed_time,4955
processed_time,4968
processed_time,4988
processed_time,4985
processed_time,5022
processed_time,5045
processed_time,5055
processed_time,5077
processed_time,5093
processed_time,5120
processed_time,5168
processed_time,5176
processed_time,5191
processed_time,5196
processed_time,5197
processed_time,5211
processed_time,5215
processed_time,5234
processed_time,5261
processed_time,5282
processed_time,5299
processed_time,5319
processed_time,5342
processed_time,5348
processed_time,5377
processed_time,5383
processed_time,5387
processed_time,5399
processed_time,5417
processed_time,5417
processed_time,5439
processed_time,5450
processed_time,5483
processed_time,5500
processed_time,5516
processed_time,5535
processed_time,5544
processed_time,5558
processed_time,5577
processed_time,5590
processed_time,5616
processed_time,5614
processed_time,5633
processed_time,5655
processed_time,5679
processed_time,5714
processed_time,5749
processed_time,5761
processed_time,5768
processed_time,5792
processed_time,5813
processed_time,5813
processed_time,5842
processed_time,5885
processed_time,5893
processed_time,5894
processed_time,5900
processed_time,5918
processed_time,5954
processed_time,5989
processed_time,6029
processed_time,5916
processed_time,6070
processed_time,6183
processed_time,6281
processed_time,6085
processed_time,6197
processed_time,6348
processed_time,6283
processed_time,6269
processed_time,6146
processed_time,6236
processed_time,6626
processed_time,6303
processed_time,6606
processed_time,6611
processed_time,6350
processed_time,6554
processed_time,6461
processed_time,6543
processed_time,6562
processed_time,6591
processed_time,6613
processed_time,6632
processed_time,6653
processed_time,6707
processed_time,6765
processed_time,6740
processed_time,6760
processed_time,6777
processed_time,6786
processed_time,6809
processed_time,6841
processed_time,6991
processed_time,7111
processed_time,7237
processed_time,7202
processed_time,7416
processed_time,7390
processed_time,7425
processed_time,7343
processed_time,7392
processed_time,7348
processed_time,7892
processed_time,7953
processed_time,8053
processed_time,8102
processed_time,7956
processed_time,8297
processed_time,8491
processed_time,8532
processed_time,7867
processed_time,3708
processed_time,6910
processed_time,5088
processed_time,4875
processed_time,6115
processed_time,5914
processed_time,4708
processed_time,6107
processed_time,6362
processed_time,5023
processed_time,5292
processed_time,5921
processed_time,5125
processed_time,5295
processed_time,6529
processed_time,5522
processed_time,5479
processed_time,6614
processed_time,5554
processed_time,5053
processed_time,5909
processed_time,5591
processed_time,10455
processed_time,7051
processed_time,6974
processed_time,5177
processed_time,9808
processed_time,4268
processed_time,5022
processed_time,4508
processed_time,4548
processed_time,5164
processed_time,6195
processed_time,5844
processed_time,5881
processed_time,4515
processed_time,11748
processed_time,4592
processed_time,4644
processed_time,4788
processed_time,4682
processed_time,4810
processed_time,4669
processed_time,4758
processed_time,4924
processed_time,4902
processed_time,5580
processed_time,4962
processed_time,4683
processed_time,4837
processed_time,5060
processed_time,5072
processed_time,4871
processed_time,6426
processed_time,4942
processed_time,4967
processed_time,5407
processed_time,5221
processed_time,7244
processed_time,5002
processed_time,5112
processed_time,5497
processed_time,5175
processed_time,6270
processed_time,5338
processed_time,5344
processed_time,5438
processed_time,5505
processed_time,5626
processed_time,5804
processed_time,5752
processed_time,5746
processed_time,5788
processed_time,5892
processed_time,6056
processed_time,5985
processed_time,6013
processed_time,6070
processed_time,6131
processed_time,6060
processed_time,6096
processed_time,6145
processed_time,6151
processed_time,6521
processed_time,6536
processed_time,6491
processed_time,6588
processed_time,6626
processed_time,6592
processed_time,6726
processed_time,6711
processed_time,6772
processed_time,6912
processed_time,6898
processed_time,6977
processed_time,7004
processed_time,7074
processed_time,7135
processed_time,7181
processed_time,7187
processed_time,7235
processed_time,7323
processed_time,7383
processed_time,7445
processed_time,7483
processed_time,7520
processed_time,7537
processed_time,7568
processed_time,7583
processed_time,7592
processed_time,7641
processed_time,7716
processed_time,7796
processed_time,7829
processed_time,7824
processed_time,7904
processed_time,7947
processed_time,8006
processed_time,8030
processed_time,8071
processed_time,8046
processed_time,8208
processed_time,8263
processed_time,8298
processed_time,8352
processed_time,8286
processed_time,7632
processed_time,7468
processed_time,6912
processed_time,7048
processed_time,6879
processed_time,7102
processed_time,7190
processed_time,7143
processed_time,6733
processed_time,7088
processed_time,7324
processed_time,7474
processed_time,7061
processed_time,7173
processed_time,7126
processed_time,6804
processed_time,6924
processed_time,7238
processed_time,6296
processed_time,7185
processed_time,6523
processed_time,6696
processed_time,6755
processed_time,6762
processed_time,6886
processed_time,6555
processed_time,7161
processed_time,6805
processed_time,7073
processed_time,6879
processed_time,7560
processed_time,3595
processed_time,7071
processed_time,4312
processed_time,4799
processed_time,3889
processed_time,3980
processed_time,4743
processed_time,7325
processed_time,4418
processed_time,3810
processed_time,4636
processed_time,4039
processed_time,3951
processed_time,4477
processed_time,4672
processed_time,4646
processed_time,4753
processed_time,4744
processed_time,5147
processed_time,8116
processed_time,7167
processed_time,4634
processed_time,5153
processed_time,4770
processed_time,4959
processed_time,5413
processed_time,4893
processed_time,4564
processed_time,4675
processed_time,5012
processed_time,5480
processed_time,5076
processed_time,5181
processed_time,4972
processed_time,4827
processed_time,5092
processed_time,5477
processed_time,5461
processed_time,4944
processed_time,5162
processed_time,4986
processed_time,4920
processed_time,5588
processed_time,5366
processed_time,4994
processed_time,5089
processed_time,5613
processed_time,5504
processed_time,5373
processed_time,5902
processed_time,5384
processed_time,5434
processed_time,5443
processed_time,5484
processed_time,5635
processed_time,5677
processed_time,6037
processed_time,5346
processed_time,5210
processed_time,5229
processed_time,5606
processed_time,5338
processed_time,5379
processed_time,5479
processed_time,5467
processed_time,6137
processed_time,5653
processed_time,5803
processed_time,5826
processed_time,6123
processed_time,6132
processed_time,6124
processed_time,6035
processed_time,6700
processed_time,6319
processed_time,6182
processed_time,6897
processed_time,5766
processed_time,5604
processed_time,7048
processed_time,5840
processed_time,5670
processed_time,5703
processed_time,5819
processed_time,6010
processed_time,5850
processed_time,5875
processed_time,5979
processed_time,5921
processed_time,5968
processed_time,6006
processed_time,6063
processed_time,6067
processed_time,6095
processed_time,6057
processed_time,6167
processed_time,6227
processed_time,6508
processed_time,6456
processed_time,6684
processed_time,6789
processed_time,6814
processed_time,6856
processed_time,6834
processed_time,7002
processed_time,7111
processed_time,7074
processed_time,7104
processed_time,7163
processed_time,7215
processed_time,7266
processed_time,7480
processed_time,7325
processed_time,7427
processed_time,7472
processed_time,7502
processed_time,7534
processed_time,7579
processed_time,7692
processed_time,7839
processed_time,7888
processed_time,7936
processed_time,7977
processed_time,8017
processed_time,8058
processed_time,8069
processed_time,8002
processed_time,8197
processed_time,8276
processed_time,8298
processed_time,8069
processed_time,8235
processed_time,8374
processed_time,7778
processed_time,8408
processed_time,7924
processed_time,7878
processed_time,7606
processed_time,7662
processed_time,7562
processed_time,7202
processed_time,6880
processed_time,6885
processed_time,7166
processed_time,7004
processed_time,7067
processed_time,6905
processed_time,7157
processed_time,6758
processed_time,7433
processed_time,7484
processed_time,7308
processed_time,7435
processed_time,7415
processed_time,7466
processed_time,7369
processed_time,7513
processed_time,7010
processed_time,7727
processed_time,6985
processed_time,7402
processed_time,6878
processed_time,6928
processed_time,6424
processed_time,6630
processed_time,6809
processed_time,7046
processed_time,7442
processed_time,6932
processed_time,6630
processed_time,6951
processed_time,5843
processed_time,6137
processed_time,6539
processed_time,5074
processed_time,3483
processed_time,4927
processed_time,3939
processed_time,4210
processed_time,3529
processed_time,5185
processed_time,6017
processed_time,4646
processed_time,4139
processed_time,5002
processed_time,5773
processed_time,3616
processed_time,3619
processed_time,3749
processed_time,6512
processed_time,4553
processed_time,3779
processed_time,5313
processed_time,4592
processed_time,6433
processed_time,3599
processed_time,4334
processed_time,3952
processed_time,4651
processed_time,3981
processed_time,4604
processed_time,3750
processed_time,3949
processed_time,4721
processed_time,3818
processed_time,3994
processed_time,4131
processed_time,4063
processed_time,5739
processed_time,3982
processed_time,4697
processed_time,6719
processed_time,4097
processed_time,3509
processed_time,3995
processed_time,3701
processed_time,4350
processed_time,4300
processed_time,4062
processed_time,3256
processed_time,4098
processed_time,4219
processed_time,3835
processed_time,3854
processed_time,4496
processed_time,4237
processed_time,3484
processed_time,3509
processed_time,4125
processed_time,3508
processed_time,4168
processed_time,3559
processed_time,3280
processed_time,3319
processed_time,3645
processed_time,3506
processed_time,4910
processed_time,3483
processed_time,4163
processed_time,3193
processed_time,3963
processed_time,3671
processed_time,3834
processed_time,3706
processed_time,3595
processed_time,4881
processed_time,3853
processed_time,3687
processed_time,3452
processed_time,3370
processed_time,3106
processed_time,2581
processed_time,3428
processed_time,4129
processed_time,3532
processed_time,2838
processed_time,2928
processed_time,3549
processed_time,3497
processed_time,2581
processed_time,3510
processed_time,2904
processed_time,2974
processed_time,2907
processed_time,2714
processed_time,2996
processed_time,3289
processed_time,2372
processed_time,3012
processed_time,3060
processed_time,3033
processed_time,3084
processed_time,2787
processed_time,2418
processed_time,2415
processed_time,2701
processed_time,2804
processed_time,3006
processed_time,2458
processed_time,3750
processed_time,2492
processed_time,2521
processed_time,2593
processed_time,2493
