edge_get,0.00349
cloud_get,0.00956
prepare_header,0.00004
prepare_iterator,0.00001
body[cloud-http],0.00614
edge_get,0.00218
prepare_header,0.00002
prepare_iterator,0.00002
body[edge],0.00596
edge_get,0.00356
prepare_header,0.00005
prepare_iterator,0.00003
body[edge],0.01095
edge_get,0.00345
prepare_header,0.00005
prepare_iterator,0.00003
body[edge],0.01058
edge_get,0.00347
prepare_header,0.00004
prepare_iterator,0.00002
body[edge],0.01078
edge_get,0.00078
cloud_get,0.00672
prepare_header,0.00002
prepare_iterator,0.00001
body[cloud-http],0.00459
edge_get,0.00079
cloud_get,0.00577
prepare_header,0.00002
prepare_iterator,0.00001
body[cloud-http],0.00439
edge_get,0.00158
prepare_header,0.00002
prepare_iterator,0.00001
body[edge],0.00631
edge_get,0.00082
cloud_get,0.00589
prepare_header,0.00002
prepare_iterator,0.00001
body[cloud-http],0.00472
edge_get,0.00322
prepare_header,0.00006
prepare_iterator,0.00003
body[edge],0.00523
edge_get,0.00341
prepare_header,0.00005
prepare_iterator,0.00003
body[edge],0.01001
edge_get,0.00309
prepare_header,0.00004
prepare_iterator,0.00002
body[edge],0.00608
edge_get,0.00175
prepare_header,0.00002
prepare_iterator,0.00001
body[edge],0.00563
edge_get,0.00080
cloud_get,0.00597
prepare_header,0.00002
prepare_iterator,0.00001
body[cloud-http],0.00538
edge_get,0.00397
prepare_header,0.00004
prepare_iterator,0.00002
body[edge],0.01201
edge_get,0.00317
prepare_header,0.00006
prepare_iterator,0.00002
body[edge],0.00938
edge_get,0.00346
prepare_header,0.00005
prepare_iterator,0.00002
body[edge],0.01115
edge_get,0.00144
cloud_get,0.00732
prepare_header,0.00002
prepare_iterator,0.00001
body[cloud-http],0.00573
edge_get,0.00349
prepare_header,0.00005
prepare_iterator,0.00002
body[edge],0.01045
edge_get,0.00153
cloud_get,0.00953
prepare_header,0.00007
prepare_iterator,0.00003
body[cloud-http],0.00849
edge_get,0.00314
prepare_header,0.00003
prepare_iterator,0.00002
body[edge],0.00689
edge_get,0.00345
prepare_header,0.00004
prepare_iterator,0.00003
body[edge],0.01151
edge_get,0.00319
prepare_header,0.00005
prepare_iterator,0.00003
body[edge],0.01191
edge_get,0.00328
prepare_header,0.00004
prepare_iterator,0.00003
body[edge],0.01083
edge_get,0.00146
cloud_get,0.01030
prepare_header,0.00005
prepare_iterator,0.00002
body[cloud-http],0.00625
edge_get,0.00349
prepare_header,0.00004
prepare_iterator,0.00002
body[edge],0.01175
edge_get,0.00322
prepare_header,0.00006
prepare_iterator,0.00003
body[edge],0.01092
edge_get,0.00401
prepare_header,0.00005
prepare_iterator,0.00005
body[edge],0.01092
edge_get,0.00155
prepare_header,0.00002
prepare_iterator,0.00001
body[edge],0.00595
edge_get,0.00384
prepare_header,0.00004
prepare_iterator,0.00002
body[edge],0.01092
edge_get,0.00141
cloud_get,0.01000
prepare_header,0.00002
prepare_iterator,0.00001
body[cloud-http],0.00451
edge_get,0.00140
cloud_get,0.00701
prepare_header,0.00064
prepare_iterator,0.00001
body[cloud-http],0.00386
edge_get,0.00149
cloud_get,0.01035
prepare_header,0.00004
prepare_iterator,0.00002
body[cloud-http],0.00570
edge_get,0.00357
prepare_header,0.00004
prepare_iterator,0.00006
body[edge],0.01458
edge_get,0.00351
prepare_header,0.00004
prepare_iterator,0.00002
body[edge],0.01311
edge_get,0.00161
cloud_get,0.00949
prepare_header,0.00006
prepare_iterator,0.00002
body[cloud-http],0.00586
edge_get,0.00387
prepare_header,0.00005
prepare_iterator,0.00002
body[edge],0.00787
edge_get,0.00314
prepare_header,0.00004
prepare_iterator,0.00003
body[edge],0.00633
edge_get,0.00348
prepare_header,0.00005
prepare_iterator,0.00004
body[edge],0.01289
edge_get,0.00204
prepare_header,0.00002
prepare_iterator,0.00001
body[edge],0.00577
edge_get,0.00091
cloud_get,0.00620
prepare_header,0.00002
prepare_iterator,0.00001
body[cloud-http],0.00533
edge_get,0.00305
prepare_header,0.00002
prepare_iterator,0.00001
body[edge],0.00875
edge_get,0.00409
prepare_header,0.00005
prepare_iterator,0.00003
body[edge],0.01191
edge_get,0.00385
prepare_header,0.00003
prepare_iterator,0.00002
body[edge],0.01123
edge_get,0.00347
prepare_header,0.00004
prepare_iterator,0.00003
body[edge],0.01413
edge_get,0.00340
prepare_header,0.00004
prepare_iterator,0.00002
body[edge],0.01264
edge_get,0.00170
cloud_get,0.01167
prepare_header,0.00005
prepare_iterator,0.00002
body[cloud-http],0.01108
edge_get,0.00363
prepare_header,0.00004
prepare_iterator,0.00002
body[edge],0.01015
edge_get,0.00324
prepare_header,0.00005
prepare_iterator,0.00002
body[edge],0.00865
edge_get,0.00157
prepare_header,0.00002
prepare_iterator,0.00001
body[edge],0.00586
edge_get,0.00132
cloud_get,0.00909
prepare_header,0.00021
prepare_iterator,0.00001
body[cloud-http],0.00534
edge_get,0.00336
prepare_header,0.00003
prepare_iterator,0.00002
body[edge],0.01074
edge_get,0.00332
prepare_header,0.00005
prepare_iterator,0.00002
body[edge],0.01352
edge_get,0.00341
prepare_header,0.00005
prepare_iterator,0.00003
body[edge],0.01218
edge_get,0.00322
prepare_header,0.00004
prepare_iterator,0.00002
body[edge],0.00889
edge_get,0.00159
cloud_get,0.00992
prepare_header,0.00005
prepare_iterator,0.00002
body[cloud-http],0.00520
edge_get,0.00372
prepare_header,0.00004
prepare_iterator,0.00002
body[edge],0.01083
edge_get,0.00342
prepare_header,0.00005
prepare_iterator,0.00003
body[edge],0.01006
edge_get,0.00363
prepare_header,0.00006
prepare_iterator,0.00003
body[edge],0.01074
edge_get,0.00147
prepare_header,0.00002
prepare_iterator,0.00001
body[edge],0.00726
edge_get,0.00186
prepare_header,0.00002
prepare_iterator,0.00001
body[edge],0.00556
edge_get,0.00383
prepare_header,0.00004
prepare_iterator,0.00002
body[edge],0.01092
edge_get,0.00358
prepare_header,0.00006
prepare_iterator,0.00006
body[edge],0.01049
edge_get,0.00333
prepare_header,0.00005
prepare_iterator,0.00003
body[edge],0.00690
edge_get,0.00343
prepare_header,0.00003
prepare_iterator,0.00002
body[edge],0.01064
edge_get,0.00339
prepare_header,0.00004
prepare_iterator,0.00002
body[edge],0.01206
edge_get,0.00397
prepare_header,0.00004
prepare_iterator,0.00002
body[edge],0.01087
edge_get,0.00148
prepare_header,0.00002
prepare_iterator,0.00001
body[edge],0.00586
edge_get,0.00319
prepare_header,0.00002
prepare_iterator,0.00001
body[edge],0.00540
edge_get,0.00481
prepare_header,0.00004
prepare_iterator,0.00002
body[edge],0.01029
edge_get,0.00391
prepare_header,0.00005
prepare_iterator,0.00003
body[edge],0.01052
edge_get,0.00154
prepare_header,0.00002
prepare_iterator,0.00001
body[edge],0.00533
edge_get,0.00158
prepare_header,0.00002
prepare_iterator,0.00001
body[edge],0.00554
edge_get,0.00086
cloud_get,0.00587
prepare_header,0.00015
prepare_iterator,0.00001
body[cloud-http],0.00565
edge_get,0.00389
prepare_header,0.00004
prepare_iterator,0.00003
body[edge],0.01178
edge_get,0.00157
prepare_header,0.00002
prepare_iterator,0.00001
body[edge],0.00624
edge_get,0.00144
cloud_get,0.01026
prepare_header,0.00005
prepare_iterator,0.00004
body[cloud-http],0.00553
edge_get,0.00323
prepare_header,0.00004
prepare_iterator,0.00002
body[edge],0.01096
edge_get,0.00161
prepare_header,0.00002
prepare_iterator,0.00001
body[edge],0.00563
edge_get,0.00157
prepare_header,0.00002
prepare_iterator,0.00001
body[edge],0.00572
edge_get,0.00142
cloud_get,0.00997
prepare_header,0.00004
prepare_iterator,0.00002
body[cloud-http],0.00539
edge_get,0.00365
prepare_header,0.00005
prepare_iterator,0.00003
body[edge],0.01184
edge_get,0.00187
prepare_header,0.00002
prepare_iterator,0.00001
body[edge],0.00630
edge_get,0.00277
cloud_get,0.00996
prepare_header,0.00005
prepare_iterator,0.00002
body[cloud-http],0.00776
edge_get,0.00198
cloud_get,0.01006
prepare_header,0.00005
prepare_iterator,0.00002
body[cloud-http],0.00932
edge_get,0.00159
cloud_get,0.01064
prepare_header,0.00005
prepare_iterator,0.00002
body[cloud-http],0.00818
edge_get,0.00335
prepare_header,0.00004
prepare_iterator,0.00002
body[edge],0.00812
edge_get,0.00320
prepare_header,0.00004
prepare_iterator,0.00002
body[edge],0.00645
edge_get,0.00360
prepare_header,0.00004
prepare_iterator,0.00002
body[edge],0.00821
edge_get,0.00153
cloud_get,0.01265
prepare_header,0.00002
prepare_iterator,0.00001
body[cloud-http],0.00539
edge_get,0.00077
cloud_get,0.00568
prepare_header,0.00002
prepare_iterator,0.00001
body[cloud-http],0.00483
edge_get,0.00306
prepare_header,0.00002
prepare_iterator,0.00001
body[edge],0.00608
edge_get,0.00356
prepare_header,0.00004
prepare_iterator,0.00002
body[edge],0.01091
edge_get,0.00370
prepare_header,0.00004
prepare_iterator,0.00002
body[edge],0.01338
edge_get,0.00330
prepare_header,0.00004
prepare_iterator,0.00001
body[edge],0.00633
edge_get,0.00336
prepare_header,0.00004
prepare_iterator,0.00002
body[edge],0.01035
edge_get,0.00158
cloud_get,0.01160
prepare_header,0.00006
prepare_iterator,0.00005
body[cloud-http],0.00530
edge_get,0.00144
cloud_get,0.00994
prepare_header,0.00005
prepare_iterator,0.00002
body[cloud-http],0.00534
edge_get,0.00387
prepare_header,0.00003
prepare_iterator,0.00002
body[edge],0.01410
edge_get,0.00086
cloud_get,0.00574
prepare_header,0.00002
prepare_iterator,0.00001
body[cloud-http],0.00405
edge_get,0.00185
cloud_get,0.01090
prepare_header,0.00006
prepare_iterator,0.00002
body[cloud-http],0.00598
edge_get,0.00323
prepare_header,0.00004
prepare_iterator,0.00002
body[edge],0.00748
edge_get,0.00326
prepare_header,0.00004
prepare_iterator,0.00002
body[edge],0.01082
edge_get,0.00386
prepare_header,0.00008
prepare_iterator,0.00003
body[edge],0.01225
edge_get,0.00138
cloud_get,0.00998
prepare_header,0.00004
prepare_iterator,0.00002
body[cloud-http],0.00600
edge_get,0.00392
prepare_header,0.00004
prepare_iterator,0.00002
body[edge],0.01134
edge_get,0.00132
cloud_get,0.00608
prepare_header,0.00006
prepare_iterator,0.00013
body[cloud-http],0.00498
edge_get,0.00101
cloud_get,0.00575
prepare_header,0.00002
prepare_iterator,0.00002
body[cloud-http],0.00503
edge_get,0.00163
prepare_header,0.00002
prepare_iterator,0.00001
body[edge],0.00583
edge_get,0.00363
prepare_header,0.00002
prepare_iterator,0.00001
body[edge],0.00672
edge_get,0.00081
cloud_get,0.00565
prepare_header,0.00002
prepare_iterator,0.00001
body[cloud-http],0.00497
edge_get,0.00305
prepare_header,0.00002
prepare_iterator,0.00001
body[edge],0.00580
edge_get,0.00186
cloud_get,0.01140
prepare_header,0.00008
prepare_iterator,0.00002
body[cloud-http],0.00525
edge_get,0.00156
prepare_header,0.00002
prepare_iterator,0.00001
body[edge],0.00593
edge_get,0.00321
prepare_header,0.00004
prepare_iterator,0.00002
body[edge],0.01099
edge_get,0.00193
cloud_get,0.01337
prepare_header,0.00010
prepare_iterator,0.00002
body[cloud-http],0.00471
edge_get,0.00380
prepare_header,0.00004
prepare_iterator,0.00002
body[edge],0.01327
edge_get,0.00340
prepare_header,0.00005
prepare_iterator,0.00002
body[edge],0.00965
edge_get,0.00375
prepare_header,0.00004
prepare_iterator,0.00002
body[edge],0.01263
edge_get,0.00081
cloud_get,0.00671
prepare_header,0.00003
prepare_iterator,0.00001
body[cloud-http],0.00465
edge_get,0.00082
cloud_get,0.00614
prepare_header,0.00004
prepare_iterator,0.00004
body[cloud-http],0.00441
edge_get,0.00145
cloud_get,0.01080
prepare_header,0.00006
prepare_iterator,0.00016
body[cloud-http],0.00546
edge_get,0.00324
prepare_header,0.00004
prepare_iterator,0.00002
body[edge],0.00869
edge_get,0.00198
prepare_header,0.00002
prepare_iterator,0.00001
body[edge],0.00578
edge_get,0.00191
cloud_get,0.02564
prepare_header,0.00002
prepare_iterator,0.00001
body[cloud-http],0.00523
edge_get,0.00162
cloud_get,0.01074
prepare_header,0.00003
prepare_iterator,0.00001
body[cloud-http],0.00606
edge_get,0.00379
prepare_header,0.00004
prepare_iterator,0.00002
body[edge],0.01228
edge_get,0.00373
prepare_header,0.00004
prepare_iterator,0.00002
body[edge],0.01136
edge_get,0.00161
cloud_get,0.00760
prepare_header,0.00003
prepare_iterator,0.00001
body[cloud-http],0.00504
edge_get,0.00157
prepare_header,0.00002
prepare_iterator,0.00001
body[edge],0.00597
edge_get,0.00343
prepare_header,0.00005
prepare_iterator,0.00002
body[edge],0.00935
edge_get,0.00146
cloud_get,0.00990
prepare_header,0.00006
prepare_iterator,0.00002
body[cloud-http],0.00558
edge_get,0.00312
prepare_header,0.00003
prepare_iterator,0.00003
body[edge],0.00762
edge_get,0.00177
cloud_get,0.01121
prepare_header,0.00007
prepare_iterator,0.00003
body[cloud-http],0.00525
edge_get,0.00366
prepare_header,0.00003
prepare_iterator,0.00002
body[edge],0.01456
edge_get,0.00359
prepare_header,0.00004
prepare_iterator,0.00003
body[edge],0.01200
edge_get,0.00167
prepare_header,0.00002
prepare_iterator,0.00004
body[edge],0.00683
edge_get,0.00138
cloud_get,0.00678
prepare_header,0.00002
prepare_iterator,0.00001
body[cloud-http],0.00702
edge_get,0.00080
cloud_get,0.00568
prepare_header,0.00002
prepare_iterator,0.00001
body[cloud-http],0.01144
edge_get,0.00408
prepare_header,0.00002
prepare_iterator,0.00001
body[edge],0.00689
edge_get,0.00130
cloud_get,0.00564
prepare_header,0.00002
prepare_iterator,0.00001
body[cloud-http],0.00571
edge_get,0.00146
cloud_get,0.01062
prepare_header,0.00005
prepare_iterator,0.00002
body[cloud-http],0.00536
edge_get,0.00209
prepare_header,0.00002
prepare_iterator,0.00001
body[edge],0.00528
edge_get,0.00085
cloud_get,0.00588
prepare_header,0.00002
prepare_iterator,0.00001
body[cloud-http],0.00487
edge_get,0.00391
prepare_header,0.00005
prepare_iterator,0.00002
body[edge],0.00940
edge_get,0.00392
prepare_header,0.00005
prepare_iterator,0.00007
body[edge],0.01169
edge_get,0.00159
prepare_header,0.00002
prepare_iterator,0.00001
body[edge],0.00546
edge_get,0.00165
cloud_get,0.01037
prepare_header,0.00004
prepare_iterator,0.00002
body[cloud-http],0.00591
edge_get,0.00324
prepare_header,0.00007
prepare_iterator,0.00002
body[edge],0.00689
edge_get,0.00357
prepare_header,0.00005
prepare_iterator,0.00002
body[edge],0.01113
edge_get,0.00341
prepare_header,0.00005
prepare_iterator,0.00002
body[edge],0.01204
edge_get,0.00130
cloud_get,0.00615
prepare_header,0.00002
prepare_iterator,0.00001
body[cloud-http],0.00477
edge_get,0.00343
prepare_header,0.00004
prepare_iterator,0.00002
body[edge],0.00956
edge_get,0.00151
cloud_get,0.01185
prepare_header,0.00011
prepare_iterator,0.00002
body[cloud-http],0.00559
edge_get,0.00357
prepare_header,0.00004
prepare_iterator,0.00002
body[edge],0.01258
edge_get,0.00356
prepare_header,0.00004
prepare_iterator,0.00004
body[edge],0.01392
edge_get,0.00333
prepare_header,0.00003
prepare_iterator,0.00002
body[edge],0.01258
edge_get,0.00159
prepare_header,0.00002
prepare_iterator,0.00001
body[edge],0.00625
edge_get,0.00369
prepare_header,0.00005
prepare_iterator,0.00003
body[edge],0.01224
edge_get,0.00102
cloud_get,0.02084
prepare_header,0.00003
prepare_iterator,0.00001
body[cloud-http],0.00628
edge_get,0.00155
prepare_header,0.00002
prepare_iterator,0.00001
body[edge],0.00606
edge_get,0.00439
prepare_header,0.00005
prepare_iterator,0.00003
body[edge],0.01088
edge_get,0.00359
prepare_header,0.00004
prepare_iterator,0.00002
body[edge],0.01180
edge_get,0.00314
prepare_header,0.00004
prepare_iterator,0.00007
body[edge],0.00551
edge_get,0.00145
cloud_get,0.00959
prepare_header,0.00007
prepare_iterator,0.00002
body[cloud-http],0.00487
edge_get,0.00328
prepare_header,0.00005
prepare_iterator,0.00002
body[edge],0.01290
edge_get,0.00352
prepare_header,0.00004
prepare_iterator,0.00002
body[edge],0.01087
edge_get,0.00092
cloud_get,0.00565
prepare_header,0.00002
prepare_iterator,0.00001
body[cloud-http],0.00509
edge_get,0.00176
cloud_get,0.01884
prepare_header,0.00007
prepare_iterator,0.00006
body[cloud-http],0.00439
edge_get,0.00381
prepare_header,0.00005
prepare_iterator,0.00004
body[edge],0.01174
edge_get,0.00152
cloud_get,0.00977
prepare_header,0.00005
prepare_iterator,0.00002
body[cloud-http],0.00645
edge_get,0.00213
cloud_get,0.01000
prepare_header,0.00007
prepare_iterator,0.00002
body[cloud-http],0.00729
edge_get,0.00355
prepare_header,0.00004
prepare_iterator,0.00002
body[edge],0.01153
edge_get,0.00371
prepare_header,0.00005
prepare_iterator,0.00002
body[edge],0.01246
edge_get,0.00148
prepare_header,0.00002
prepare_iterator,0.00001
body[edge],0.00669
edge_get,0.00163
prepare_header,0.00002
prepare_iterator,0.00001
body[edge],0.00979
edge_get,0.00374
prepare_header,0.00005
prepare_iterator,0.00002
body[edge],0.01073
edge_get,0.00345
prepare_header,0.00006
prepare_iterator,0.00003
body[edge],0.01099
edge_get,0.00334
prepare_header,0.00005
prepare_iterator,0.00003
body[edge],0.01015
edge_get,0.00383
prepare_header,0.00004
prepare_iterator,0.00002
body[edge],0.01068
edge_get,0.00141
cloud_get,0.00956
prepare_header,0.00006
prepare_iterator,0.00002
body[cloud-http],0.00576
edge_get,0.00166
cloud_get,0.01324
prepare_header,0.00005
prepare_iterator,0.00002
body[cloud-http],0.00516
edge_get,0.00329
prepare_header,0.00005
prepare_iterator,0.00002
body[edge],0.00777
edge_get,0.00170
cloud_get,0.04008
prepare_header,0.00002
prepare_iterator,0.00001
body[cloud-http],0.00366
edge_get,0.00311
prepare_header,0.00004
prepare_iterator,0.00002
body[edge],0.00692
edge_get,0.00411
prepare_header,0.00005
prepare_iterator,0.00002
body[edge],0.01079
edge_get,0.00164
prepare_header,0.00002
prepare_iterator,0.00001
body[edge],0.00559
edge_get,0.00183
cloud_get,0.00969
prepare_header,0.00005
prepare_iterator,0.00002
body[cloud-http],0.00819
edge_get,0.00335
prepare_header,0.00005
prepare_iterator,0.00003
body[edge],0.00824
