endpoint_ms,26.496
endpoint_ms,15.081
endpoint_ms,7.258
endpoint_ms,9.267
endpoint_ms,7.073
endpoint_ms,9.753
endpoint_ms,8.084
endpoint_ms,8.854
endpoint_ms,8.872
endpoint_ms,8.205
endpoint_ms,8.136
endpoint_ms,7.963
endpoint_ms,7.340
endpoint_ms,7.218
endpoint_ms,7.622
endpoint_ms,18.207
endpoint_ms,10.795
endpoint_ms,8.802
endpoint_ms,7.009
endpoint_ms,7.450
endpoint_ms,7.352
endpoint_ms,8.039
endpoint_ms,8.898
endpoint_ms,8.711
endpoint_ms,6.687
endpoint_ms,9.194
endpoint_ms,9.073
endpoint_ms,8.799
endpoint_ms,19.978
endpoint_ms,9.096
endpoint_ms,9.113
endpoint_ms,9.089
endpoint_ms,12.412
endpoint_ms,8.773
endpoint_ms,8.951
endpoint_ms,8.807
endpoint_ms,14.447
endpoint_ms,9.437
endpoint_ms,7.629
endpoint_ms,8.589
endpoint_ms,9.439
endpoint_ms,14.884
endpoint_ms,8.996
endpoint_ms,8.781
endpoint_ms,8.482
endpoint_ms,9.399
endpoint_ms,13.870
endpoint_ms,10.620
endpoint_ms,8.605
endpoint_ms,8.727
endpoint_ms,9.015
endpoint_ms,10.914
endpoint_ms,8.436
endpoint_ms,8.785
endpoint_ms,9.256
endpoint_ms,7.985
endpoint_ms,12.740
endpoint_ms,8.822
endpoint_ms,9.902
endpoint_ms,9.047
endpoint_ms,8.916
endpoint_ms,9.766
endpoint_ms,7.934
endpoint_ms,8.226
endpoint_ms,9.077
endpoint_ms,8.050
endpoint_ms,10.316
endpoint_ms,7.223
endpoint_ms,8.254
endpoint_ms,8.637
endpoint_ms,7.775
endpoint_ms,8.252
endpoint_ms,9.748
endpoint_ms,8.839
endpoint_ms,8.206
endpoint_ms,8.831
endpoint_ms,8.555
endpoint_ms,9.617
endpoint_ms,8.700
endpoint_ms,8.847
endpoint_ms,9.693
endpoint_ms,9.768
endpoint_ms,12.134
endpoint_ms,10.794
endpoint_ms,7.584
endpoint_ms,10.161
endpoint_ms,8.236
endpoint_ms,10.677
endpoint_ms,13.694
endpoint_ms,7.092
endpoint_ms,10.374
endpoint_ms,7.418
endpoint_ms,10.493
endpoint_ms,8.260
endpoint_ms,8.419
endpoint_ms,9.581
endpoint_ms,8.298
endpoint_ms,12.860
endpoint_ms,8.923
endpoint_ms,8.390
endpoint_ms,9.398
endpoint_ms,7.741
endpoint_ms,11.385
endpoint_ms,9.312
endpoint_ms,8.334
endpoint_ms,8.971
endpoint_ms,7.519
endpoint_ms,12.525
endpoint_ms,8.266
endpoint_ms,8.079
endpoint_ms,8.746
endpoint_ms,8.745
endpoint_ms,12.640
endpoint_ms,8.190
endpoint_ms,8.532
endpoint_ms,8.772
endpoint_ms,7.963
endpoint_ms,11.739
endpoint_ms,9.010
endpoint_ms,7.366
endpoint_ms,10.467
endpoint_ms,7.582
endpoint_ms,10.980
endpoint_ms,8.441
endpoint_ms,8.185
endpoint_ms,9.523
endpoint_ms,8.052
endpoint_ms,12.834
endpoint_ms,8.837
endpoint_ms,8.497
endpoint_ms,8.240
endpoint_ms,8.606
endpoint_ms,11.116
endpoint_ms,8.121
endpoint_ms,7.595
endpoint_ms,9.200
endpoint_ms,7.048
endpoint_ms,11.613
endpoint_ms,7.336
endpoint_ms,7.834
endpoint_ms,10.019
endpoint_ms,7.644
endpoint_ms,10.648
endpoint_ms,8.256
endpoint_ms,7.657
endpoint_ms,9.628
endpoint_ms,7.997
endpoint_ms,10.968
endpoint_ms,7.983
endpoint_ms,9.017
endpoint_ms,9.133
endpoint_ms,8.570
endpoint_ms,10.870
endpoint_ms,9.532
endpoint_ms,7.596
endpoint_ms,8.784
endpoint_ms,8.621
endpoint_ms,14.660
endpoint_ms,8.326
endpoint_ms,9.230
endpoint_ms,9.559
endpoint_ms,8.409
endpoint_ms,10.850
endpoint_ms,9.006
endpoint_ms,7.355
endpoint_ms,9.288
endpoint_ms,6.858
endpoint_ms,10.469
endpoint_ms,7.557
endpoint_ms,8.827
endpoint_ms,7.208
endpoint_ms,8.813
endpoint_ms,14.294
endpoint_ms,8.328
endpoint_ms,7.340
endpoint_ms,8.754
endpoint_ms,8.573
endpoint_ms,12.732
endpoint_ms,7.142
endpoint_ms,7.675
endpoint_ms,8.838
endpoint_ms,7.944
endpoint_ms,9.763
endpoint_ms,8.435
endpoint_ms,7.496
endpoint_ms,9.791
endpoint_ms,7.934
endpoint_ms,11.539
endpoint_ms,8.599
endpoint_ms,8.345
endpoint_ms,8.988
endpoint_ms,8.892
endpoint_ms,10.801
endpoint_ms,9.403
endpoint_ms,7.883
endpoint_ms,9.604
endpoint_ms,8.372
endpoint_ms,15.173
endpoint_ms,8.149
endpoint_ms,8.256
endpoint_ms,9.196
endpoint_ms,8.271
endpoint_ms,12.998
endpoint_ms,8.524
endpoint_ms,7.528
endpoint_ms,8.942
endpoint_ms,8.115
endpoint_ms,12.213
endpoint_ms,7.751
endpoint_ms,7.114
endpoint_ms,9.203
endpoint_ms,7.635
endpoint_ms,11.698
endpoint_ms,8.706
endpoint_ms,7.276
endpoint_ms,9.948
endpoint_ms,7.547
endpoint_ms,11.790
endpoint_ms,8.224
endpoint_ms,7.909
endpoint_ms,8.363
endpoint_ms,7.708
endpoint_ms,11.200
endpoint_ms,7.915
endpoint_ms,9.066
endpoint_ms,9.145
endpoint_ms,8.092
endpoint_ms,10.460
endpoint_ms,8.406
endpoint_ms,7.965
endpoint_ms,9.677
endpoint_ms,7.482
endpoint_ms,12.132
endpoint_ms,7.862
endpoint_ms,8.543
endpoint_ms,9.404
endpoint_ms,7.680
endpoint_ms,10.960
endpoint_ms,10.832
endpoint_ms,7.636
endpoint_ms,10.115
endpoint_ms,7.424
endpoint_ms,10.576
endpoint_ms,8.759
endpoint_ms,8.155
endpoint_ms,8.958
endpoint_ms,8.428
endpoint_ms,12.481
endpoint_ms,7.156
endpoint_ms,7.716
endpoint_ms,8.983
endpoint_ms,7.972
endpoint_ms,11.327
endpoint_ms,9.454
endpoint_ms,7.397
endpoint_ms,9.119
endpoint_ms,11.096
endpoint_ms,8.760
endpoint_ms,7.279
endpoint_ms,9.843
endpoint_ms,8.279
endpoint_ms,11.293
endpoint_ms,8.778
endpoint_ms,6.951
endpoint_ms,9.156
endpoint_ms,8.008
endpoint_ms,12.635
endpoint_ms,8.559
endpoint_ms,7.910
endpoint_ms,7.631
endpoint_ms,8.456
endpoint_ms,10.668
endpoint_ms,9.139
endpoint_ms,7.553
endpoint_ms,8.650
endpoint_ms,9.448
endpoint_ms,10.581
endpoint_ms,7.953
endpoint_ms,8.955
endpoint_ms,8.142
endpoint_ms,8.548
endpoint_ms,11.336
endpoint_ms,8.464
endpoint_ms,10.053
endpoint_ms,8.469
endpoint_ms,9.764
endpoint_ms,10.297
endpoint_ms,8.613
endpoint_ms,7.218
endpoint_ms,8.724
endpoint_ms,8.257
endpoint_ms,11.346
endpoint_ms,7.998
endpoint_ms,8.310
endpoint_ms,7.385
endpoint_ms,9.530
endpoint_ms,11.433
endpoint_ms,8.285
endpoint_ms,8.140
endpoint_ms,8.768
endpoint_ms,8.926
endpoint_ms,11.608
endpoint_ms,8.301
endpoint_ms,8.038
endpoint_ms,8.853
endpoint_ms,8.331
endpoint_ms,11.338
endpoint_ms,8.161
endpoint_ms,8.530
endpoint_ms,8.975
endpoint_ms,8.801
endpoint_ms,9.317
endpoint_ms,14.485
endpoint_ms,8.278
endpoint_ms,8.086
endpoint_ms,8.491
endpoint_ms,9.047
endpoint_ms,8.623
endpoint_ms,7.978
endpoint_ms,8.389
endpoint_ms,8.777
endpoint_ms,8.590
endpoint_ms,13.839
endpoint_ms,8.418
endpoint_ms,7.448
endpoint_ms,9.438
endpoint_ms,7.401
endpoint_ms,11.973
endpoint_ms,7.620
endpoint_ms,8.330
endpoint_ms,9.865
endpoint_ms,8.243
endpoint_ms,11.795
endpoint_ms,10.406
endpoint_ms,9.177
endpoint_ms,31.438
endpoint_ms,15.219
endpoint_ms,10.786
endpoint_ms,8.215
endpoint_ms,12.130
endpoint_ms,10.141
endpoint_ms,7.431
endpoint_ms,13.539
endpoint_ms,8.194
endpoint_ms,8.505
endpoint_ms,9.435
endpoint_ms,11.338
endpoint_ms,14.093
endpoint_ms,11.456
endpoint_ms,15.350
endpoint_ms,8.527
endpoint_ms,11.428
endpoint_ms,8.093
endpoint_ms,8.129
endpoint_ms,9.239
endpoint_ms,8.120
endpoint_ms,11.933
endpoint_ms,7.740
endpoint_ms,8.393
endpoint_ms,8.914
endpoint_ms,8.446
endpoint_ms,13.526
endpoint_ms,8.854
endpoint_ms,9.469
endpoint_ms,8.198
endpoint_ms,15.359
endpoint_ms,8.167
endpoint_ms,8.243
endpoint_ms,8.240
endpoint_ms,8.508
endpoint_ms,9.252
endpoint_ms,8.390
endpoint_ms,8.672
endpoint_ms,7.823
endpoint_ms,11.733
endpoint_ms,9.502
endpoint_ms,8.387
endpoint_ms,8.035
endpoint_ms,7.353
endpoint_ms,10.675
endpoint_ms,9.690
endpoint_ms,7.287
endpoint_ms,9.001
endpoint_ms,7.515
endpoint_ms,11.324
endpoint_ms,11.813
endpoint_ms,8.641
endpoint_ms,8.369
endpoint_ms,8.317
endpoint_ms,12.009
endpoint_ms,8.548
endpoint_ms,8.583
endpoint_ms,7.656
endpoint_ms,9.170
endpoint_ms,10.970
endpoint_ms,9.418
endpoint_ms,7.271
endpoint_ms,8.302
endpoint_ms,8.018
endpoint_ms,12.485
endpoint_ms,10.246
endpoint_ms,7.074
endpoint_ms,9.631
endpoint_ms,7.409
endpoint_ms,13.202
endpoint_ms,8.412
endpoint_ms,9.406
endpoint_ms,8.351
endpoint_ms,8.629
endpoint_ms,12.022
endpoint_ms,8.948
endpoint_ms,7.827
endpoint_ms,8.618
endpoint_ms,7.542
endpoint_ms,11.867
endpoint_ms,8.861
endpoint_ms,13.075
endpoint_ms,7.773
endpoint_ms,9.571
endpoint_ms,10.716
endpoint_ms,8.802
endpoint_ms,7.005
endpoint_ms,9.145
endpoint_ms,7.177
endpoint_ms,12.156
endpoint_ms,8.441
endpoint_ms,7.753
endpoint_ms,11.902
endpoint_ms,13.940
endpoint_ms,16.961
endpoint_ms,22.936
endpoint_ms,9.423
endpoint_ms,7.058
endpoint_ms,7.728
endpoint_ms,12.828
endpoint_ms,8.780
endpoint_ms,8.414
endpoint_ms,8.232
endpoint_ms,8.218
endpoint_ms,10.908
endpoint_ms,9.595
endpoint_ms,7.283
endpoint_ms,8.412
endpoint_ms,7.666
endpoint_ms,12.227
endpoint_ms,8.217
endpoint_ms,8.563
endpoint_ms,8.213
endpoint_ms,8.950
endpoint_ms,11.485
endpoint_ms,9.085
endpoint_ms,7.738
endpoint_ms,8.469
endpoint_ms,8.475
endpoint_ms,7.783
endpoint_ms,9.422
endpoint_ms,8.100
endpoint_ms,8.977
endpoint_ms,8.101
endpoint_ms,10.662
endpoint_ms,9.039
endpoint_ms,8.237
endpoint_ms,8.192
endpoint_ms,8.047
endpoint_ms,13.970
endpoint_ms,8.498
endpoint_ms,6.704
endpoint_ms,9.191
endpoint_ms,7.104
endpoint_ms,11.896
endpoint_ms,9.626
endpoint_ms,7.799
endpoint_ms,8.689
endpoint_ms,7.434
endpoint_ms,9.453
endpoint_ms,8.055
endpoint_ms,13.536
endpoint_ms,9.161
endpoint_ms,8.552
endpoint_ms,10.690
endpoint_ms,9.196
endpoint_ms,8.167
endpoint_ms,9.352
endpoint_ms,8.758
endpoint_ms,10.013
endpoint_ms,9.490
endpoint_ms,8.420
endpoint_ms,8.077
endpoint_ms,8.333
endpoint_ms,9.559
endpoint_ms,9.988
endpoint_ms,7.887
endpoint_ms,8.888
endpoint_ms,7.863
endpoint_ms,9.147
endpoint_ms,10.680
endpoint_ms,8.580
endpoint_ms,9.621
endpoint_ms,7.960
endpoint_ms,9.111
endpoint_ms,9.209
endpoint_ms,8.493
endpoint_ms,8.727
endpoint_ms,8.389
endpoint_ms,8.468
endpoint_ms,9.223
endpoint_ms,9.507
endpoint_ms,8.816
endpoint_ms,7.666
endpoint_ms,9.343
endpoint_ms,12.574
endpoint_ms,9.584
endpoint_ms,7.161
endpoint_ms,8.948
endpoint_ms,7.848
endpoint_ms,13.533
endpoint_ms,8.273
endpoint_ms,7.206
endpoint_ms,8.689
endpoint_ms,7.548
endpoint_ms,12.947
endpoint_ms,9.048
endpoint_ms,7.629
endpoint_ms,8.837
endpoint_ms,8.166
endpoint_ms,12.153
endpoint_ms,8.854
endpoint_ms,7.602
endpoint_ms,9.297
endpoint_ms,7.653
endpoint_ms,13.162
endpoint_ms,8.665
endpoint_ms,11.457
endpoint_ms,11.478
endpoint_ms,8.521
endpoint_ms,9.279
endpoint_ms,7.546
endpoint_ms,8.541
endpoint_ms,8.183
endpoint_ms,10.593
endpoint_ms,11.291
endpoint_ms,8.305
endpoint_ms,8.849
endpoint_ms,9.052
endpoint_ms,14.119
endpoint_ms,8.954
endpoint_ms,9.018
endpoint_ms,9.336
endpoint_ms,7.528
endpoint_ms,12.837
endpoint_ms,11.363
endpoint_ms,7.576
endpoint_ms,7.791
endpoint_ms,10.629
endpoint_ms,9.995
endpoint_ms,8.412
endpoint_ms,9.854
endpoint_ms,8.176
endpoint_ms,11.380
endpoint_ms,7.622
endpoint_ms,9.278
endpoint_ms,8.629
endpoint_ms,7.487
endpoint_ms,11.831
endpoint_ms,8.145
endpoint_ms,8.376
endpoint_ms,9.043
endpoint_ms,7.051
endpoint_ms,12.563
endpoint_ms,9.661
endpoint_ms,8.953
endpoint_ms,8.639
endpoint_ms,9.516
endpoint_ms,10.860
endpoint_ms,8.765
endpoint_ms,7.962
endpoint_ms,8.719
endpoint_ms,7.511
endpoint_ms,13.262
endpoint_ms,7.361
endpoint_ms,9.227
endpoint_ms,8.943
endpoint_ms,8.976
endpoint_ms,15.046
endpoint_ms,9.297
endpoint_ms,8.144
endpoint_ms,9.433
endpoint_ms,10.472
endpoint_ms,6.874
endpoint_ms,7.468
endpoint_ms,9.077
endpoint_ms,7.587
endpoint_ms,11.408
endpoint_ms,7.880
endpoint_ms,8.710
endpoint_ms,9.401
endpoint_ms,8.704
endpoint_ms,12.368
endpoint_ms,8.326
endpoint_ms,8.471
endpoint_ms,9.682
endpoint_ms,7.530
endpoint_ms,12.848
endpoint_ms,8.242
endpoint_ms,7.505
endpoint_ms,9.816
endpoint_ms,7.814
endpoint_ms,11.708
endpoint_ms,8.230
endpoint_ms,7.971
endpoint_ms,9.106
endpoint_ms,8.081
endpoint_ms,12.075
endpoint_ms,9.483
endpoint_ms,7.127
endpoint_ms,9.888
endpoint_ms,7.224
endpoint_ms,10.965
endpoint_ms,7.625
endpoint_ms,8.648
endpoint_ms,9.388
endpoint_ms,8.596
endpoint_ms,12.921
endpoint_ms,8.168
endpoint_ms,8.173
endpoint_ms,9.653
endpoint_ms,8.806
endpoint_ms,11.129
endpoint_ms,8.076
endpoint_ms,8.069
endpoint_ms,9.357
endpoint_ms,8.109
endpoint_ms,10.607
endpoint_ms,8.150
endpoint_ms,8.611
endpoint_ms,8.974
endpoint_ms,7.579
endpoint_ms,10.519
endpoint_ms,6.939
endpoint_ms,8.212
endpoint_ms,8.827
endpoint_ms,9.656
endpoint_ms,9.879
endpoint_ms,8.540
endpoint_ms,7.397
endpoint_ms,9.441
endpoint_ms,6.994
endpoint_ms,10.348
endpoint_ms,7.496
endpoint_ms,8.341
endpoint_ms,8.977
endpoint_ms,8.980
endpoint_ms,10.926
endpoint_ms,8.083
endpoint_ms,7.219
endpoint_ms,10.194
endpoint_ms,9.278
endpoint_ms,10.761
endpoint_ms,9.418
endpoint_ms,8.183
endpoint_ms,9.211
endpoint_ms,9.063
endpoint_ms,9.832
endpoint_ms,10.498
endpoint_ms,8.414
endpoint_ms,9.080
endpoint_ms,8.278
endpoint_ms,8.749
endpoint_ms,8.042
endpoint_ms,7.702
endpoint_ms,9.705
endpoint_ms,7.682
endpoint_ms,9.009
endpoint_ms,8.937
endpoint_ms,7.750
endpoint_ms,10.431
endpoint_ms,8.570
endpoint_ms,11.773
endpoint_ms,8.575
endpoint_ms,7.764
endpoint_ms,9.868
endpoint_ms,9.346
endpoint_ms,9.316
endpoint_ms,11.831
endpoint_ms,9.143
endpoint_ms,11.109
endpoint_ms,8.560
endpoint_ms,7.413
endpoint_ms,11.365
endpoint_ms,8.197
endpoint_ms,9.538
endpoint_ms,9.076
endpoint_ms,8.827
endpoint_ms,13.978
endpoint_ms,12.120
endpoint_ms,8.141
endpoint_ms,8.339
endpoint_ms,11.760
endpoint_ms,9.779
endpoint_ms,8.098
endpoint_ms,10.195
endpoint_ms,7.264
endpoint_ms,12.032
endpoint_ms,10.115
endpoint_ms,7.567
endpoint_ms,9.284
endpoint_ms,8.656
endpoint_ms,15.391
endpoint_ms,8.679
endpoint_ms,7.266
endpoint_ms,9.058
endpoint_ms,7.466
endpoint_ms,10.205
endpoint_ms,7.749
endpoint_ms,7.575
endpoint_ms,8.349
endpoint_ms,7.680
endpoint_ms,8.375
endpoint_ms,7.383
endpoint_ms,8.564
endpoint_ms,7.680
endpoint_ms,11.991
endpoint_ms,8.597
endpoint_ms,8.483
endpoint_ms,8.735
endpoint_ms,10.089
endpoint_ms,12.014
endpoint_ms,16.140
endpoint_ms,8.442
endpoint_ms,8.944
endpoint_ms,9.067
endpoint_ms,11.611
endpoint_ms,8.967
endpoint_ms,7.394
endpoint_ms,9.697
endpoint_ms,8.303
endpoint_ms,11.498
endpoint_ms,7.498
endpoint_ms,8.190
endpoint_ms,8.724
endpoint_ms,9.410
endpoint_ms,10.886
endpoint_ms,8.687
endpoint_ms,7.567
endpoint_ms,8.094
endpoint_ms,8.092
endpoint_ms,11.196
endpoint_ms,9.176
endpoint_ms,7.923
endpoint_ms,8.653
endpoint_ms,8.145
endpoint_ms,11.671
endpoint_ms,7.759
endpoint_ms,8.511
endpoint_ms,9.618
endpoint_ms,7.502
endpoint_ms,12.097
endpoint_ms,8.402
endpoint_ms,11.130
endpoint_ms,8.168
endpoint_ms,9.527
endpoint_ms,11.206
endpoint_ms,8.969
endpoint_ms,7.543
endpoint_ms,8.862
endpoint_ms,9.133
endpoint_ms,10.014
endpoint_ms,7.685
endpoint_ms,8.270
endpoint_ms,7.728
endpoint_ms,9.403
endpoint_ms,10.575
endpoint_ms,8.029
endpoint_ms,7.743
endpoint_ms,7.246
endpoint_ms,7.754
endpoint_ms,9.797
endpoint_ms,9.091
endpoint_ms,7.661
endpoint_ms,8.193
endpoint_ms,8.594
endpoint_ms,12.020
endpoint_ms,10.407
endpoint_ms,8.038
endpoint_ms,9.553
endpoint_ms,9.597
endpoint_ms,11.536
endpoint_ms,8.007
endpoint_ms,8.215
endpoint_ms,8.192
endpoint_ms,9.894
endpoint_ms,10.117
endpoint_ms,8.596
endpoint_ms,8.748
endpoint_ms,8.553
endpoint_ms,10.525
endpoint_ms,15.673
endpoint_ms,7.446
endpoint_ms,9.010
endpoint_ms,6.871
endpoint_ms,9.071
endpoint_ms,10.969
endpoint_ms,8.659
endpoint_ms,8.730
endpoint_ms,9.361
endpoint_ms,7.374
endpoint_ms,11.969
endpoint_ms,8.671
endpoint_ms,8.283
endpoint_ms,7.763
endpoint_ms,8.926
endpoint_ms,8.489
endpoint_ms,8.747
endpoint_ms,8.867
endpoint_ms,9.513
endpoint_ms,8.010
endpoint_ms,20.106
endpoint_ms,9.311
endpoint_ms,8.282
endpoint_ms,7.858
endpoint_ms,9.403
endpoint_ms,9.729
endpoint_ms,9.023
endpoint_ms,7.518
endpoint_ms,7.944
endpoint_ms,9.399
endpoint_ms,11.719
endpoint_ms,7.349
endpoint_ms,8.475
endpoint_ms,7.788
endpoint_ms,9.687
endpoint_ms,10.923
endpoint_ms,7.763
endpoint_ms,11.664
endpoint_ms,9.715
endpoint_ms,8.679
endpoint_ms,9.518
endpoint_ms,20.818
endpoint_ms,8.500
endpoint_ms,7.835
endpoint_ms,9.951
endpoint_ms,7.687
endpoint_ms,10.211
endpoint_ms,8.927
endpoint_ms,7.312
endpoint_ms,8.939
endpoint_ms,8.093
endpoint_ms,13.771
endpoint_ms,13.886
endpoint_ms,10.570
endpoint_ms,31.976
endpoint_ms,15.827
endpoint_ms,10.061
endpoint_ms,9.666
endpoint_ms,9.312
endpoint_ms,9.533
endpoint_ms,8.473
endpoint_ms,8.674
endpoint_ms,7.740
endpoint_ms,11.208
endpoint_ms,8.765
endpoint_ms,7.499
endpoint_ms,8.249
endpoint_ms,9.317
endpoint_ms,12.854
endpoint_ms,9.794
endpoint_ms,8.135
endpoint_ms,8.422
endpoint_ms,13.985
endpoint_ms,12.308
endpoint_ms,8.777
endpoint_ms,7.629
endpoint_ms,8.922
endpoint_ms,7.853
endpoint_ms,11.311
endpoint_ms,8.456
endpoint_ms,8.054
endpoint_ms,9.160
endpoint_ms,8.067
endpoint_ms,10.833
endpoint_ms,8.506
endpoint_ms,8.902
endpoint_ms,9.070
endpoint_ms,7.505
endpoint_ms,12.125
endpoint_ms,8.706
endpoint_ms,8.129
endpoint_ms,8.951
endpoint_ms,8.325
endpoint_ms,12.657
endpoint_ms,7.800
endpoint_ms,9.058
endpoint_ms,8.282
endpoint_ms,7.928
endpoint_ms,11.638
endpoint_ms,8.449
endpoint_ms,7.728
endpoint_ms,9.623
endpoint_ms,7.693
endpoint_ms,13.347
endpoint_ms,9.246
endpoint_ms,7.018
endpoint_ms,8.576
endpoint_ms,8.607
endpoint_ms,8.305
endpoint_ms,8.811
endpoint_ms,9.329
endpoint_ms,8.329
endpoint_ms,12.346
endpoint_ms,8.842
endpoint_ms,9.232
endpoint_ms,8.786
endpoint_ms,9.030
endpoint_ms,10.532
endpoint_ms,7.761
endpoint_ms,8.160
endpoint_ms,8.327
endpoint_ms,8.200
endpoint_ms,11.324
endpoint_ms,7.630
endpoint_ms,13.854
endpoint_ms,8.073
endpoint_ms,8.226
endpoint_ms,11.081
endpoint_ms,8.369
endpoint_ms,8.007
endpoint_ms,9.323
endpoint_ms,7.503
endpoint_ms,13.281
endpoint_ms,12.436
endpoint_ms,13.487
endpoint_ms,11.970
endpoint_ms,17.337
endpoint_ms,9.674
endpoint_ms,8.345
endpoint_ms,9.935
endpoint_ms,8.266
endpoint_ms,12.241
endpoint_ms,8.648
endpoint_ms,7.512
endpoint_ms,8.907
endpoint_ms,8.319
endpoint_ms,13.098
endpoint_ms,8.962
endpoint_ms,7.951
endpoint_ms,8.872
endpoint_ms,8.370
endpoint_ms,11.330
endpoint_ms,9.232
endpoint_ms,7.351
endpoint_ms,29.924
endpoint_ms,10.654
endpoint_ms,11.773
endpoint_ms,9.243
endpoint_ms,7.882
endpoint_ms,8.812
endpoint_ms,7.807
endpoint_ms,13.440
endpoint_ms,9.128
endpoint_ms,8.382
endpoint_ms,9.067
endpoint_ms,10.711
endpoint_ms,8.832
endpoint_ms,7.972
endpoint_ms,7.942
endpoint_ms,8.192
endpoint_ms,10.977
endpoint_ms,8.224
endpoint_ms,7.341
endpoint_ms,8.279
endpoint_ms,7.393
endpoint_ms,13.615
endpoint_ms,8.318
endpoint_ms,8.036
endpoint_ms,7.897
endpoint_ms,10.676
endpoint_ms,12.401
endpoint_ms,9.141
endpoint_ms,7.610
endpoint_ms,8.956
endpoint_ms,7.635
endpoint_ms,12.060
endpoint_ms,8.216
endpoint_ms,9.167
endpoint_ms,7.648
endpoint_ms,9.788
endpoint_ms,9.997
endpoint_ms,8.280
endpoint_ms,8.089
endpoint_ms,9.137
endpoint_ms,8.568
endpoint_ms,9.875
endpoint_ms,7.904
endpoint_ms,8.936
endpoint_ms,8.184
endpoint_ms,9.485
endpoint_ms,9.716
endpoint_ms,9.004
endpoint_ms,7.273
endpoint_ms,8.695
endpoint_ms,9.008
endpoint_ms,10.444
endpoint_ms,7.928
endpoint_ms,8.129
endpoint_ms,8.137
endpoint_ms,8.294
endpoint_ms,10.781
endpoint_ms,9.288
endpoint_ms,7.783
endpoint_ms,8.924
endpoint_ms,9.082
endpoint_ms,9.497
endpoint_ms,9.621
endpoint_ms,8.025
endpoint_ms,9.606
endpoint_ms,8.930
endpoint_ms,10.499
endpoint_ms,8.873
endpoint_ms,8.092
endpoint_ms,7.853
endpoint_ms,8.796
endpoint_ms,10.552
endpoint_ms,8.420
endpoint_ms,8.131
endpoint_ms,8.570
endpoint_ms,9.400
endpoint_ms,14.657
endpoint_ms,9.649
endpoint_ms,7.993
endpoint_ms,7.655
endpoint_ms,10.198
endpoint_ms,12.437
endpoint_ms,8.517
endpoint_ms,8.437
endpoint_ms,8.558
endpoint_ms,12.749
endpoint_ms,10.801
endpoint_ms,59.868
endpoint_ms,26.003
endpoint_ms,26.624
endpoint_ms,11.985
endpoint_ms,13.440
endpoint_ms,7.349
endpoint_ms,9.346
endpoint_ms,8.755
endpoint_ms,8.266
endpoint_ms,9.779
endpoint_ms,8.749
endpoint_ms,6.786
endpoint_ms,8.977
endpoint_ms,8.116
endpoint_ms,11.153
endpoint_ms,8.179
endpoint_ms,9.024
endpoint_ms,10.175
endpoint_ms,8.392
endpoint_ms,11.188
endpoint_ms,9.180
endpoint_ms,7.568
endpoint_ms,8.391
endpoint_ms,8.174
endpoint_ms,11.136
endpoint_ms,8.436
endpoint_ms,7.932
endpoint_ms,8.748
endpoint_ms,9.648
endpoint_ms,11.377
endpoint_ms,8.049
endpoint_ms,7.161
endpoint_ms,8.718
endpoint_ms,8.017
endpoint_ms,11.128
endpoint_ms,8.546
endpoint_ms,7.465
endpoint_ms,9.187
endpoint_ms,8.186
endpoint_ms,11.936
endpoint_ms,9.089
endpoint_ms,8.892
endpoint_ms,8.820
endpoint_ms,8.618
endpoint_ms,12.691
endpoint_ms,9.148
endpoint_ms,10.427
endpoint_ms,8.439
endpoint_ms,8.581
endpoint_ms,28.747
endpoint_ms,16.896
endpoint_ms,12.193
endpoint_ms,11.511
endpoint_ms,10.991
endpoint_ms,12.558
endpoint_ms,7.873
endpoint_ms,10.319
endpoint_ms,7.771
endpoint_ms,7.609
endpoint_ms,11.348
endpoint_ms,8.825
endpoint_ms,9.178
endpoint_ms,8.011
endpoint_ms,9.748
endpoint_ms,19.741
endpoint_ms,8.705
endpoint_ms,8.837
endpoint_ms,9.020
endpoint_ms,8.376
endpoint_ms,11.595
endpoint_ms,8.579
endpoint_ms,7.227
endpoint_ms,9.731
endpoint_ms,7.744
endpoint_ms,12.288
endpoint_ms,9.165
endpoint_ms,8.001
endpoint_ms,8.899
endpoint_ms,8.952
endpoint_ms,11.914
endpoint_ms,10.293
endpoint_ms,7.218
endpoint_ms,8.587
endpoint_ms,9.209
endpoint_ms,12.293
endpoint_ms,8.590
endpoint_ms,8.663
endpoint_ms,8.117
endpoint_ms,8.810
endpoint_ms,12.230
endpoint_ms,7.984
endpoint_ms,8.038
endpoint_ms,8.217
endpoint_ms,8.542
endpoint_ms,13.862
endpoint_ms,9.271
endpoint_ms,7.248
endpoint_ms,9.954
endpoint_ms,9.099
endpoint_ms,9.663
endpoint_ms,7.608
endpoint_ms,8.749
endpoint_ms,7.888
endpoint_ms,12.597
endpoint_ms,8.077
endpoint_ms,7.512
endpoint_ms,8.797
endpoint_ms,7.460
endpoint_ms,12.251
endpoint_ms,7.844
endpoint_ms,13.668
endpoint_ms,9.371
endpoint_ms,7.982
endpoint_ms,12.879
endpoint_ms,7.776
endpoint_ms,8.607
endpoint_ms,9.751
endpoint_ms,8.450
endpoint_ms,12.414
endpoint_ms,8.817
endpoint_ms,9.195
endpoint_ms,8.731
endpoint_ms,7.853
endpoint_ms,11.352
endpoint_ms,8.070
endpoint_ms,7.398
endpoint_ms,8.441
endpoint_ms,7.941
endpoint_ms,14.430
endpoint_ms,9.103
endpoint_ms,7.606
endpoint_ms,8.533
endpoint_ms,9.206
endpoint_ms,9.045
endpoint_ms,8.165
endpoint_ms,7.885
endpoint_ms,7.461
endpoint_ms,13.113
endpoint_ms,7.729
endpoint_ms,7.182
endpoint_ms,9.378
endpoint_ms,8.535
endpoint_ms,13.267
endpoint_ms,9.671
endpoint_ms,7.867
endpoint_ms,8.756
endpoint_ms,9.138
endpoint_ms,8.401
endpoint_ms,8.175
endpoint_ms,8.865
endpoint_ms,7.158
endpoint_ms,18.919
endpoint_ms,8.863
endpoint_ms,8.554
endpoint_ms,9.500
endpoint_ms,7.987
endpoint_ms,10.007
endpoint_ms,8.001
endpoint_ms,8.981
endpoint_ms,7.956
endpoint_ms,8.312
endpoint_ms,8.587
endpoint_ms,8.627
endpoint_ms,8.120
endpoint_ms,8.422
endpoint_ms,7.198
endpoint_ms,12.258
endpoint_ms,8.297
endpoint_ms,9.765
endpoint_ms,7.683
endpoint_ms,7.671
endpoint_ms,7.407
endpoint_ms,8.718
endpoint_ms,7.662
endpoint_ms,8.652
endpoint_ms,8.982
endpoint_ms,8.826
endpoint_ms,8.230
endpoint_ms,9.101
endpoint_ms,7.694
endpoint_ms,8.034
endpoint_ms,9.502
endpoint_ms,7.175
endpoint_ms,8.485
endpoint_ms,7.714
endpoint_ms,8.495
endpoint_ms,7.750
endpoint_ms,12.203
endpoint_ms,10.168
endpoint_ms,7.718
endpoint_ms,8.702
endpoint_ms,8.435
endpoint_ms,13.721
endpoint_ms,9.528
endpoint_ms,7.460
endpoint_ms,9.200
endpoint_ms,7.623
endpoint_ms,12.150
endpoint_ms,7.975
endpoint_ms,8.231
endpoint_ms,7.793
endpoint_ms,8.103
endpoint_ms,9.923
endpoint_ms,9.804
endpoint_ms,7.883
endpoint_ms,8.609
endpoint_ms,7.897
endpoint_ms,12.448
endpoint_ms,9.248
endpoint_ms,7.849
endpoint_ms,8.638
endpoint_ms,8.037
endpoint_ms,10.377
endpoint_ms,8.781
endpoint_ms,7.880
endpoint_ms,9.327
endpoint_ms,7.602
endpoint_ms,9.186
endpoint_ms,8.401
endpoint_ms,8.689
endpoint_ms,8.443
endpoint_ms,9.970
endpoint_ms,8.769
endpoint_ms,9.437
endpoint_ms,7.212
endpoint_ms,9.376
endpoint_ms,7.468
endpoint_ms,11.438
endpoint_ms,8.420
endpoint_ms,8.419
endpoint_ms,7.433
endpoint_ms,8.519
endpoint_ms,9.706
endpoint_ms,8.387
endpoint_ms,7.437
endpoint_ms,9.007
endpoint_ms,8.376
endpoint_ms,9.762
endpoint_ms,8.832
endpoint_ms,8.769
endpoint_ms,9.678
endpoint_ms,7.732
endpoint_ms,11.575
endpoint_ms,8.715
endpoint_ms,8.239
endpoint_ms,8.239
endpoint_ms,8.707
endpoint_ms,9.082
endpoint_ms,8.989
endpoint_ms,7.833
endpoint_ms,8.595
endpoint_ms,8.380
endpoint_ms,10.441
endpoint_ms,9.163
endpoint_ms,7.574
endpoint_ms,7.868
endpoint_ms,7.829
endpoint_ms,12.131
endpoint_ms,8.771
endpoint_ms,11.301
endpoint_ms,7.657
endpoint_ms,8.000
endpoint_ms,9.899
endpoint_ms,8.491
endpoint_ms,7.529
endpoint_ms,8.802
endpoint_ms,8.392
endpoint_ms,9.633
endpoint_ms,9.176
endpoint_ms,7.976
endpoint_ms,8.832
endpoint_ms,8.970
endpoint_ms,9.353
endpoint_ms,9.679
endpoint_ms,7.996
endpoint_ms,8.003
endpoint_ms,7.694
endpoint_ms,9.888
endpoint_ms,9.291
endpoint_ms,8.015
endpoint_ms,8.807
endpoint_ms,7.797
endpoint_ms,8.243
endpoint_ms,10.820
endpoint_ms,8.249
endpoint_ms,7.492
endpoint_ms,9.121
endpoint_ms,8.164
endpoint_ms,12.886
endpoint_ms,9.259
endpoint_ms,8.899
endpoint_ms,8.670
endpoint_ms,8.571
endpoint_ms,8.173
endpoint_ms,8.083
endpoint_ms,9.110
endpoint_ms,9.413
endpoint_ms,12.049
endpoint_ms,8.951
endpoint_ms,8.263
endpoint_ms,8.738
endpoint_ms,19.065
endpoint_ms,7.667
endpoint_ms,7.523
endpoint_ms,9.098
endpoint_ms,7.816
endpoint_ms,11.596
endpoint_ms,8.609
endpoint_ms,7.559
endpoint_ms,13.950
endpoint_ms,10.584
endpoint_ms,15.826
endpoint_ms,11.647
endpoint_ms,14.816
endpoint_ms,8.828
endpoint_ms,10.447
endpoint_ms,7.808
endpoint_ms,7.325
endpoint_ms,10.085
endpoint_ms,7.436
endpoint_ms,12.739
endpoint_ms,8.116
endpoint_ms,8.372
endpoint_ms,9.988
endpoint_ms,8.228
endpoint_ms,13.442
endpoint_ms,9.763
endpoint_ms,7.597
endpoint_ms,10.261
endpoint_ms,7.364
endpoint_ms,12.058
endpoint_ms,7.938
endpoint_ms,17.949
endpoint_ms,7.624
endpoint_ms,7.878
endpoint_ms,10.839
endpoint_ms,8.422
endpoint_ms,11.750
endpoint_ms,9.518
endpoint_ms,8.202
endpoint_ms,11.008
endpoint_ms,7.945
endpoint_ms,7.386
endpoint_ms,9.393
endpoint_ms,8.818
endpoint_ms,10.810
endpoint_ms,6.915
endpoint_ms,8.944
endpoint_ms,9.757
endpoint_ms,7.848
endpoint_ms,10.542
endpoint_ms,8.862
endpoint_ms,7.505
endpoint_ms,9.508
endpoint_ms,8.264
endpoint_ms,12.544
endpoint_ms,8.691
endpoint_ms,8.400
endpoint_ms,9.384
endpoint_ms,7.894
endpoint_ms,11.068
endpoint_ms,8.354
endpoint_ms,8.227
endpoint_ms,10.360
endpoint_ms,8.081
endpoint_ms,9.623
endpoint_ms,8.510
endpoint_ms,9.320
endpoint_ms,8.657
endpoint_ms,8.780
endpoint_ms,13.691
endpoint_ms,8.318
endpoint_ms,8.242
endpoint_ms,9.099
endpoint_ms,9.241
endpoint_ms,10.732
endpoint_ms,7.363
endpoint_ms,7.736
endpoint_ms,11.083
endpoint_ms,7.948
endpoint_ms,10.554
endpoint_ms,8.687
endpoint_ms,8.524
endpoint_ms,9.677
endpoint_ms,8.409
endpoint_ms,12.265
endpoint_ms,7.134
endpoint_ms,8.466
endpoint_ms,9.342
endpoint_ms,7.270
endpoint_ms,15.316
endpoint_ms,7.077
endpoint_ms,8.632
endpoint_ms,8.348
endpoint_ms,14.586
endpoint_ms,9.642
endpoint_ms,11.035
endpoint_ms,11.257
endpoint_ms,10.004
endpoint_ms,12.716
endpoint_ms,9.052
endpoint_ms,8.301
endpoint_ms,8.629
endpoint_ms,8.631
endpoint_ms,10.604
endpoint_ms,9.655
endpoint_ms,8.222
endpoint_ms,7.933
endpoint_ms,8.178
endpoint_ms,11.639
endpoint_ms,11.313
endpoint_ms,7.840
endpoint_ms,9.282
endpoint_ms,8.898
endpoint_ms,11.461
endpoint_ms,7.614
endpoint_ms,8.065
endpoint_ms,8.117
endpoint_ms,9.198
endpoint_ms,13.463
endpoint_ms,7.679
endpoint_ms,8.572
endpoint_ms,7.164
endpoint_ms,10.593
endpoint_ms,12.768
endpoint_ms,8.892
endpoint_ms,7.766
endpoint_ms,9.091
endpoint_ms,7.588
endpoint_ms,11.923
endpoint_ms,6.755
endpoint_ms,9.338
endpoint_ms,6.657
endpoint_ms,8.908
endpoint_ms,17.765
endpoint_ms,8.651
endpoint_ms,7.727
endpoint_ms,7.983
endpoint_ms,9.151
endpoint_ms,11.438
endpoint_ms,8.874
endpoint_ms,7.560
endpoint_ms,9.122
endpoint_ms,7.764
endpoint_ms,13.288
endpoint_ms,8.225
endpoint_ms,8.619
endpoint_ms,8.543
endpoint_ms,9.312
endpoint_ms,11.677
endpoint_ms,8.437
endpoint_ms,8.031
endpoint_ms,8.065
endpoint_ms,9.475
endpoint_ms,12.171
endpoint_ms,8.120
endpoint_ms,8.105
endpoint_ms,8.924
endpoint_ms,9.103
endpoint_ms,15.014
endpoint_ms,8.721
endpoint_ms,11.236
endpoint_ms,62.620
endpoint_ms,23.839
endpoint_ms,16.620
endpoint_ms,6.863
endpoint_ms,10.203
endpoint_ms,8.432
endpoint_ms,8.702
endpoint_ms,8.437
endpoint_ms,8.253
endpoint_ms,8.442
endpoint_ms,7.707
endpoint_ms,13.777
endpoint_ms,9.168
endpoint_ms,8.774
endpoint_ms,7.854
endpoint_ms,8.915
endpoint_ms,8.685
endpoint_ms,8.419
endpoint_ms,7.851
endpoint_ms,7.801
endpoint_ms,12.286
endpoint_ms,8.919
endpoint_ms,8.084
endpoint_ms,9.028
endpoint_ms,7.443
endpoint_ms,11.636
endpoint_ms,10.276
endpoint_ms,7.584
endpoint_ms,8.384
endpoint_ms,8.326
endpoint_ms,11.446
endpoint_ms,8.391
endpoint_ms,8.384
endpoint_ms,8.677
endpoint_ms,8.566
endpoint_ms,10.050
endpoint_ms,41.896
endpoint_ms,25.103
endpoint_ms,13.549
endpoint_ms,7.808
endpoint_ms,11.926
endpoint_ms,8.963
endpoint_ms,7.860
endpoint_ms,8.129
endpoint_ms,10.171
endpoint_ms,11.019
endpoint_ms,9.749
endpoint_ms,8.652
endpoint_ms,8.346
endpoint_ms,7.287
endpoint_ms,11.578
endpoint_ms,8.597
endpoint_ms,7.064
endpoint_ms,8.575
endpoint_ms,8.601
endpoint_ms,15.823
endpoint_ms,8.705
endpoint_ms,9.800
endpoint_ms,8.870
endpoint_ms,8.136
endpoint_ms,10.740
endpoint_ms,9.084
endpoint_ms,8.155
endpoint_ms,8.831
endpoint_ms,7.882
endpoint_ms,11.636
endpoint_ms,8.916
endpoint_ms,10.608
endpoint_ms,9.199
endpoint_ms,7.120
endpoint_ms,12.791
endpoint_ms,9.459
endpoint_ms,7.782
endpoint_ms,8.447
endpoint_ms,8.392
endpoint_ms,7.761
endpoint_ms,9.441
endpoint_ms,8.773
endpoint_ms,8.710
endpoint_ms,12.814
endpoint_ms,9.221
endpoint_ms,8.269
endpoint_ms,9.869
endpoint_ms,7.547
endpoint_ms,14.932
endpoint_ms,9.166
endpoint_ms,9.865
endpoint_ms,7.991
endpoint_ms,8.262
endpoint_ms,8.698
endpoint_ms,7.949
endpoint_ms,9.732
endpoint_ms,9.070
endpoint_ms,11.495
endpoint_ms,8.790
endpoint_ms,8.553
endpoint_ms,9.318
endpoint_ms,8.094
endpoint_ms,12.291
endpoint_ms,7.831
endpoint_ms,7.419
endpoint_ms,18.349
endpoint_ms,14.201
endpoint_ms,12.041
endpoint_ms,8.709
endpoint_ms,7.638
endpoint_ms,9.234
endpoint_ms,8.779
endpoint_ms,11.672
endpoint_ms,8.526
endpoint_ms,8.207
endpoint_ms,10.684
endpoint_ms,8.253
endpoint_ms,9.473
endpoint_ms,9.047
endpoint_ms,7.895
endpoint_ms,8.927
endpoint_ms,7.806
endpoint_ms,10.945
endpoint_ms,7.929
endpoint_ms,8.185
endpoint_ms,9.171
endpoint_ms,9.563
endpoint_ms,10.383
endpoint_ms,8.022
endpoint_ms,8.087
endpoint_ms,10.120
endpoint_ms,8.309
endpoint_ms,11.534
endpoint_ms,8.336
endpoint_ms,7.835
endpoint_ms,9.751
endpoint_ms,8.517
endpoint_ms,9.911
endpoint_ms,8.205
endpoint_ms,7.952
endpoint_ms,10.142
endpoint_ms,8.827
endpoint_ms,12.331
endpoint_ms,8.408
endpoint_ms,8.147
endpoint_ms,10.028
endpoint_ms,8.394
endpoint_ms,11.634
endpoint_ms,9.174
endpoint_ms,7.643
endpoint_ms,10.561
endpoint_ms,8.153
endpoint_ms,14.443
endpoint_ms,10.490
endpoint_ms,8.236
endpoint_ms,9.461
endpoint_ms,9.657
endpoint_ms,9.393
endpoint_ms,9.238
endpoint_ms,9.089
endpoint_ms,8.301
endpoint_ms,13.393
endpoint_ms,9.195
endpoint_ms,7.696
endpoint_ms,8.536
endpoint_ms,8.404
endpoint_ms,12.354
endpoint_ms,8.393
endpoint_ms,7.937
endpoint_ms,9.219
endpoint_ms,8.099
endpoint_ms,13.237
endpoint_ms,8.201
endpoint_ms,7.563
endpoint_ms,8.298
endpoint_ms,11.407
endpoint_ms,7.408
endpoint_ms,7.648
endpoint_ms,9.526
endpoint_ms,7.011
endpoint_ms,12.860
endpoint_ms,7.898
endpoint_ms,8.599
endpoint_ms,8.962
endpoint_ms,7.782
endpoint_ms,13.311
endpoint_ms,8.561
endpoint_ms,8.232
endpoint_ms,9.048
endpoint_ms,7.774
endpoint_ms,12.337
endpoint_ms,8.480
endpoint_ms,7.744
endpoint_ms,7.696
endpoint_ms,6.914
endpoint_ms,13.507
endpoint_ms,7.726
endpoint_ms,9.032
endpoint_ms,7.575
endpoint_ms,9.121
endpoint_ms,12.612
endpoint_ms,8.405
endpoint_ms,7.261
endpoint_ms,7.322
endpoint_ms,7.780
endpoint_ms,12.400
endpoint_ms,8.098
endpoint_ms,8.316
endpoint_ms,8.870
endpoint_ms,8.004
endpoint_ms,11.317
endpoint_ms,8.325
endpoint_ms,8.343
endpoint_ms,10.319
endpoint_ms,8.519
endpoint_ms,14.059
endpoint_ms,8.495
endpoint_ms,9.348
endpoint_ms,7.575
endpoint_ms,8.901
endpoint_ms,8.358
endpoint_ms,9.297
endpoint_ms,7.899
endpoint_ms,8.183
endpoint_ms,10.336
endpoint_ms,8.801
endpoint_ms,7.136
endpoint_ms,9.672
endpoint_ms,6.876
endpoint_ms,13.025
endpoint_ms,9.201
endpoint_ms,8.484
endpoint_ms,8.780
endpoint_ms,10.666
endpoint_ms,7.175
endpoint_ms,8.514
endpoint_ms,7.584
endpoint_ms,7.835
endpoint_ms,13.767
endpoint_ms,9.455
endpoint_ms,8.177
endpoint_ms,9.994
endpoint_ms,9.572
endpoint_ms,8.525
endpoint_ms,7.520
endpoint_ms,9.811
endpoint_ms,7.610
endpoint_ms,10.708
endpoint_ms,8.855
endpoint_ms,7.358
endpoint_ms,9.554
endpoint_ms,8.223
endpoint_ms,14.848
endpoint_ms,8.974
endpoint_ms,7.311
endpoint_ms,10.733
endpoint_ms,11.119
endpoint_ms,8.312
endpoint_ms,7.438
endpoint_ms,9.208
endpoint_ms,6.911
endpoint_ms,12.775
endpoint_ms,9.502
endpoint_ms,11.477
endpoint_ms,8.254
endpoint_ms,8.983
endpoint_ms,11.761
endpoint_ms,9.129
endpoint_ms,7.339
endpoint_ms,9.210
endpoint_ms,9.701
endpoint_ms,12.259
endpoint_ms,8.841
endpoint_ms,7.665
endpoint_ms,8.429
endpoint_ms,9.576
endpoint_ms,7.371
endpoint_ms,7.633
endpoint_ms,8.065
endpoint_ms,8.166
endpoint_ms,8.710
endpoint_ms,8.794
endpoint_ms,9.809
endpoint_ms,7.627
endpoint_ms,13.661
endpoint_ms,9.269
endpoint_ms,8.948
endpoint_ms,8.372
endpoint_ms,12.682
endpoint_ms,8.588
endpoint_ms,7.858
endpoint_ms,8.156
endpoint_ms,8.114
endpoint_ms,12.876
endpoint_ms,9.691
endpoint_ms,8.602
endpoint_ms,8.532
endpoint_ms,8.063
endpoint_ms,8.247
endpoint_ms,9.111
endpoint_ms,8.207
endpoint_ms,9.747
endpoint_ms,10.411
endpoint_ms,7.738
endpoint_ms,8.154
endpoint_ms,7.933
endpoint_ms,7.407
endpoint_ms,8.440
endpoint_ms,7.926
endpoint_ms,9.072
endpoint_ms,8.922
endpoint_ms,8.507
endpoint_ms,10.307
endpoint_ms,9.092
endpoint_ms,17.891
endpoint_ms,8.226
endpoint_ms,7.277
endpoint_ms,11.469
endpoint_ms,7.853
endpoint_ms,9.049
endpoint_ms,9.115
endpoint_ms,8.623
endpoint_ms,10.674
endpoint_ms,8.582
endpoint_ms,7.897
endpoint_ms,9.761
endpoint_ms,8.209
endpoint_ms,9.204
endpoint_ms,7.457
endpoint_ms,8.232
endpoint_ms,10.498
endpoint_ms,8.318
endpoint_ms,14.150
endpoint_ms,10.381
endpoint_ms,8.596
endpoint_ms,9.093
endpoint_ms,8.326
endpoint_ms,12.350
endpoint_ms,10.006
endpoint_ms,7.528
endpoint_ms,10.111
endpoint_ms,8.890
endpoint_ms,14.603
endpoint_ms,8.000
endpoint_ms,7.978
endpoint_ms,22.598
endpoint_ms,9.074
endpoint_ms,14.517
endpoint_ms,12.280
endpoint_ms,7.599
endpoint_ms,9.117
endpoint_ms,8.044
endpoint_ms,12.857
endpoint_ms,11.348
endpoint_ms,16.897
endpoint_ms,24.976
endpoint_ms,9.578
endpoint_ms,8.466
endpoint_ms,8.532
endpoint_ms,8.303
endpoint_ms,13.446
endpoint_ms,9.911
endpoint_ms,8.180
endpoint_ms,8.607
endpoint_ms,7.715
endpoint_ms,14.099
endpoint_ms,9.097
endpoint_ms,7.849
endpoint_ms,9.194
endpoint_ms,7.800
endpoint_ms,11.379
endpoint_ms,11.463
endpoint_ms,8.189
endpoint_ms,7.843
endpoint_ms,8.691
endpoint_ms,8.640
endpoint_ms,13.628
endpoint_ms,8.744
endpoint_ms,7.039
endpoint_ms,8.325
endpoint_ms,12.173
endpoint_ms,9.073
endpoint_ms,8.642
endpoint_ms,8.784
endpoint_ms,7.685
endpoint_ms,9.581
endpoint_ms,9.238
endpoint_ms,8.854
endpoint_ms,8.566
endpoint_ms,7.528
endpoint_ms,11.935
endpoint_ms,7.383
endpoint_ms,8.596
endpoint_ms,7.052
endpoint_ms,8.542
endpoint_ms,9.949
endpoint_ms,7.552
endpoint_ms,7.971
endpoint_ms,8.630
endpoint_ms,8.608
endpoint_ms,10.488
endpoint_ms,8.089
endpoint_ms,7.756
endpoint_ms,8.526
endpoint_ms,7.946
endpoint_ms,10.703
endpoint_ms,7.619
endpoint_ms,8.567
endpoint_ms,8.509
endpoint_ms,8.016
endpoint_ms,10.082
endpoint_ms,9.544
endpoint_ms,9.740
endpoint_ms,8.730
endpoint_ms,6.829
endpoint_ms,11.609
endpoint_ms,7.131
endpoint_ms,9.130
endpoint_ms,7.317
endpoint_ms,8.618
endpoint_ms,8.920
endpoint_ms,8.291
endpoint_ms,7.429
endpoint_ms,8.022
endpoint_ms,7.585
endpoint_ms,10.370
endpoint_ms,7.693
endpoint_ms,7.957
endpoint_ms,9.124
endpoint_ms,7.557
endpoint_ms,9.102
endpoint_ms,8.108
endpoint_ms,8.533
endpoint_ms,7.908
endpoint_ms,8.761
endpoint_ms,10.751
endpoint_ms,7.812
endpoint_ms,8.739
endpoint_ms,12.586
endpoint_ms,11.521
endpoint_ms,24.209
endpoint_ms,14.072
endpoint_ms,8.780
endpoint_ms,8.303
endpoint_ms,9.360
endpoint_ms,8.312
endpoint_ms,13.080
endpoint_ms,7.954
endpoint_ms,9.499
endpoint_ms,8.318
endpoint_ms,9.766
endpoint_ms,10.879
endpoint_ms,8.697
endpoint_ms,8.700
endpoint_ms,9.028
endpoint_ms,9.511
endpoint_ms,12.096
endpoint_ms,8.935
endpoint_ms,7.725
endpoint_ms,8.248
endpoint_ms,8.356
endpoint_ms,11.904
endpoint_ms,10.177
endpoint_ms,7.748
endpoint_ms,10.280
endpoint_ms,8.503
endpoint_ms,12.093
endpoint_ms,8.650
endpoint_ms,8.320
endpoint_ms,8.351
endpoint_ms,8.885
endpoint_ms,12.302
endpoint_ms,9.916
endpoint_ms,7.012
endpoint_ms,8.072
endpoint_ms,7.114
endpoint_ms,10.112
endpoint_ms,9.271
endpoint_ms,7.816
endpoint_ms,8.056
endpoint_ms,8.410
endpoint_ms,11.005
endpoint_ms,8.457
endpoint_ms,7.714
endpoint_ms,9.103
endpoint_ms,7.660
endpoint_ms,12.240
endpoint_ms,9.184
endpoint_ms,8.027
endpoint_ms,8.170
endpoint_ms,9.210
endpoint_ms,11.448
endpoint_ms,9.024
endpoint_ms,7.736
endpoint_ms,8.844
endpoint_ms,8.795
endpoint_ms,11.780
endpoint_ms,8.913
endpoint_ms,7.501
endpoint_ms,9.357
endpoint_ms,8.033
endpoint_ms,11.882
endpoint_ms,8.214
endpoint_ms,7.681
endpoint_ms,8.950
endpoint_ms,8.991
endpoint_ms,13.082
endpoint_ms,7.817
endpoint_ms,9.108
endpoint_ms,8.550
endpoint_ms,9.115
endpoint_ms,8.118
endpoint_ms,8.980
endpoint_ms,8.506
endpoint_ms,8.123
endpoint_ms,14.487
endpoint_ms,8.118
endpoint_ms,8.803
endpoint_ms,7.027
endpoint_ms,11.391
endpoint_ms,8.349
endpoint_ms,8.611
endpoint_ms,8.367
endpoint_ms,7.972
endpoint_ms,11.362
endpoint_ms,8.417
endpoint_ms,8.929
endpoint_ms,8.756
endpoint_ms,7.480
endpoint_ms,10.957
endpoint_ms,8.872
endpoint_ms,8.545
endpoint_ms,9.025
endpoint_ms,8.077
endpoint_ms,12.048
endpoint_ms,8.741
endpoint_ms,8.550
endpoint_ms,7.741
endpoint_ms,10.371
endpoint_ms,11.034
endpoint_ms,8.363
endpoint_ms,7.291
endpoint_ms,9.560
endpoint_ms,6.794
endpoint_ms,10.705
endpoint_ms,9.641
endpoint_ms,8.716
endpoint_ms,8.195
endpoint_ms,7.564
endpoint_ms,14.209
endpoint_ms,9.927
endpoint_ms,7.866
endpoint_ms,9.023
endpoint_ms,10.236
endpoint_ms,8.448
endpoint_ms,8.443
endpoint_ms,9.686
endpoint_ms,8.644
endpoint_ms,13.500
endpoint_ms,10.648
endpoint_ms,14.375
endpoint_ms,9.377
endpoint_ms,11.020
endpoint_ms,8.267
endpoint_ms,6.919
endpoint_ms,8.187
endpoint_ms,9.598
endpoint_ms,9.554
endpoint_ms,7.908
endpoint_ms,9.375
endpoint_ms,8.851
endpoint_ms,12.098
endpoint_ms,9.327
endpoint_ms,7.622
endpoint_ms,9.001
endpoint_ms,9.024
endpoint_ms,8.232
endpoint_ms,8.156
endpoint_ms,7.785
endpoint_ms,8.151
endpoint_ms,10.591
endpoint_ms,9.272
endpoint_ms,7.501
endpoint_ms,9.134
endpoint_ms,7.759
endpoint_ms,13.801
endpoint_ms,9.388
endpoint_ms,8.666
endpoint_ms,11.047
endpoint_ms,8.965
endpoint_ms,14.569
endpoint_ms,9.614
endpoint_ms,7.938
endpoint_ms,8.360
endpoint_ms,10.384
endpoint_ms,8.389
endpoint_ms,7.068
endpoint_ms,8.564
endpoint_ms,8.378
endpoint_ms,11.740
endpoint_ms,20.153
endpoint_ms,14.715
endpoint_ms,7.428
endpoint_ms,7.027
endpoint_ms,11.055
endpoint_ms,7.963
endpoint_ms,8.358
endpoint_ms,8.521
endpoint_ms,9.352
endpoint_ms,11.566
endpoint_ms,8.491
endpoint_ms,7.738
endpoint_ms,8.575
endpoint_ms,8.011
endpoint_ms,10.433
endpoint_ms,10.531
endpoint_ms,8.180
endpoint_ms,8.482
endpoint_ms,8.558
endpoint_ms,11.789
endpoint_ms,8.134
endpoint_ms,7.705
endpoint_ms,7.741
endpoint_ms,9.378
endpoint_ms,8.158
endpoint_ms,8.395
endpoint_ms,7.965
endpoint_ms,8.293
endpoint_ms,11.611
endpoint_ms,7.701
endpoint_ms,10.852
endpoint_ms,9.191
endpoint_ms,7.772
endpoint_ms,10.968
endpoint_ms,9.240
endpoint_ms,7.955
endpoint_ms,7.908
endpoint_ms,8.075
endpoint_ms,12.234
endpoint_ms,8.882
endpoint_ms,7.861
endpoint_ms,9.554
endpoint_ms,9.140
endpoint_ms,11.814
endpoint_ms,7.849
endpoint_ms,8.296
endpoint_ms,7.859
endpoint_ms,8.509
endpoint_ms,13.263
endpoint_ms,6.997
endpoint_ms,8.204
endpoint_ms,9.366
endpoint_ms,7.771
endpoint_ms,11.038
endpoint_ms,9.727
endpoint_ms,7.739
endpoint_ms,8.878
endpoint_ms,11.348
endpoint_ms,8.017
endpoint_ms,10.958
endpoint_ms,9.105
endpoint_ms,7.492
endpoint_ms,12.019
endpoint_ms,8.132
endpoint_ms,7.875
endpoint_ms,9.391
endpoint_ms,8.485
endpoint_ms,11.500
endpoint_ms,7.860
endpoint_ms,8.695
endpoint_ms,8.515
endpoint_ms,8.130
endpoint_ms,9.172
endpoint_ms,8.060
endpoint_ms,8.716
endpoint_ms,8.034
endpoint_ms,15.046
endpoint_ms,8.574
endpoint_ms,7.721
endpoint_ms,8.756
endpoint_ms,8.641
endpoint_ms,13.603
endpoint_ms,9.037
endpoint_ms,7.799
endpoint_ms,8.106
endpoint_ms,9.494
endpoint_ms,11.682
endpoint_ms,8.446
endpoint_ms,7.599
endpoint_ms,9.027
endpoint_ms,8.570
endpoint_ms,11.880
endpoint_ms,15.019
endpoint_ms,7.252
endpoint_ms,9.605
endpoint_ms,8.591
endpoint_ms,13.711
endpoint_ms,9.062
endpoint_ms,9.131
endpoint_ms,8.319
endpoint_ms,8.391
endpoint_ms,12.401
endpoint_ms,9.749
endpoint_ms,7.692
endpoint_ms,8.925
endpoint_ms,8.266
endpoint_ms,12.479
endpoint_ms,8.481
endpoint_ms,8.212
endpoint_ms,9.847
endpoint_ms,8.347
endpoint_ms,12.634
endpoint_ms,9.031
endpoint_ms,9.476
endpoint_ms,8.695
endpoint_ms,11.694
endpoint_ms,12.049
endpoint_ms,8.003
endpoint_ms,7.299
endpoint_ms,9.803
endpoint_ms,9.039
endpoint_ms,14.313
endpoint_ms,8.405
endpoint_ms,8.468
endpoint_ms,9.075
endpoint_ms,8.990
endpoint_ms,13.825
endpoint_ms,9.366
endpoint_ms,8.633
endpoint_ms,13.836
endpoint_ms,53.852
endpoint_ms,15.272
endpoint_ms,8.356
endpoint_ms,7.758
endpoint_ms,9.429
endpoint_ms,12.576
endpoint_ms,9.922
endpoint_ms,7.732
endpoint_ms,8.474
endpoint_ms,8.043
endpoint_ms,12.541
endpoint_ms,8.959
endpoint_ms,7.500
endpoint_ms,8.827
endpoint_ms,7.164
endpoint_ms,12.089
endpoint_ms,11.581
endpoint_ms,7.871
endpoint_ms,8.787
endpoint_ms,8.178
endpoint_ms,11.419
endpoint_ms,7.455
endpoint_ms,7.690
endpoint_ms,8.637
endpoint_ms,8.246
endpoint_ms,11.694
endpoint_ms,8.104
endpoint_ms,8.514
endpoint_ms,10.095
endpoint_ms,7.605
endpoint_ms,13.265
endpoint_ms,8.236
endpoint_ms,9.532
endpoint_ms,8.952
endpoint_ms,8.217
endpoint_ms,11.083
endpoint_ms,8.924
endpoint_ms,7.697
endpoint_ms,8.229
endpoint_ms,8.849
endpoint_ms,10.707
endpoint_ms,9.085
endpoint_ms,7.135
endpoint_ms,8.517
endpoint_ms,7.522
endpoint_ms,11.921
endpoint_ms,8.157
endpoint_ms,8.446
endpoint_ms,8.743
endpoint_ms,8.022
endpoint_ms,11.790
endpoint_ms,8.028
endpoint_ms,8.593
endpoint_ms,16.012
endpoint_ms,8.281
endpoint_ms,11.854
endpoint_ms,7.489
endpoint_ms,12.211
endpoint_ms,8.842
endpoint_ms,8.098
endpoint_ms,11.068
endpoint_ms,8.159
endpoint_ms,8.004
endpoint_ms,9.358
endpoint_ms,7.639
endpoint_ms,10.121
endpoint_ms,8.656
endpoint_ms,8.199
endpoint_ms,8.732
endpoint_ms,7.570
endpoint_ms,9.347
endpoint_ms,10.603
endpoint_ms,8.790
endpoint_ms,8.449
endpoint_ms,8.034
endpoint_ms,10.120
endpoint_ms,8.642
endpoint_ms,8.550
endpoint_ms,7.777
endpoint_ms,9.182
endpoint_ms,10.046
endpoint_ms,8.257
endpoint_ms,8.123
endpoint_ms,10.641
endpoint_ms,10.460
endpoint_ms,8.781
endpoint_ms,12.175
endpoint_ms,8.537
endpoint_ms,7.195
endpoint_ms,8.767
endpoint_ms,8.521
endpoint_ms,11.575
endpoint_ms,7.869
endpoint_ms,8.184
endpoint_ms,8.343
endpoint_ms,8.913
endpoint_ms,11.766
endpoint_ms,9.128
endpoint_ms,7.489
endpoint_ms,9.078
endpoint_ms,9.315
endpoint_ms,11.411
endpoint_ms,7.685
endpoint_ms,7.403
endpoint_ms,7.504
endpoint_ms,8.799
endpoint_ms,11.194
endpoint_ms,8.845
endpoint_ms,11.352
endpoint_ms,8.994
endpoint_ms,9.293
endpoint_ms,10.430
endpoint_ms,7.833
endpoint_ms,7.767
endpoint_ms,8.854
endpoint_ms,8.500
endpoint_ms,10.612
endpoint_ms,14.455
endpoint_ms,9.102
endpoint_ms,7.568
endpoint_ms,10.139
endpoint_ms,9.577
endpoint_ms,11.652
endpoint_ms,12.284
endpoint_ms,10.760
endpoint_ms,10.752
endpoint_ms,8.601
endpoint_ms,7.855
endpoint_ms,9.528
endpoint_ms,8.803
endpoint_ms,13.454
endpoint_ms,9.300
endpoint_ms,9.120
endpoint_ms,9.501
endpoint_ms,8.897
endpoint_ms,8.212
endpoint_ms,8.838
endpoint_ms,9.412
endpoint_ms,7.729
endpoint_ms,10.708
endpoint_ms,10.822
endpoint_ms,7.453
endpoint_ms,9.152
endpoint_ms,7.644
endpoint_ms,9.585
endpoint_ms,8.489
endpoint_ms,8.461
endpoint_ms,7.650
endpoint_ms,15.445
endpoint_ms,8.035
endpoint_ms,9.211
endpoint_ms,9.147
endpoint_ms,7.837
endpoint_ms,8.803
endpoint_ms,8.583
endpoint_ms,7.914
endpoint_ms,9.078
endpoint_ms,7.725
endpoint_ms,10.911
endpoint_ms,7.838
endpoint_ms,9.788
endpoint_ms,8.121
endpoint_ms,7.612
endpoint_ms,9.840
endpoint_ms,8.116
endpoint_ms,10.139
endpoint_ms,8.703
endpoint_ms,7.030
endpoint_ms,8.879
endpoint_ms,8.154
endpoint_ms,9.115
endpoint_ms,8.458
endpoint_ms,8.391
endpoint_ms,13.134
endpoint_ms,9.329
endpoint_ms,7.524
endpoint_ms,8.803
endpoint_ms,8.783
endpoint_ms,10.585
endpoint_ms,7.466
endpoint_ms,10.011
endpoint_ms,8.208
endpoint_ms,8.666
endpoint_ms,8.602
endpoint_ms,7.887
endpoint_ms,7.430
endpoint_ms,8.562
endpoint_ms,7.351
endpoint_ms,9.881
endpoint_ms,7.385
endpoint_ms,8.527
endpoint_ms,7.976
endpoint_ms,7.560
endpoint_ms,8.836
endpoint_ms,10.085
endpoint_ms,10.457
endpoint_ms,6.664
endpoint_ms,9.344
endpoint_ms,6.978
endpoint_ms,11.663
endpoint_ms,8.703
endpoint_ms,8.205
endpoint_ms,8.294
endpoint_ms,7.723
endpoint_ms,12.159
endpoint_ms,9.191
endpoint_ms,7.717
endpoint_ms,7.794
endpoint_ms,8.706
endpoint_ms,16.499
endpoint_ms,10.465
endpoint_ms,10.775
endpoint_ms,21.644
endpoint_ms,14.402
endpoint_ms,12.191
endpoint_ms,9.992
endpoint_ms,8.034
endpoint_ms,8.840
endpoint_ms,8.717
endpoint_ms,9.719
endpoint_ms,8.488
endpoint_ms,7.183
endpoint_ms,8.819
endpoint_ms,7.180
endpoint_ms,13.147
endpoint_ms,9.709
endpoint_ms,8.423
endpoint_ms,8.249
endpoint_ms,10.857
endpoint_ms,9.414
endpoint_ms,8.713
endpoint_ms,8.642
endpoint_ms,8.417
endpoint_ms,12.278
endpoint_ms,8.792
endpoint_ms,9.649
endpoint_ms,9.898
endpoint_ms,10.416
endpoint_ms,9.737
endpoint_ms,8.580
endpoint_ms,10.153
endpoint_ms,7.763
endpoint_ms,13.055
endpoint_ms,7.414
endpoint_ms,8.125
endpoint_ms,9.036
endpoint_ms,9.721
endpoint_ms,12.694
endpoint_ms,8.681
endpoint_ms,7.761
endpoint_ms,9.443
endpoint_ms,8.383
endpoint_ms,10.659
endpoint_ms,7.746
endpoint_ms,7.245
endpoint_ms,8.670
endpoint_ms,8.824
endpoint_ms,12.205
endpoint_ms,7.971
endpoint_ms,7.351
endpoint_ms,7.910
endpoint_ms,8.629
endpoint_ms,11.376
endpoint_ms,11.901
endpoint_ms,8.263
endpoint_ms,8.398
endpoint_ms,7.431
endpoint_ms,10.855
endpoint_ms,9.724
endpoint_ms,7.278
endpoint_ms,10.149
endpoint_ms,7.338
endpoint_ms,12.866
endpoint_ms,7.797
endpoint_ms,8.523
endpoint_ms,9.604
endpoint_ms,7.716
endpoint_ms,14.578
endpoint_ms,8.826
endpoint_ms,8.417
endpoint_ms,10.062
endpoint_ms,8.216
endpoint_ms,9.555
endpoint_ms,9.659
endpoint_ms,14.541
endpoint_ms,9.668
endpoint_ms,8.744
endpoint_ms,12.079
endpoint_ms,8.428
endpoint_ms,7.637
endpoint_ms,9.954
endpoint_ms,8.090
endpoint_ms,12.827
endpoint_ms,8.184
endpoint_ms,8.211
endpoint_ms,9.367
endpoint_ms,9.147
endpoint_ms,9.371
endpoint_ms,7.771
endpoint_ms,8.585
endpoint_ms,9.925
endpoint_ms,13.120
endpoint_ms,8.197
endpoint_ms,7.945
endpoint_ms,9.821
endpoint_ms,10.837
endpoint_ms,8.764
endpoint_ms,7.453
endpoint_ms,8.279
endpoint_ms,8.018
endpoint_ms,9.823
endpoint_ms,7.896
endpoint_ms,8.903
endpoint_ms,8.033
endpoint_ms,8.572
endpoint_ms,24.084
endpoint_ms,9.457
endpoint_ms,9.308
endpoint_ms,8.122
endpoint_ms,8.022
endpoint_ms,11.547
endpoint_ms,8.567
endpoint_ms,8.887
endpoint_ms,8.398
endpoint_ms,7.913
endpoint_ms,10.118
endpoint_ms,8.059
endpoint_ms,9.048
endpoint_ms,7.756
endpoint_ms,10.199
endpoint_ms,12.129
endpoint_ms,9.136
endpoint_ms,7.711
endpoint_ms,8.859
endpoint_ms,7.671
endpoint_ms,11.992
endpoint_ms,8.487
endpoint_ms,8.421
endpoint_ms,8.049
endpoint_ms,9.197
endpoint_ms,11.866
endpoint_ms,8.090
endpoint_ms,7.434
endpoint_ms,8.126
endpoint_ms,7.250
endpoint_ms,12.520
endpoint_ms,8.951
endpoint_ms,8.605
endpoint_ms,8.409
endpoint_ms,8.920
endpoint_ms,11.275
endpoint_ms,9.159
endpoint_ms,7.638
endpoint_ms,9.022
endpoint_ms,7.414
endpoint_ms,11.630
endpoint_ms,8.755
endpoint_ms,7.832
endpoint_ms,11.035
endpoint_ms,8.080
endpoint_ms,13.578
endpoint_ms,7.495
endpoint_ms,8.785
endpoint_ms,8.210
endpoint_ms,8.140
endpoint_ms,11.100
endpoint_ms,7.618
endpoint_ms,7.261
endpoint_ms,8.747
endpoint_ms,7.513
endpoint_ms,13.348
endpoint_ms,9.392
endpoint_ms,8.532
endpoint_ms,8.873
endpoint_ms,8.092
endpoint_ms,13.043
endpoint_ms,8.139
endpoint_ms,7.372
endpoint_ms,9.429
endpoint_ms,8.694
endpoint_ms,12.015
endpoint_ms,8.240
endpoint_ms,8.487
endpoint_ms,8.247
endpoint_ms,8.464
endpoint_ms,9.311
endpoint_ms,9.311
endpoint_ms,8.110
endpoint_ms,9.188
endpoint_ms,7.537
endpoint_ms,9.957
endpoint_ms,8.510
endpoint_ms,12.688
endpoint_ms,7.626
endpoint_ms,7.621
endpoint_ms,10.566
endpoint_ms,7.925
endpoint_ms,12.240
endpoint_ms,7.531
endpoint_ms,7.316
endpoint_ms,9.144
endpoint_ms,7.312
endpoint_ms,10.950
endpoint_ms,7.743
endpoint_ms,8.229
endpoint_ms,9.328
endpoint_ms,8.850
endpoint_ms,11.844
endpoint_ms,7.897
endpoint_ms,7.176
endpoint_ms,11.219
endpoint_ms,7.348
endpoint_ms,11.927
endpoint_ms,8.615
endpoint_ms,16.671
endpoint_ms,9.015
endpoint_ms,7.713
endpoint_ms,11.649
endpoint_ms,8.775
endpoint_ms,6.987
endpoint_ms,9.289
endpoint_ms,8.248
endpoint_ms,8.707
endpoint_ms,7.523
endpoint_ms,7.682
endpoint_ms,8.536
endpoint_ms,10.736
endpoint_ms,8.337
endpoint_ms,7.973
endpoint_ms,8.759
endpoint_ms,10.481
endpoint_ms,11.911
endpoint_ms,9.336
endpoint_ms,7.405
endpoint_ms,8.951
endpoint_ms,8.633
endpoint_ms,11.750
endpoint_ms,7.818
endpoint_ms,7.642
endpoint_ms,8.114
endpoint_ms,9.916
endpoint_ms,14.786
endpoint_ms,11.605
endpoint_ms,10.554
endpoint_ms,10.464
endpoint_ms,14.625
endpoint_ms,9.502
endpoint_ms,7.137
endpoint_ms,9.299
endpoint_ms,8.236
endpoint_ms,9.735
endpoint_ms,8.333
endpoint_ms,8.720
endpoint_ms,8.203
endpoint_ms,13.689
endpoint_ms,10.807
endpoint_ms,8.761
endpoint_ms,8.073
endpoint_ms,10.857
endpoint_ms,8.940
endpoint_ms,8.610
endpoint_ms,8.306
endpoint_ms,7.767
endpoint_ms,12.383
endpoint_ms,8.132
endpoint_ms,9.591
endpoint_ms,8.285
endpoint_ms,9.119
endpoint_ms,8.954
endpoint_ms,8.377
endpoint_ms,7.968
endpoint_ms,8.568
endpoint_ms,7.230
endpoint_ms,12.695
endpoint_ms,7.577
endpoint_ms,18.725
endpoint_ms,11.640
endpoint_ms,7.212
endpoint_ms,10.470
endpoint_ms,7.522
endpoint_ms,8.089
endpoint_ms,8.563
endpoint_ms,8.432
endpoint_ms,9.595
endpoint_ms,7.899
endpoint_ms,8.390
endpoint_ms,9.562
endpoint_ms,8.586
endpoint_ms,12.003
endpoint_ms,8.848
endpoint_ms,9.895
endpoint_ms,8.490
endpoint_ms,8.460
endpoint_ms,11.099
endpoint_ms,8.863
endpoint_ms,9.364
endpoint_ms,7.900
endpoint_ms,7.917
endpoint_ms,11.302
endpoint_ms,7.092
endpoint_ms,8.720
endpoint_ms,7.307
endpoint_ms,8.788
endpoint_ms,8.612
endpoint_ms,8.056
endpoint_ms,8.669
endpoint_ms,8.309
endpoint_ms,8.955
endpoint_ms,9.071
endpoint_ms,9.600
endpoint_ms,8.827
endpoint_ms,14.770
endpoint_ms,9.283
endpoint_ms,11.147
endpoint_ms,7.623
endpoint_ms,8.311
endpoint_ms,9.184
endpoint_ms,7.481
endpoint_ms,9.150
endpoint_ms,7.904
endpoint_ms,9.737
endpoint_ms,8.770
endpoint_ms,8.363
endpoint_ms,10.934
endpoint_ms,8.466
endpoint_ms,11.887
endpoint_ms,8.815
endpoint_ms,8.492
endpoint_ms,9.253
endpoint_ms,8.522
endpoint_ms,8.183
endpoint_ms,9.457
endpoint_ms,8.102
endpoint_ms,11.597
endpoint_ms,8.613
endpoint_ms,10.455
endpoint_ms,8.575
endpoint_ms,8.217
endpoint_ms,13.054
endpoint_ms,8.997
endpoint_ms,10.865
endpoint_ms,8.409
endpoint_ms,7.629
endpoint_ms,12.634
endpoint_ms,8.259
endpoint_ms,8.513
endpoint_ms,9.504
endpoint_ms,8.350
endpoint_ms,11.535
endpoint_ms,9.153
endpoint_ms,8.041
endpoint_ms,9.137
endpoint_ms,8.830
endpoint_ms,11.201
endpoint_ms,8.935
endpoint_ms,8.774
endpoint_ms,9.187
endpoint_ms,8.211
endpoint_ms,12.105
endpoint_ms,8.081
endpoint_ms,7.861
endpoint_ms,8.839
endpoint_ms,8.838
endpoint_ms,11.744
endpoint_ms,8.499
endpoint_ms,9.900
endpoint_ms,9.633
endpoint_ms,8.669
endpoint_ms,13.823
endpoint_ms,9.688
endpoint_ms,9.244
endpoint_ms,9.649
endpoint_ms,12.673
endpoint_ms,7.352
endpoint_ms,7.685
endpoint_ms,10.824
endpoint_ms,7.557
endpoint_ms,10.625
endpoint_ms,8.992
endpoint_ms,7.733
endpoint_ms,8.531
endpoint_ms,8.173
endpoint_ms,12.223
endpoint_ms,9.250
endpoint_ms,7.752
endpoint_ms,10.224
endpoint_ms,8.701
endpoint_ms,11.443
endpoint_ms,8.558
endpoint_ms,7.478
endpoint_ms,10.048
endpoint_ms,8.869
endpoint_ms,7.347
endpoint_ms,7.492
endpoint_ms,8.486
endpoint_ms,8.357
endpoint_ms,10.769
endpoint_ms,9.617
endpoint_ms,6.936
endpoint_ms,9.187
endpoint_ms,8.284
endpoint_ms,9.104
endpoint_ms,7.875
endpoint_ms,8.720
endpoint_ms,7.968
endpoint_ms,11.970
endpoint_ms,7.919
endpoint_ms,7.590
endpoint_ms,10.488
endpoint_ms,12.389
endpoint_ms,10.593
endpoint_ms,8.302
endpoint_ms,9.369
endpoint_ms,8.099
endpoint_ms,11.695
endpoint_ms,8.864
endpoint_ms,8.881
endpoint_ms,11.505
endpoint_ms,9.330
endpoint_ms,16.302
endpoint_ms,7.203
endpoint_ms,9.671
endpoint_ms,15.406
endpoint_ms,14.465
endpoint_ms,16.883
endpoint_ms,12.547
endpoint_ms,28.605
endpoint_ms,9.423
endpoint_ms,14.156
endpoint_ms,8.573
endpoint_ms,11.965
endpoint_ms,13.422
endpoint_ms,10.491
endpoint_ms,15.396
endpoint_ms,9.499
endpoint_ms,7.856
endpoint_ms,10.086
endpoint_ms,10.157
endpoint_ms,9.434
endpoint_ms,9.099
endpoint_ms,12.964
endpoint_ms,9.324
endpoint_ms,8.481
endpoint_ms,8.108
endpoint_ms,8.762
endpoint_ms,8.440
endpoint_ms,14.358
endpoint_ms,9.487
endpoint_ms,7.609
endpoint_ms,13.894
endpoint_ms,7.765
endpoint_ms,12.277
endpoint_ms,31.584
endpoint_ms,13.914
endpoint_ms,7.317
endpoint_ms,8.116
endpoint_ms,14.964
endpoint_ms,9.002
endpoint_ms,9.003
endpoint_ms,8.162
endpoint_ms,9.557
endpoint_ms,10.899
endpoint_ms,9.050
endpoint_ms,7.134
endpoint_ms,8.209
endpoint_ms,7.490
endpoint_ms,13.613
endpoint_ms,7.442
endpoint_ms,8.978
endpoint_ms,16.295
endpoint_ms,7.890
endpoint_ms,12.360
endpoint_ms,9.376
endpoint_ms,8.453
endpoint_ms,8.450
endpoint_ms,10.440
endpoint_ms,13.863
endpoint_ms,8.139
endpoint_ms,7.946
endpoint_ms,10.366
endpoint_ms,8.005
endpoint_ms,12.584
endpoint_ms,9.337
endpoint_ms,8.921
endpoint_ms,8.262
endpoint_ms,9.330
endpoint_ms,11.382
endpoint_ms,7.726
endpoint_ms,8.088
endpoint_ms,8.443
endpoint_ms,7.897
endpoint_ms,11.975
endpoint_ms,8.985
endpoint_ms,8.438
endpoint_ms,8.549
endpoint_ms,9.884
endpoint_ms,21.616
endpoint_ms,9.191
endpoint_ms,9.943
endpoint_ms,8.342
endpoint_ms,8.677
endpoint_ms,9.797
endpoint_ms,8.082
endpoint_ms,8.763
endpoint_ms,7.985
endpoint_ms,12.030
endpoint_ms,8.014
endpoint_ms,7.573
endpoint_ms,8.824
endpoint_ms,11.004
endpoint_ms,8.459
endpoint_ms,15.046
endpoint_ms,11.506
endpoint_ms,11.340
endpoint_ms,28.663
endpoint_ms,16.614
endpoint_ms,9.146
endpoint_ms,8.162
endpoint_ms,8.030
endpoint_ms,11.563
endpoint_ms,8.282
endpoint_ms,8.404
endpoint_ms,8.706
endpoint_ms,8.220
endpoint_ms,11.927
endpoint_ms,8.986
endpoint_ms,8.224
endpoint_ms,8.335
endpoint_ms,9.349
endpoint_ms,8.946
endpoint_ms,8.798
endpoint_ms,8.984
endpoint_ms,11.663
endpoint_ms,8.152
endpoint_ms,10.936
endpoint_ms,8.718
endpoint_ms,8.208
endpoint_ms,9.168
endpoint_ms,14.759
endpoint_ms,11.208
endpoint_ms,9.652
endpoint_ms,8.968
endpoint_ms,8.443
endpoint_ms,7.669
endpoint_ms,9.916
endpoint_ms,9.032
endpoint_ms,10.683
endpoint_ms,8.604
endpoint_ms,7.517
endpoint_ms,11.346
endpoint_ms,9.276
endpoint_ms,8.580
endpoint_ms,8.552
endpoint_ms,8.313
endpoint_ms,11.227
endpoint_ms,8.786
endpoint_ms,8.527
endpoint_ms,9.577
endpoint_ms,7.973
endpoint_ms,11.991
endpoint_ms,8.683
endpoint_ms,8.616
endpoint_ms,8.874
endpoint_ms,8.211
endpoint_ms,10.127
endpoint_ms,9.266
endpoint_ms,7.880
endpoint_ms,9.175
endpoint_ms,8.312
endpoint_ms,10.854
endpoint_ms,8.324
endpoint_ms,8.300
endpoint_ms,8.181
endpoint_ms,7.702
endpoint_ms,10.654
