processed_time_webhook.parse_json,0.00011
processed_time_webhook.download_object,0.00327
processed_time_webhook.read_point_cloud,0.00310
processed_time_alignment.calc_geohash,0.00012
processed_time_alignment.copy_to_uploads,0.00567
processed_time_alignment.download_latest,0.01423
processed_time_alignment.upload_latest,0.00583
processed_time_alignment.save_metadata,0.00209
processed_time_webhook.parse_json,0.00014
processed_time_webhook.download_object,0.00227
processed_time_webhook.read_point_cloud,0.00353
processed_time_alignment.calc_geohash,0.00003
processed_time_alignment.copy_to_uploads,0.00490
processed_time_alignment.download_latest,0.00408
processed_time_alignment.upload_latest,0.00568
processed_time_alignment.save_metadata,0.00504
processed_time_webhook.parse_json,0.00010
processed_time_webhook.download_object,0.00224
processed_time_webhook.read_point_cloud,0.00352
processed_time_alignment.calc_geohash,0.00003
processed_time_alignment.copy_to_uploads,0.00473
processed_time_alignment.download_latest,0.00243
processed_time_alignment.upload_latest,0.00561
processed_time_alignment.save_metadata,0.00444
processed_time_webhook.parse_json,0.00011
processed_time_webhook.download_object,0.00215
processed_time_webhook.read_point_cloud,0.00288
processed_time_alignment.calc_geohash,0.00003
processed_time_alignment.copy_to_uploads,0.00455
processed_time_alignment.download_latest,0.00243
processed_time_alignment.upload_latest,0.00553
processed_time_alignment.save_metadata,0.00191
processed_time_webhook.parse_json,0.00011
processed_time_webhook.download_object,0.00224
processed_time_webhook.read_point_cloud,0.00329
processed_time_alignment.calc_geohash,0.00003
processed_time_alignment.copy_to_uploads,0.00460
processed_time_alignment.download_latest,0.00264
processed_time_alignment.upload_latest,0.00560
processed_time_alignment.save_metadata,0.00203
processed_time_webhook.parse_json,0.00010
processed_time_webhook.download_object,0.00221
processed_time_webhook.read_point_cloud,0.00310
processed_time_alignment.calc_geohash,0.00003
processed_time_alignment.copy_to_uploads,0.00454
processed_time_alignment.download_latest,0.00246
processed_time_alignment.upload_latest,0.00543
processed_time_alignment.save_metadata,0.00199
processed_time_webhook.parse_json,0.00011
processed_time_webhook.download_object,0.00211
processed_time_webhook.read_point_cloud,0.00328
processed_time_alignment.calc_geohash,0.00003
processed_time_alignment.copy_to_uploads,0.00448
processed_time_alignment.download_latest,0.00244
processed_time_alignment.upload_latest,0.00818
processed_time_alignment.save_metadata,0.00180
processed_time_webhook.parse_json,0.00011
processed_time_webhook.download_object,0.00228
processed_time_webhook.read_point_cloud,0.00327
processed_time_alignment.calc_geohash,0.00003
processed_time_alignment.copy_to_uploads,0.00436
processed_time_alignment.download_latest,0.00241
processed_time_alignment.upload_latest,0.00558
processed_time_alignment.save_metadata,0.00213
processed_time_webhook.parse_json,0.00014
processed_time_webhook.download_object,0.00238
processed_time_webhook.read_point_cloud,0.00366
processed_time_alignment.calc_geohash,0.00003
processed_time_alignment.copy_to_uploads,0.00516
processed_time_alignment.download_latest,0.00265
processed_time_alignment.upload_latest,0.00602
processed_time_alignment.save_metadata,0.00252
processed_time_webhook.parse_json,0.00011
processed_time_webhook.download_object,0.00213
processed_time_webhook.read_point_cloud,0.00334
processed_time_alignment.calc_geohash,0.00003
processed_time_alignment.copy_to_uploads,0.00492
processed_time_alignment.download_latest,0.00262
processed_time_alignment.upload_latest,0.00984
processed_time_alignment.save_metadata,0.00180
processed_time_webhook.parse_json,0.00013
processed_time_webhook.download_object,0.00208
processed_time_webhook.read_point_cloud,0.00367
processed_time_alignment.calc_geohash,0.00004
processed_time_alignment.copy_to_uploads,0.00923
processed_time_alignment.download_latest,0.01100
processed_time_alignment.upload_latest,0.00905
processed_time_alignment.save_metadata,0.00239
processed_time_webhook.parse_json,0.00014
processed_time_webhook.download_object,0.00213
processed_time_webhook.read_point_cloud,0.00299
processed_time_alignment.calc_geohash,0.00003
processed_time_alignment.copy_to_uploads,0.00435
processed_time_alignment.download_latest,0.00239
processed_time_alignment.upload_latest,0.00836
processed_time_alignment.save_metadata,0.00174
processed_time_webhook.parse_json,0.00011
processed_time_webhook.download_object,0.00254
processed_time_webhook.read_point_cloud,0.00343
processed_time_alignment.calc_geohash,0.00003
processed_time_alignment.copy_to_uploads,0.00488
processed_time_alignment.download_latest,0.00257
processed_time_alignment.upload_latest,0.00559
processed_time_alignment.save_metadata,0.00193
processed_time_webhook.parse_json,0.00012
processed_time_webhook.download_object,0.00241
processed_time_webhook.read_point_cloud,0.00370
processed_time_alignment.calc_geohash,0.00004
processed_time_alignment.copy_to_uploads,0.00531
processed_time_alignment.download_latest,0.00271
processed_time_alignment.upload_latest,0.00820
processed_time_alignment.save_metadata,0.00200
processed_time_webhook.parse_json,0.00012
processed_time_webhook.download_object,0.00232
processed_time_webhook.read_point_cloud,0.00364
processed_time_alignment.calc_geohash,0.00004
processed_time_alignment.copy_to_uploads,0.00489
processed_time_alignment.download_latest,0.00263
processed_time_alignment.upload_latest,0.00826
processed_time_alignment.save_metadata,0.00209
processed_time_webhook.parse_json,0.00015
processed_time_webhook.download_object,0.00300
processed_time_webhook.read_point_cloud,0.00348
processed_time_alignment.calc_geohash,0.00005
processed_time_alignment.copy_to_uploads,0.00578
processed_time_alignment.download_latest,0.00262
processed_time_alignment.upload_latest,0.00987
processed_time_alignment.save_metadata,0.00208
processed_time_webhook.parse_json,0.00013
processed_time_webhook.download_object,0.00466
processed_time_webhook.read_point_cloud,0.00594
processed_time_alignment.calc_geohash,0.00005
processed_time_alignment.copy_to_uploads,0.00564
processed_time_alignment.download_latest,0.00252
processed_time_alignment.upload_latest,0.02235
processed_time_alignment.save_metadata,0.00224
processed_time_webhook.parse_json,0.00013
processed_time_webhook.download_object,0.00212
processed_time_webhook.read_point_cloud,0.00334
processed_time_alignment.calc_geohash,0.00003
processed_time_alignment.copy_to_uploads,0.00480
processed_time_alignment.download_latest,0.00219
processed_time_alignment.upload_latest,0.00567
processed_time_alignment.save_metadata,0.00193
processed_time_webhook.parse_json,0.00012
processed_time_webhook.download_object,0.00222
processed_time_webhook.read_point_cloud,0.00367
processed_time_alignment.calc_geohash,0.00004
processed_time_alignment.copy_to_uploads,0.00512
processed_time_alignment.download_latest,0.00254
processed_time_alignment.upload_latest,0.00982
processed_time_alignment.save_metadata,0.00172
processed_time_webhook.parse_json,0.00014
processed_time_webhook.download_object,0.00214
processed_time_webhook.read_point_cloud,0.00341
processed_time_alignment.calc_geohash,0.00003
processed_time_alignment.copy_to_uploads,0.00477
processed_time_alignment.download_latest,0.00224
processed_time_alignment.upload_latest,0.00569
processed_time_alignment.save_metadata,0.00180
processed_time_webhook.parse_json,0.00011
processed_time_webhook.download_object,0.00199
processed_time_webhook.read_point_cloud,0.00359
processed_time_alignment.calc_geohash,0.00003
processed_time_alignment.copy_to_uploads,0.00498
processed_time_alignment.download_latest,0.00240
processed_time_alignment.upload_latest,0.00994
processed_time_alignment.save_metadata,0.00184
processed_time_webhook.parse_json,0.00013
processed_time_webhook.download_object,0.00204
processed_time_webhook.read_point_cloud,0.00335
processed_time_alignment.calc_geohash,0.00004
processed_time_alignment.copy_to_uploads,0.00461
processed_time_alignment.download_latest,0.00233
processed_time_alignment.upload_latest,0.00903
processed_time_alignment.save_metadata,0.00269
processed_time_webhook.parse_json,0.00010
processed_time_webhook.download_object,0.00195
processed_time_webhook.read_point_cloud,0.00306
processed_time_alignment.calc_geohash,0.00003
processed_time_alignment.copy_to_uploads,0.00438
processed_time_alignment.download_latest,0.00222
processed_time_alignment.upload_latest,0.00789
processed_time_alignment.save_metadata,0.00194
processed_time_webhook.parse_json,0.00011
processed_time_webhook.download_object,0.00206
processed_time_webhook.read_point_cloud,0.00329
processed_time_alignment.calc_geohash,0.00003
processed_time_alignment.copy_to_uploads,0.00609
processed_time_alignment.download_latest,0.00233
processed_time_alignment.upload_latest,0.00590
processed_time_alignment.save_metadata,0.00189
processed_time_webhook.parse_json,0.00015
processed_time_webhook.download_object,0.00233
processed_time_webhook.read_point_cloud,0.00338
processed_time_alignment.calc_geohash,0.00004
processed_time_alignment.copy_to_uploads,0.00648
processed_time_alignment.download_latest,0.00241
processed_time_alignment.upload_latest,0.00598
processed_time_alignment.save_metadata,0.00204
processed_time_webhook.parse_json,0.00013
processed_time_webhook.download_object,0.00215
processed_time_webhook.read_point_cloud,0.00337
processed_time_alignment.calc_geohash,0.00003
processed_time_alignment.copy_to_uploads,0.00498
processed_time_alignment.download_latest,0.00246
processed_time_alignment.upload_latest,0.00814
processed_time_alignment.save_metadata,0.00184
processed_time_webhook.parse_json,0.00011
processed_time_webhook.download_object,0.00215
processed_time_webhook.read_point_cloud,0.00321
processed_time_alignment.calc_geohash,0.00003
processed_time_alignment.copy_to_uploads,0.00484
processed_time_alignment.download_latest,0.00242
processed_time_alignment.upload_latest,0.00578
processed_time_alignment.save_metadata,0.00197
processed_time_webhook.parse_json,0.00028
processed_time_webhook.download_object,0.00228
processed_time_webhook.read_point_cloud,0.00313
processed_time_alignment.calc_geohash,0.00005
processed_time_alignment.copy_to_uploads,0.00580
processed_time_alignment.download_latest,0.00234
processed_time_alignment.upload_latest,0.00976
processed_time_alignment.save_metadata,0.00201
processed_time_webhook.parse_json,0.00012
processed_time_webhook.download_object,0.00254
processed_time_webhook.read_point_cloud,0.00317
processed_time_alignment.calc_geohash,0.00003
processed_time_alignment.copy_to_uploads,0.00463
processed_time_alignment.download_latest,0.00247
processed_time_alignment.upload_latest,0.00592
processed_time_alignment.save_metadata,0.00328
processed_time_webhook.parse_json,0.00011
processed_time_webhook.download_object,0.00210
processed_time_webhook.read_point_cloud,0.00330
processed_time_alignment.calc_geohash,0.00003
processed_time_alignment.copy_to_uploads,0.00485
processed_time_alignment.download_latest,0.00229
processed_time_alignment.upload_latest,0.00600
processed_time_alignment.save_metadata,0.00197
processed_time_webhook.parse_json,0.00021
processed_time_webhook.download_object,0.00229
processed_time_webhook.read_point_cloud,0.00332
processed_time_alignment.calc_geohash,0.00003
processed_time_alignment.copy_to_uploads,0.00491
processed_time_alignment.download_latest,0.00252
processed_time_alignment.upload_latest,0.00606
processed_time_alignment.save_metadata,0.00204
processed_time_webhook.parse_json,0.00013
processed_time_webhook.download_object,0.00217
processed_time_webhook.read_point_cloud,0.00350
processed_time_alignment.calc_geohash,0.00003
processed_time_alignment.copy_to_uploads,0.00523
processed_time_alignment.download_latest,0.00247
processed_time_alignment.upload_latest,0.00847
processed_time_alignment.save_metadata,0.00237
processed_time_webhook.parse_json,0.00012
processed_time_webhook.download_object,0.00204
processed_time_webhook.read_point_cloud,0.00333
processed_time_alignment.calc_geohash,0.00003
processed_time_alignment.copy_to_uploads,0.00467
processed_time_alignment.download_latest,0.00232
processed_time_alignment.upload_latest,0.00797
processed_time_alignment.save_metadata,0.00176
processed_time_webhook.parse_json,0.00015
processed_time_webhook.download_object,0.00216
processed_time_webhook.read_point_cloud,0.00338
processed_time_alignment.calc_geohash,0.00003
processed_time_alignment.copy_to_uploads,0.00444
processed_time_alignment.download_latest,0.00228
processed_time_alignment.upload_latest,0.00832
processed_time_alignment.save_metadata,0.00235
processed_time_webhook.parse_json,0.00013
processed_time_webhook.download_object,0.00248
processed_time_webhook.read_point_cloud,0.00349
processed_time_alignment.calc_geohash,0.00003
processed_time_alignment.copy_to_uploads,0.00494
processed_time_alignment.download_latest,0.00242
processed_time_alignment.upload_latest,0.00929
processed_time_alignment.save_metadata,0.00208
processed_time_webhook.parse_json,0.00012
processed_time_webhook.download_object,0.00253
processed_time_webhook.read_point_cloud,0.00367
processed_time_alignment.calc_geohash,0.00005
processed_time_alignment.copy_to_uploads,0.00531
processed_time_alignment.download_latest,0.00244
processed_time_alignment.upload_latest,0.00603
processed_time_alignment.save_metadata,0.00323
processed_time_webhook.parse_json,0.00013
processed_time_webhook.download_object,0.00249
processed_time_webhook.read_point_cloud,0.00332
processed_time_alignment.calc_geohash,0.00003
processed_time_alignment.copy_to_uploads,0.00482
processed_time_alignment.download_latest,0.00236
processed_time_alignment.upload_latest,0.00827
processed_time_alignment.save_metadata,0.00191
processed_time_webhook.parse_json,0.00010
processed_time_webhook.download_object,0.00210
processed_time_webhook.read_point_cloud,0.00348
processed_time_alignment.calc_geohash,0.00003
processed_time_alignment.copy_to_uploads,0.00490
processed_time_alignment.download_latest,0.00250
processed_time_alignment.upload_latest,0.00830
processed_time_alignment.save_metadata,0.00181
processed_time_webhook.parse_json,0.00010
processed_time_webhook.download_object,0.00632
processed_time_webhook.read_point_cloud,0.00355
processed_time_alignment.calc_geohash,0.00004
processed_time_alignment.copy_to_uploads,0.00535
processed_time_alignment.download_latest,0.00337
processed_time_alignment.upload_latest,0.00686
processed_time_alignment.save_metadata,0.00322
processed_time_webhook.parse_json,0.00011
processed_time_webhook.download_object,0.00208
processed_time_webhook.read_point_cloud,0.00315
processed_time_alignment.calc_geohash,0.00003
processed_time_alignment.copy_to_uploads,0.00435
processed_time_alignment.download_latest,0.00220
processed_time_alignment.upload_latest,0.00916
processed_time_alignment.save_metadata,0.00245
processed_time_webhook.parse_json,0.00012
processed_time_webhook.download_object,0.00225
processed_time_webhook.read_point_cloud,0.00365
processed_time_alignment.calc_geohash,0.00003
processed_time_alignment.copy_to_uploads,0.00488
processed_time_alignment.download_latest,0.00259
processed_time_alignment.upload_latest,0.00850
processed_time_alignment.save_metadata,0.00181
processed_time_webhook.parse_json,0.00013
processed_time_webhook.download_object,0.00222
processed_time_webhook.read_point_cloud,0.00348
processed_time_alignment.calc_geohash,0.00003
processed_time_alignment.copy_to_uploads,0.00484
processed_time_alignment.download_latest,0.00237
processed_time_alignment.upload_latest,0.00824
processed_time_alignment.save_metadata,0.00180
processed_time_webhook.parse_json,0.00014
processed_time_webhook.download_object,0.00217
processed_time_webhook.read_point_cloud,0.00366
processed_time_alignment.calc_geohash,0.00003
processed_time_alignment.copy_to_uploads,0.00462
processed_time_alignment.download_latest,0.00238
processed_time_alignment.upload_latest,0.00969
processed_time_alignment.save_metadata,0.00220
processed_time_webhook.parse_json,0.00013
processed_time_webhook.download_object,0.00220
processed_time_webhook.read_point_cloud,0.00346
processed_time_alignment.calc_geohash,0.00003
processed_time_alignment.copy_to_uploads,0.00466
processed_time_alignment.download_latest,0.00228
processed_time_alignment.upload_latest,0.00902
processed_time_alignment.save_metadata,0.00198
processed_time_webhook.parse_json,0.00014
processed_time_webhook.download_object,0.00221
processed_time_webhook.read_point_cloud,0.00336
processed_time_alignment.calc_geohash,0.00003
processed_time_alignment.copy_to_uploads,0.00466
processed_time_alignment.download_latest,0.00226
processed_time_alignment.upload_latest,0.00801
processed_time_alignment.save_metadata,0.00190
processed_time_webhook.parse_json,0.00014
processed_time_webhook.download_object,0.00225
processed_time_webhook.read_point_cloud,0.00355
processed_time_alignment.calc_geohash,0.00004
processed_time_alignment.copy_to_uploads,0.00474
processed_time_alignment.download_latest,0.00236
processed_time_alignment.upload_latest,0.00943
processed_time_alignment.save_metadata,0.00228
processed_time_webhook.parse_json,0.00012
processed_time_webhook.download_object,0.00216
processed_time_webhook.read_point_cloud,0.00362
processed_time_alignment.calc_geohash,0.00003
processed_time_alignment.copy_to_uploads,0.00628
processed_time_alignment.download_latest,0.00233
processed_time_alignment.upload_latest,0.00612
processed_time_alignment.save_metadata,0.00328
processed_time_webhook.parse_json,0.00012
processed_time_webhook.download_object,0.00199
processed_time_webhook.read_point_cloud,0.00343
processed_time_alignment.calc_geohash,0.00005
processed_time_alignment.copy_to_uploads,0.00492
processed_time_alignment.download_latest,0.00218
processed_time_alignment.upload_latest,0.00577
processed_time_alignment.save_metadata,0.00190
processed_time_webhook.parse_json,0.00014
processed_time_webhook.download_object,0.00204
processed_time_webhook.read_point_cloud,0.00346
processed_time_alignment.calc_geohash,0.00003
processed_time_alignment.copy_to_uploads,0.00497
processed_time_alignment.download_latest,0.00257
processed_time_alignment.upload_latest,0.00585
processed_time_alignment.save_metadata,0.00179
processed_time_webhook.parse_json,0.00014
processed_time_webhook.download_object,0.00306
processed_time_webhook.read_point_cloud,0.00352
processed_time_alignment.calc_geohash,0.00004
processed_time_alignment.copy_to_uploads,0.00532
processed_time_alignment.download_latest,0.00239
processed_time_alignment.upload_latest,0.00842
processed_time_alignment.save_metadata,0.00206
processed_time_webhook.parse_json,0.00013
processed_time_webhook.download_object,0.00213
processed_time_webhook.read_point_cloud,0.00352
processed_time_alignment.calc_geohash,0.00003
processed_time_alignment.copy_to_uploads,0.00481
processed_time_alignment.download_latest,0.00247
processed_time_alignment.upload_latest,0.00609
processed_time_alignment.save_metadata,0.00169
processed_time_webhook.parse_json,0.00012
processed_time_webhook.download_object,0.00209
processed_time_webhook.read_point_cloud,0.00346
processed_time_alignment.calc_geohash,0.00003
processed_time_alignment.copy_to_uploads,0.00464
processed_time_alignment.download_latest,0.00250
processed_time_alignment.upload_latest,0.00963
processed_time_alignment.save_metadata,0.00210
processed_time_webhook.parse_json,0.00013
processed_time_webhook.download_object,0.00203
processed_time_webhook.read_point_cloud,0.00346
processed_time_alignment.calc_geohash,0.00003
processed_time_alignment.copy_to_uploads,0.00446
processed_time_alignment.download_latest,0.00226
processed_time_alignment.upload_latest,0.00848
processed_time_alignment.save_metadata,0.00191
processed_time_webhook.parse_json,0.00013
processed_time_webhook.download_object,0.00222
processed_time_webhook.read_point_cloud,0.00350
processed_time_alignment.calc_geohash,0.00003
processed_time_alignment.copy_to_uploads,0.00478
processed_time_alignment.download_latest,0.00245
processed_time_alignment.upload_latest,0.01401
processed_time_alignment.save_metadata,0.00159
processed_time_webhook.parse_json,0.00014
processed_time_webhook.download_object,0.00213
processed_time_webhook.read_point_cloud,0.00375
processed_time_alignment.calc_geohash,0.00003
processed_time_alignment.copy_to_uploads,0.00460
processed_time_alignment.download_latest,0.00248
processed_time_alignment.upload_latest,0.00839
processed_time_alignment.save_metadata,0.00191
processed_time_webhook.parse_json,0.00013
processed_time_webhook.download_object,0.00257
processed_time_webhook.read_point_cloud,0.00353
processed_time_alignment.calc_geohash,0.00003
processed_time_alignment.copy_to_uploads,0.00631
processed_time_alignment.download_latest,0.00236
processed_time_alignment.upload_latest,0.00595
processed_time_alignment.save_metadata,0.00200
processed_time_webhook.parse_json,0.00014
processed_time_webhook.download_object,0.00213
processed_time_webhook.read_point_cloud,0.00366
processed_time_alignment.calc_geohash,0.00003
processed_time_alignment.copy_to_uploads,0.00485
processed_time_alignment.download_latest,0.00242
processed_time_alignment.upload_latest,0.00841
processed_time_alignment.save_metadata,0.00276
processed_time_webhook.parse_json,0.00013
processed_time_webhook.download_object,0.00245
processed_time_webhook.read_point_cloud,0.00366
processed_time_alignment.calc_geohash,0.00003
processed_time_alignment.copy_to_uploads,0.00514
processed_time_alignment.download_latest,0.00249
processed_time_alignment.upload_latest,0.00619
processed_time_alignment.save_metadata,0.00195
processed_time_webhook.parse_json,0.00011
processed_time_webhook.download_object,0.00204
processed_time_webhook.read_point_cloud,0.00349
processed_time_alignment.calc_geohash,0.00004
processed_time_alignment.copy_to_uploads,0.00484
processed_time_alignment.download_latest,0.00243
processed_time_alignment.upload_latest,0.00820
processed_time_alignment.save_metadata,0.00195
processed_time_webhook.parse_json,0.00014
processed_time_webhook.download_object,0.00447
processed_time_webhook.read_point_cloud,0.00365
processed_time_alignment.calc_geohash,0.00004
processed_time_alignment.copy_to_uploads,0.00492
processed_time_alignment.download_latest,0.00232
processed_time_alignment.upload_latest,0.00586
processed_time_alignment.save_metadata,0.00189
processed_time_webhook.parse_json,0.00011
processed_time_webhook.download_object,0.00179
processed_time_webhook.read_point_cloud,0.00296
processed_time_alignment.calc_geohash,0.00003
processed_time_alignment.copy_to_uploads,0.00456
processed_time_alignment.download_latest,0.00226
processed_time_alignment.upload_latest,0.02385
processed_time_alignment.save_metadata,0.00300
processed_time_webhook.parse_json,0.00010
processed_time_webhook.download_object,0.00179
processed_time_webhook.read_point_cloud,0.00324
processed_time_alignment.calc_geohash,0.00003
processed_time_alignment.copy_to_uploads,0.00442
processed_time_alignment.download_latest,0.00214
processed_time_alignment.upload_latest,0.00563
processed_time_alignment.save_metadata,0.00192
processed_time_webhook.parse_json,0.00010
processed_time_webhook.download_object,0.00188
processed_time_webhook.read_point_cloud,0.00334
processed_time_alignment.calc_geohash,0.00003
processed_time_alignment.copy_to_uploads,0.00590
processed_time_alignment.download_latest,0.00222
processed_time_alignment.upload_latest,0.00556
processed_time_alignment.save_metadata,0.00165
processed_time_webhook.parse_json,0.00010
processed_time_webhook.download_object,0.00170
processed_time_webhook.read_point_cloud,0.00353
processed_time_alignment.calc_geohash,0.00003
processed_time_alignment.copy_to_uploads,0.00464
processed_time_alignment.download_latest,0.00235
processed_time_alignment.upload_latest,0.00570
processed_time_alignment.save_metadata,0.00191
processed_time_webhook.parse_json,0.00011
processed_time_webhook.download_object,0.00196
processed_time_webhook.read_point_cloud,0.00370
processed_time_alignment.calc_geohash,0.00003
processed_time_alignment.copy_to_uploads,0.00460
processed_time_alignment.download_latest,0.00248
processed_time_alignment.upload_latest,0.00827
processed_time_alignment.save_metadata,0.00224
processed_time_webhook.parse_json,0.00010
processed_time_webhook.download_object,0.00191
processed_time_webhook.read_point_cloud,0.00344
processed_time_alignment.calc_geohash,0.00003
processed_time_alignment.copy_to_uploads,0.00448
processed_time_alignment.download_latest,0.00228
processed_time_alignment.upload_latest,0.00600
processed_time_alignment.save_metadata,0.00497
processed_time_webhook.parse_json,0.00010
processed_time_webhook.download_object,0.00170
processed_time_webhook.read_point_cloud,0.00310
processed_time_alignment.calc_geohash,0.00003
processed_time_alignment.copy_to_uploads,0.00514
processed_time_alignment.download_latest,0.00218
processed_time_alignment.upload_latest,0.00552
processed_time_alignment.save_metadata,0.00186
processed_time_webhook.parse_json,0.00013
processed_time_webhook.download_object,0.00186
processed_time_webhook.read_point_cloud,0.00323
processed_time_alignment.calc_geohash,0.00003
processed_time_alignment.copy_to_uploads,0.00460
processed_time_alignment.download_latest,0.00225
processed_time_alignment.upload_latest,0.00588
processed_time_alignment.save_metadata,0.00195
processed_time_webhook.parse_json,0.00011
processed_time_webhook.download_object,0.00204
processed_time_webhook.read_point_cloud,0.00365
processed_time_alignment.calc_geohash,0.00003
processed_time_alignment.copy_to_uploads,0.00457
processed_time_alignment.download_latest,0.00226
processed_time_alignment.upload_latest,0.00808
processed_time_alignment.save_metadata,0.00208
processed_time_webhook.parse_json,0.00014
processed_time_webhook.download_object,0.00203
processed_time_webhook.read_point_cloud,0.00362
processed_time_alignment.calc_geohash,0.00003
processed_time_alignment.copy_to_uploads,0.00479
processed_time_alignment.download_latest,0.00235
processed_time_alignment.upload_latest,0.00802
processed_time_alignment.save_metadata,0.00184
processed_time_webhook.parse_json,0.00012
processed_time_webhook.download_object,0.00201
processed_time_webhook.read_point_cloud,0.00353
processed_time_alignment.calc_geohash,0.00004
processed_time_alignment.copy_to_uploads,0.00651
processed_time_alignment.download_latest,0.00253
processed_time_alignment.upload_latest,0.00989
processed_time_alignment.save_metadata,0.00208
processed_time_webhook.parse_json,0.00012
processed_time_webhook.download_object,0.00179
processed_time_webhook.read_point_cloud,0.00320
processed_time_alignment.calc_geohash,0.00003
processed_time_alignment.copy_to_uploads,0.00421
processed_time_alignment.download_latest,0.00215
processed_time_alignment.upload_latest,0.00551
processed_time_alignment.save_metadata,0.00204
processed_time_webhook.parse_json,0.00013
processed_time_webhook.download_object,0.00215
processed_time_webhook.read_point_cloud,0.00355
processed_time_alignment.calc_geohash,0.00003
processed_time_alignment.copy_to_uploads,0.00451
processed_time_alignment.download_latest,0.00237
processed_time_alignment.upload_latest,0.00574
processed_time_alignment.save_metadata,0.00190
processed_time_webhook.parse_json,0.00012
processed_time_webhook.download_object,0.00202
processed_time_webhook.read_point_cloud,0.00365
processed_time_alignment.calc_geohash,0.00003
processed_time_alignment.copy_to_uploads,0.00464
processed_time_alignment.download_latest,0.00234
processed_time_alignment.upload_latest,0.00827
processed_time_alignment.save_metadata,0.00175
processed_time_webhook.parse_json,0.00012
processed_time_webhook.download_object,0.00186
processed_time_webhook.read_point_cloud,0.00366
processed_time_alignment.calc_geohash,0.00004
processed_time_alignment.copy_to_uploads,0.00512
processed_time_alignment.download_latest,0.00241
processed_time_alignment.upload_latest,0.00849
processed_time_alignment.save_metadata,0.00219
processed_time_webhook.parse_json,0.00011
processed_time_webhook.download_object,0.00219
processed_time_webhook.read_point_cloud,0.00368
processed_time_alignment.calc_geohash,0.00003
processed_time_alignment.copy_to_uploads,0.00504
processed_time_alignment.download_latest,0.00233
processed_time_alignment.upload_latest,0.00865
processed_time_alignment.save_metadata,0.00177
processed_time_webhook.parse_json,0.00012
processed_time_webhook.download_object,0.00199
processed_time_webhook.read_point_cloud,0.00366
processed_time_alignment.calc_geohash,0.00003
processed_time_alignment.copy_to_uploads,0.00497
processed_time_alignment.download_latest,0.00241
processed_time_alignment.upload_latest,0.00661
processed_time_alignment.save_metadata,0.00196
processed_time_webhook.parse_json,0.00012
processed_time_webhook.download_object,0.00217
processed_time_webhook.read_point_cloud,0.00365
processed_time_alignment.calc_geohash,0.00004
processed_time_alignment.copy_to_uploads,0.00505
processed_time_alignment.download_latest,0.00239
processed_time_alignment.upload_latest,0.00814
processed_time_alignment.save_metadata,0.00336
processed_time_webhook.parse_json,0.00014
processed_time_webhook.download_object,0.00207
processed_time_webhook.read_point_cloud,0.00366
processed_time_alignment.calc_geohash,0.00003
processed_time_alignment.copy_to_uploads,0.00484
processed_time_alignment.download_latest,0.00260
processed_time_alignment.upload_latest,0.01198
processed_time_alignment.save_metadata,0.00187
processed_time_webhook.parse_json,0.00012
processed_time_webhook.download_object,0.00205
processed_time_webhook.read_point_cloud,0.00361
processed_time_alignment.calc_geohash,0.00003
processed_time_alignment.copy_to_uploads,0.00586
processed_time_alignment.download_latest,0.00226
processed_time_alignment.upload_latest,0.00600
processed_time_alignment.save_metadata,0.00190
processed_time_webhook.parse_json,0.00011
processed_time_webhook.download_object,0.00203
processed_time_webhook.read_point_cloud,0.00363
processed_time_alignment.calc_geohash,0.00004
processed_time_alignment.copy_to_uploads,0.00468
processed_time_alignment.download_latest,0.00244
processed_time_alignment.upload_latest,0.00830
processed_time_alignment.save_metadata,0.00204
processed_time_webhook.parse_json,0.00011
processed_time_webhook.download_object,0.00223
processed_time_webhook.read_point_cloud,0.00376
processed_time_alignment.calc_geohash,0.00003
processed_time_alignment.copy_to_uploads,0.00506
processed_time_alignment.download_latest,0.00232
processed_time_alignment.upload_latest,0.00835
processed_time_alignment.save_metadata,0.00170
processed_time_webhook.parse_json,0.00012
processed_time_webhook.download_object,0.00204
processed_time_webhook.read_point_cloud,0.00354
processed_time_alignment.calc_geohash,0.00003
processed_time_alignment.copy_to_uploads,0.00493
processed_time_alignment.download_latest,0.00240
processed_time_alignment.upload_latest,0.00842
processed_time_alignment.save_metadata,0.00181
processed_time_webhook.parse_json,0.00013
processed_time_webhook.download_object,0.00222
processed_time_webhook.read_point_cloud,0.00336
processed_time_alignment.calc_geohash,0.00003
processed_time_alignment.copy_to_uploads,0.00447
processed_time_alignment.download_latest,0.00213
processed_time_alignment.upload_latest,0.00785
processed_time_alignment.save_metadata,0.00204
processed_time_webhook.parse_json,0.00029
processed_time_webhook.download_object,0.00268
processed_time_webhook.read_point_cloud,0.00358
processed_time_alignment.calc_geohash,0.00003
processed_time_alignment.copy_to_uploads,0.00512
processed_time_alignment.download_latest,0.00240
processed_time_alignment.upload_latest,0.00570
processed_time_alignment.save_metadata,0.00235
processed_time_webhook.parse_json,0.00011
processed_time_webhook.download_object,0.00199
processed_time_webhook.read_point_cloud,0.00366
processed_time_alignment.calc_geohash,0.00004
processed_time_alignment.copy_to_uploads,0.00491
processed_time_alignment.download_latest,0.00242
processed_time_alignment.upload_latest,0.00860
processed_time_alignment.save_metadata,0.00238
processed_time_webhook.parse_json,0.00015
processed_time_webhook.download_object,0.00229
processed_time_webhook.read_point_cloud,0.00375
processed_time_alignment.calc_geohash,0.00003
processed_time_alignment.copy_to_uploads,0.00487
processed_time_alignment.download_latest,0.00241
processed_time_alignment.upload_latest,0.00584
processed_time_alignment.save_metadata,0.00171
processed_time_webhook.parse_json,0.00012
processed_time_webhook.download_object,0.00221
processed_time_webhook.read_point_cloud,0.00349
processed_time_alignment.calc_geohash,0.00003
processed_time_alignment.copy_to_uploads,0.00426
processed_time_alignment.download_latest,0.00228
processed_time_alignment.upload_latest,0.00798
processed_time_alignment.save_metadata,0.00185
processed_time_webhook.parse_json,0.00013
processed_time_webhook.download_object,0.00212
processed_time_webhook.read_point_cloud,0.00344
processed_time_alignment.calc_geohash,0.00003
processed_time_alignment.copy_to_uploads,0.00571
processed_time_alignment.download_latest,0.00252
processed_time_alignment.upload_latest,0.00570
processed_time_alignment.save_metadata,0.00165
processed_time_webhook.parse_json,0.00011
processed_time_webhook.download_object,0.00218
processed_time_webhook.read_point_cloud,0.00372
processed_time_alignment.calc_geohash,0.00003
processed_time_alignment.copy_to_uploads,0.00464
processed_time_alignment.download_latest,0.00244
processed_time_alignment.upload_latest,0.00599
processed_time_alignment.save_metadata,0.00203
processed_time_webhook.parse_json,0.00014
processed_time_webhook.download_object,0.00212
processed_time_webhook.read_point_cloud,0.00351
processed_time_alignment.calc_geohash,0.00003
processed_time_alignment.copy_to_uploads,0.00473
processed_time_alignment.download_latest,0.00223
processed_time_alignment.upload_latest,0.00850
processed_time_alignment.save_metadata,0.00172
processed_time_webhook.parse_json,0.00011
processed_time_webhook.download_object,0.00209
processed_time_webhook.read_point_cloud,0.00353
processed_time_alignment.calc_geohash,0.00003
processed_time_alignment.copy_to_uploads,0.00466
processed_time_alignment.download_latest,0.00232
processed_time_alignment.upload_latest,0.00821
processed_time_alignment.save_metadata,0.00180
processed_time_webhook.parse_json,0.00012
processed_time_webhook.download_object,0.00198
processed_time_webhook.read_point_cloud,0.00365
processed_time_alignment.calc_geohash,0.00003
processed_time_alignment.copy_to_uploads,0.00482
processed_time_alignment.download_latest,0.00235
processed_time_alignment.upload_latest,0.00602
processed_time_alignment.save_metadata,0.00315
processed_time_webhook.parse_json,0.00010
processed_time_webhook.download_object,0.00204
processed_time_webhook.read_point_cloud,0.00362
processed_time_alignment.calc_geohash,0.00003
processed_time_alignment.copy_to_uploads,0.00590
processed_time_alignment.download_latest,0.00246
processed_time_alignment.upload_latest,0.00589
processed_time_alignment.save_metadata,0.00182
processed_time_webhook.parse_json,0.00012
processed_time_webhook.download_object,0.00221
processed_time_webhook.read_point_cloud,0.00365
processed_time_alignment.calc_geohash,0.00003
processed_time_alignment.copy_to_uploads,0.00486
processed_time_alignment.download_latest,0.00234
processed_time_alignment.upload_latest,0.00826
processed_time_alignment.save_metadata,0.00289
processed_time_webhook.parse_json,0.00011
processed_time_webhook.download_object,0.00188
processed_time_webhook.read_point_cloud,0.00339
processed_time_alignment.calc_geohash,0.00003
processed_time_alignment.copy_to_uploads,0.00452
processed_time_alignment.download_latest,0.00226
processed_time_alignment.upload_latest,0.00546
processed_time_alignment.save_metadata,0.00303
processed_time_webhook.parse_json,0.00012
processed_time_webhook.download_object,0.00185
processed_time_webhook.read_point_cloud,0.00295
processed_time_alignment.calc_geohash,0.00003
processed_time_alignment.copy_to_uploads,0.00422
processed_time_alignment.download_latest,0.00224
processed_time_alignment.upload_latest,0.00804
processed_time_alignment.save_metadata,0.00183
processed_time_webhook.parse_json,0.00010
processed_time_webhook.download_object,0.00172
processed_time_webhook.read_point_cloud,0.00322
processed_time_alignment.calc_geohash,0.00003
processed_time_alignment.copy_to_uploads,0.00417
processed_time_alignment.download_latest,0.00212
processed_time_alignment.upload_latest,0.00573
processed_time_alignment.save_metadata,0.00226
processed_time_webhook.parse_json,0.00011
processed_time_webhook.download_object,0.00180
processed_time_webhook.read_point_cloud,0.00303
processed_time_alignment.calc_geohash,0.00003
processed_time_alignment.copy_to_uploads,0.00560
processed_time_alignment.download_latest,0.00219
processed_time_alignment.upload_latest,0.00584
processed_time_alignment.save_metadata,0.00186
processed_time_webhook.parse_json,0.00013
processed_time_webhook.download_object,0.00195
processed_time_webhook.read_point_cloud,0.00294
processed_time_alignment.calc_geohash,0.00003
processed_time_alignment.copy_to_uploads,0.00416
processed_time_alignment.download_latest,0.00222
processed_time_alignment.upload_latest,0.00908
processed_time_alignment.save_metadata,0.00163
processed_time_webhook.parse_json,0.00011
processed_time_webhook.download_object,0.00179
processed_time_webhook.read_point_cloud,0.00304
processed_time_alignment.calc_geohash,0.00004
processed_time_alignment.copy_to_uploads,0.00466
processed_time_alignment.download_latest,0.00243
processed_time_alignment.upload_latest,0.00579
processed_time_alignment.save_metadata,0.00175
processed_time_webhook.parse_json,0.00012
processed_time_webhook.download_object,0.00174
processed_time_webhook.read_point_cloud,0.00321
processed_time_alignment.calc_geohash,0.00003
processed_time_alignment.copy_to_uploads,0.00584
processed_time_alignment.download_latest,0.00240
processed_time_alignment.upload_latest,0.00555
processed_time_alignment.save_metadata,0.00223
processed_time_webhook.parse_json,0.00013
processed_time_webhook.download_object,0.00190
processed_time_webhook.read_point_cloud,0.00346
processed_time_alignment.calc_geohash,0.00003
processed_time_alignment.copy_to_uploads,0.00474
processed_time_alignment.download_latest,0.00251
processed_time_alignment.upload_latest,0.00805
processed_time_alignment.save_metadata,0.00242
processed_time_webhook.parse_json,0.00014
processed_time_webhook.download_object,0.00206
processed_time_webhook.read_point_cloud,0.00342
processed_time_alignment.calc_geohash,0.00003
processed_time_alignment.copy_to_uploads,0.00469
processed_time_alignment.download_latest,0.00249
processed_time_alignment.upload_latest,0.00804
processed_time_alignment.save_metadata,0.00172
processed_time_webhook.parse_json,0.00012
processed_time_webhook.download_object,0.00215
processed_time_webhook.read_point_cloud,0.00345
processed_time_alignment.calc_geohash,0.00003
processed_time_alignment.copy_to_uploads,0.00491
processed_time_alignment.download_latest,0.00246
processed_time_alignment.upload_latest,0.00816
processed_time_alignment.save_metadata,0.00206
processed_time_webhook.parse_json,0.00011
processed_time_webhook.download_object,0.00207
processed_time_webhook.read_point_cloud,0.00324
processed_time_alignment.calc_geohash,0.00003
processed_time_alignment.copy_to_uploads,0.00480
processed_time_alignment.download_latest,0.00253
processed_time_alignment.upload_latest,0.00823
processed_time_alignment.save_metadata,0.00225
processed_time_webhook.parse_json,0.00011
processed_time_webhook.download_object,0.00192
processed_time_webhook.read_point_cloud,0.00334
processed_time_alignment.calc_geohash,0.00003
processed_time_alignment.copy_to_uploads,0.00501
processed_time_alignment.download_latest,0.00257
processed_time_alignment.upload_latest,0.00822
processed_time_alignment.save_metadata,0.00178
processed_time_webhook.parse_json,0.00012
processed_time_webhook.download_object,0.00205
processed_time_webhook.read_point_cloud,0.00295
processed_time_alignment.calc_geohash,0.00004
processed_time_alignment.copy_to_uploads,0.00779
processed_time_alignment.download_latest,0.00260
processed_time_alignment.upload_latest,0.00617
processed_time_alignment.save_metadata,0.00201
processed_time_webhook.parse_json,0.00011
processed_time_webhook.download_object,0.00187
processed_time_webhook.read_point_cloud,0.00331
processed_time_alignment.calc_geohash,0.00003
processed_time_alignment.copy_to_uploads,0.01675
processed_time_alignment.download_latest,0.00244
processed_time_alignment.upload_latest,0.00814
processed_time_alignment.save_metadata,0.00173
processed_time_webhook.parse_json,0.00012
processed_time_webhook.download_object,0.00188
processed_time_webhook.read_point_cloud,0.00314
processed_time_alignment.calc_geohash,0.00003
processed_time_alignment.copy_to_uploads,0.00444
processed_time_alignment.download_latest,0.00219
processed_time_alignment.upload_latest,0.00817
processed_time_alignment.save_metadata,0.00200
processed_time_webhook.parse_json,0.00012
processed_time_webhook.download_object,0.00222
processed_time_webhook.read_point_cloud,0.00366
processed_time_alignment.calc_geohash,0.00003
processed_time_alignment.copy_to_uploads,0.00484
processed_time_alignment.download_latest,0.00231
processed_time_alignment.upload_latest,0.00979
processed_time_alignment.save_metadata,0.00196
processed_time_webhook.parse_json,0.00012
processed_time_webhook.download_object,0.00281
processed_time_webhook.read_point_cloud,0.00351
processed_time_alignment.calc_geohash,0.00005
processed_time_alignment.copy_to_uploads,0.00768
processed_time_alignment.download_latest,0.00280
processed_time_alignment.upload_latest,0.00583
processed_time_alignment.save_metadata,0.00199
processed_time_webhook.parse_json,0.00012
processed_time_webhook.download_object,0.00194
processed_time_webhook.read_point_cloud,0.00359
processed_time_alignment.calc_geohash,0.00003
processed_time_alignment.copy_to_uploads,0.00492
processed_time_alignment.download_latest,0.00251
processed_time_alignment.upload_latest,0.00842
processed_time_alignment.save_metadata,0.00255
processed_time_webhook.parse_json,0.00013
processed_time_webhook.download_object,0.00215
processed_time_webhook.read_point_cloud,0.00348
processed_time_alignment.calc_geohash,0.00003
processed_time_alignment.copy_to_uploads,0.00473
processed_time_alignment.download_latest,0.00236
processed_time_alignment.upload_latest,0.00803
processed_time_alignment.save_metadata,0.00205
processed_time_webhook.parse_json,0.00016
processed_time_webhook.download_object,0.00223
processed_time_webhook.read_point_cloud,0.00349
processed_time_alignment.calc_geohash,0.00003
processed_time_alignment.copy_to_uploads,0.00462
processed_time_alignment.download_latest,0.00231
processed_time_alignment.upload_latest,0.00980
processed_time_alignment.save_metadata,0.00302
processed_time_webhook.parse_json,0.00011
processed_time_webhook.download_object,0.00202
processed_time_webhook.read_point_cloud,0.00303
processed_time_alignment.calc_geohash,0.00003
processed_time_alignment.copy_to_uploads,0.00433
processed_time_alignment.download_latest,0.00213
processed_time_alignment.upload_latest,0.00898
processed_time_alignment.save_metadata,0.00189
processed_time_webhook.parse_json,0.00012
processed_time_webhook.download_object,0.00213
processed_time_webhook.read_point_cloud,0.00357
processed_time_alignment.calc_geohash,0.00003
processed_time_alignment.copy_to_uploads,0.00474
processed_time_alignment.download_latest,0.00229
processed_time_alignment.upload_latest,0.00977
processed_time_alignment.save_metadata,0.00183
processed_time_webhook.parse_json,0.00010
processed_time_webhook.download_object,0.00165
processed_time_webhook.read_point_cloud,0.00310
processed_time_alignment.calc_geohash,0.00004
processed_time_alignment.copy_to_uploads,0.00562
processed_time_alignment.download_latest,0.00213
processed_time_alignment.upload_latest,0.00550
processed_time_alignment.save_metadata,0.00180
processed_time_webhook.parse_json,0.00013
processed_time_webhook.download_object,0.00203
processed_time_webhook.read_point_cloud,0.00321
processed_time_alignment.calc_geohash,0.00003
processed_time_alignment.copy_to_uploads,0.00448
processed_time_alignment.download_latest,0.00222
processed_time_alignment.upload_latest,0.00568
processed_time_alignment.save_metadata,0.00204
processed_time_webhook.parse_json,0.00011
processed_time_webhook.download_object,0.00195
processed_time_webhook.read_point_cloud,0.00340
processed_time_alignment.calc_geohash,0.00003
processed_time_alignment.copy_to_uploads,0.00470
processed_time_alignment.download_latest,0.00215
processed_time_alignment.upload_latest,0.00592
processed_time_alignment.save_metadata,0.00176
processed_time_webhook.parse_json,0.00013
processed_time_webhook.download_object,0.00207
processed_time_webhook.read_point_cloud,0.00343
processed_time_alignment.calc_geohash,0.00003
processed_time_alignment.copy_to_uploads,0.00462
processed_time_alignment.download_latest,0.00222
processed_time_alignment.upload_latest,0.00579
processed_time_alignment.save_metadata,0.00184
processed_time_webhook.parse_json,0.00013
processed_time_webhook.download_object,0.00209
processed_time_webhook.read_point_cloud,0.00363
processed_time_alignment.calc_geohash,0.00003
processed_time_alignment.copy_to_uploads,0.00464
processed_time_alignment.download_latest,0.00225
processed_time_alignment.upload_latest,0.00833
processed_time_alignment.save_metadata,0.00148
processed_time_webhook.parse_json,0.00011
processed_time_webhook.download_object,0.00221
processed_time_webhook.read_point_cloud,0.00376
processed_time_alignment.calc_geohash,0.00003
processed_time_alignment.copy_to_uploads,0.00487
processed_time_alignment.download_latest,0.00241
processed_time_alignment.upload_latest,0.00845
processed_time_alignment.save_metadata,0.00192
processed_time_webhook.parse_json,0.00012
processed_time_webhook.download_object,0.00252
processed_time_webhook.read_point_cloud,0.00367
processed_time_alignment.calc_geohash,0.00004
processed_time_alignment.copy_to_uploads,0.00482
processed_time_alignment.download_latest,0.00243
processed_time_alignment.upload_latest,0.00582
processed_time_alignment.save_metadata,0.00174
processed_time_webhook.parse_json,0.00011
processed_time_webhook.download_object,0.00185
processed_time_webhook.read_point_cloud,0.00311
processed_time_alignment.calc_geohash,0.00003
processed_time_alignment.copy_to_uploads,0.00421
processed_time_alignment.download_latest,0.00214
processed_time_alignment.upload_latest,0.00551
processed_time_alignment.save_metadata,0.00190
processed_time_webhook.parse_json,0.00010
processed_time_webhook.download_object,0.00204
processed_time_webhook.read_point_cloud,0.00341
processed_time_alignment.calc_geohash,0.00003
processed_time_alignment.copy_to_uploads,0.00477
processed_time_alignment.download_latest,0.00224
processed_time_alignment.upload_latest,0.00952
processed_time_alignment.save_metadata,0.00185
processed_time_webhook.parse_json,0.00012
processed_time_webhook.download_object,0.00221
processed_time_webhook.read_point_cloud,0.00366
processed_time_alignment.calc_geohash,0.00003
processed_time_alignment.copy_to_uploads,0.00497
processed_time_alignment.download_latest,0.00276
processed_time_alignment.upload_latest,0.00974
processed_time_alignment.save_metadata,0.00193
processed_time_webhook.parse_json,0.00013
processed_time_webhook.download_object,0.00237
processed_time_webhook.read_point_cloud,0.00356
processed_time_alignment.calc_geohash,0.00015
processed_time_alignment.copy_to_uploads,0.00568
processed_time_alignment.download_latest,0.00260
processed_time_alignment.upload_latest,0.00865
processed_time_alignment.save_metadata,0.00262
processed_time_webhook.parse_json,0.00014
processed_time_webhook.download_object,0.00218
processed_time_webhook.read_point_cloud,0.00339
processed_time_alignment.calc_geohash,0.00005
processed_time_alignment.copy_to_uploads,0.00475
processed_time_alignment.download_latest,0.00229
processed_time_alignment.upload_latest,0.00646
processed_time_alignment.save_metadata,0.00176
processed_time_webhook.parse_json,0.00011
processed_time_webhook.download_object,0.00200
processed_time_webhook.read_point_cloud,0.00353
processed_time_alignment.calc_geohash,0.00003
processed_time_alignment.copy_to_uploads,0.00595
processed_time_alignment.download_latest,0.00230
processed_time_alignment.upload_latest,0.00576
processed_time_alignment.save_metadata,0.00212
processed_time_webhook.parse_json,0.00012
processed_time_webhook.download_object,0.00213
processed_time_webhook.read_point_cloud,0.00367
processed_time_alignment.calc_geohash,0.00003
processed_time_alignment.copy_to_uploads,0.00488
processed_time_alignment.download_latest,0.00241
processed_time_alignment.upload_latest,0.00837
processed_time_alignment.save_metadata,0.00306
processed_time_webhook.parse_json,0.00012
processed_time_webhook.download_object,0.00203
processed_time_webhook.read_point_cloud,0.00365
processed_time_alignment.calc_geohash,0.00003
processed_time_alignment.copy_to_uploads,0.00664
processed_time_alignment.download_latest,0.00262
processed_time_alignment.upload_latest,0.00599
processed_time_alignment.save_metadata,0.00195
processed_time_webhook.parse_json,0.00010
processed_time_webhook.download_object,0.00206
processed_time_webhook.read_point_cloud,0.00367
processed_time_alignment.calc_geohash,0.00003
processed_time_alignment.copy_to_uploads,0.00516
processed_time_alignment.download_latest,0.00265
processed_time_alignment.upload_latest,0.00850
processed_time_alignment.save_metadata,0.00185
processed_time_webhook.parse_json,0.00014
processed_time_webhook.download_object,0.00235
processed_time_webhook.read_point_cloud,0.00348
processed_time_alignment.calc_geohash,0.00004
processed_time_alignment.copy_to_uploads,0.00825
processed_time_alignment.download_latest,0.00325
processed_time_alignment.upload_latest,0.00615
processed_time_alignment.save_metadata,0.00209
processed_time_webhook.parse_json,0.00011
processed_time_webhook.download_object,0.00196
processed_time_webhook.read_point_cloud,0.00323
processed_time_alignment.calc_geohash,0.00003
processed_time_alignment.copy_to_uploads,0.00474
processed_time_alignment.download_latest,0.00236
processed_time_alignment.upload_latest,0.00562
processed_time_alignment.save_metadata,0.00187
processed_time_webhook.parse_json,0.00012
processed_time_webhook.download_object,0.00216
processed_time_webhook.read_point_cloud,0.00386
processed_time_alignment.calc_geohash,0.00004
processed_time_alignment.copy_to_uploads,0.00500
processed_time_alignment.download_latest,0.00244
processed_time_alignment.upload_latest,0.00870
processed_time_alignment.save_metadata,0.00179
processed_time_webhook.parse_json,0.00010
processed_time_webhook.download_object,0.00200
processed_time_webhook.read_point_cloud,0.00313
processed_time_alignment.calc_geohash,0.00003
processed_time_alignment.copy_to_uploads,0.00453
processed_time_alignment.download_latest,0.00229
processed_time_alignment.upload_latest,0.00570
processed_time_alignment.save_metadata,0.00188
processed_time_webhook.parse_json,0.00012
processed_time_webhook.download_object,0.00225
processed_time_webhook.read_point_cloud,0.00370
processed_time_alignment.calc_geohash,0.00003
processed_time_alignment.copy_to_uploads,0.00477
processed_time_alignment.download_latest,0.00235
processed_time_alignment.upload_latest,0.00613
processed_time_alignment.save_metadata,0.00217
processed_time_webhook.parse_json,0.00012
processed_time_webhook.download_object,0.00505
processed_time_webhook.read_point_cloud,0.00455
processed_time_alignment.calc_geohash,0.00004
processed_time_alignment.copy_to_uploads,0.00559
processed_time_alignment.download_latest,0.00269
processed_time_alignment.upload_latest,0.00593
processed_time_alignment.save_metadata,0.00195
processed_time_webhook.parse_json,0.00010
processed_time_webhook.download_object,0.00189
processed_time_webhook.read_point_cloud,0.00372
processed_time_alignment.calc_geohash,0.00004
processed_time_alignment.copy_to_uploads,0.00494
processed_time_alignment.download_latest,0.00258
processed_time_alignment.upload_latest,0.00954
processed_time_alignment.save_metadata,0.00376
processed_time_webhook.parse_json,0.00009
processed_time_webhook.download_object,0.00192
processed_time_webhook.read_point_cloud,0.00348
processed_time_alignment.calc_geohash,0.00003
processed_time_alignment.copy_to_uploads,0.00461
processed_time_alignment.download_latest,0.00233
processed_time_alignment.upload_latest,0.00847
processed_time_alignment.save_metadata,0.00186
processed_time_webhook.parse_json,0.00009
processed_time_webhook.download_object,0.00190
processed_time_webhook.read_point_cloud,0.00364
processed_time_alignment.calc_geohash,0.00003
processed_time_alignment.copy_to_uploads,0.00472
processed_time_alignment.download_latest,0.00240
processed_time_alignment.upload_latest,0.01176
processed_time_alignment.save_metadata,0.00247
processed_time_webhook.parse_json,0.00012
processed_time_webhook.download_object,0.00192
processed_time_webhook.read_point_cloud,0.00352
processed_time_alignment.calc_geohash,0.00003
processed_time_alignment.copy_to_uploads,0.00447
processed_time_alignment.download_latest,0.00229
processed_time_alignment.upload_latest,0.00834
processed_time_alignment.save_metadata,0.00162
processed_time_webhook.parse_json,0.00013
processed_time_webhook.download_object,0.00219
processed_time_webhook.read_point_cloud,0.00354
processed_time_alignment.calc_geohash,0.00004
processed_time_alignment.copy_to_uploads,0.00482
processed_time_alignment.download_latest,0.00247
processed_time_alignment.upload_latest,0.00840
processed_time_alignment.save_metadata,0.00194
processed_time_webhook.parse_json,0.00010
processed_time_webhook.download_object,0.00207
processed_time_webhook.read_point_cloud,0.00366
processed_time_alignment.calc_geohash,0.00003
processed_time_alignment.copy_to_uploads,0.00533
processed_time_alignment.download_latest,0.00230
processed_time_alignment.upload_latest,0.00819
processed_time_alignment.save_metadata,0.00235
processed_time_webhook.parse_json,0.00011
processed_time_webhook.download_object,0.00198
processed_time_webhook.read_point_cloud,0.00367
processed_time_alignment.calc_geohash,0.00007
processed_time_alignment.copy_to_uploads,0.00470
processed_time_alignment.download_latest,0.00246
processed_time_alignment.upload_latest,0.00843
processed_time_alignment.save_metadata,0.00198
processed_time_webhook.parse_json,0.00012
processed_time_webhook.download_object,0.00194
processed_time_webhook.read_point_cloud,0.00345
processed_time_alignment.calc_geohash,0.00003
processed_time_alignment.copy_to_uploads,0.00465
processed_time_alignment.download_latest,0.00252
processed_time_alignment.upload_latest,0.00703
processed_time_alignment.save_metadata,0.00316
processed_time_webhook.parse_json,0.00010
processed_time_webhook.download_object,0.00192
processed_time_webhook.read_point_cloud,0.00366
processed_time_alignment.calc_geohash,0.00003
processed_time_alignment.copy_to_uploads,0.00461
processed_time_alignment.download_latest,0.00227
processed_time_alignment.upload_latest,0.00939
processed_time_alignment.save_metadata,0.00245
processed_time_webhook.parse_json,0.00013
processed_time_webhook.download_object,0.00208
processed_time_webhook.read_point_cloud,0.00366
processed_time_alignment.calc_geohash,0.00004
processed_time_alignment.copy_to_uploads,0.00464
processed_time_alignment.download_latest,0.00228
processed_time_alignment.upload_latest,0.00564
processed_time_alignment.save_metadata,0.00188
processed_time_webhook.parse_json,0.00012
processed_time_webhook.download_object,0.00201
processed_time_webhook.read_point_cloud,0.00366
processed_time_alignment.calc_geohash,0.00003
processed_time_alignment.copy_to_uploads,0.00488
processed_time_alignment.download_latest,0.00245
processed_time_alignment.upload_latest,0.00890
processed_time_alignment.save_metadata,0.00406
processed_time_webhook.parse_json,0.00011
processed_time_webhook.download_object,0.00219
processed_time_webhook.read_point_cloud,0.00363
processed_time_alignment.calc_geohash,0.00003
processed_time_alignment.copy_to_uploads,0.00620
processed_time_alignment.download_latest,0.00233
processed_time_alignment.upload_latest,0.00602
processed_time_alignment.save_metadata,0.00192
processed_time_webhook.parse_json,0.00012
processed_time_webhook.download_object,0.00224
processed_time_webhook.read_point_cloud,0.00362
processed_time_alignment.calc_geohash,0.00003
processed_time_alignment.copy_to_uploads,0.00496
processed_time_alignment.download_latest,0.00232
processed_time_alignment.upload_latest,0.00840
processed_time_alignment.save_metadata,0.00211
processed_time_webhook.parse_json,0.00014
processed_time_webhook.download_object,0.00202
processed_time_webhook.read_point_cloud,0.00361
processed_time_alignment.calc_geohash,0.00003
processed_time_alignment.copy_to_uploads,0.00480
processed_time_alignment.download_latest,0.00236
processed_time_alignment.upload_latest,0.00899
processed_time_alignment.save_metadata,0.00190
processed_time_webhook.parse_json,0.00024
processed_time_webhook.download_object,0.00261
processed_time_webhook.read_point_cloud,0.00344
processed_time_alignment.calc_geohash,0.00008
processed_time_alignment.copy_to_uploads,0.00477
processed_time_alignment.download_latest,0.00232
processed_time_alignment.upload_latest,0.00581
processed_time_alignment.save_metadata,0.00163
processed_time_webhook.parse_json,0.00013
processed_time_webhook.download_object,0.00202
processed_time_webhook.read_point_cloud,0.00367
processed_time_alignment.calc_geohash,0.00003
processed_time_alignment.copy_to_uploads,0.00498
processed_time_alignment.download_latest,0.00246
processed_time_alignment.upload_latest,0.00590
processed_time_alignment.save_metadata,0.00231
processed_time_webhook.parse_json,0.00011
processed_time_webhook.download_object,0.00213
processed_time_webhook.read_point_cloud,0.00365
processed_time_alignment.calc_geohash,0.00004
processed_time_alignment.copy_to_uploads,0.00475
processed_time_alignment.download_latest,0.00238
processed_time_alignment.upload_latest,0.00608
processed_time_alignment.save_metadata,0.00190
processed_time_webhook.parse_json,0.00011
processed_time_webhook.download_object,0.00205
processed_time_webhook.read_point_cloud,0.00355
processed_time_alignment.calc_geohash,0.00003
processed_time_alignment.copy_to_uploads,0.00486
processed_time_alignment.download_latest,0.00230
processed_time_alignment.upload_latest,0.00964
processed_time_alignment.save_metadata,0.00191
processed_time_webhook.parse_json,0.00010
processed_time_webhook.download_object,0.00187
processed_time_webhook.read_point_cloud,0.00292
processed_time_alignment.calc_geohash,0.00003
processed_time_alignment.copy_to_uploads,0.00447
processed_time_alignment.download_latest,0.00208
processed_time_alignment.upload_latest,0.00555
processed_time_alignment.save_metadata,0.00193
processed_time_webhook.parse_json,0.00010
processed_time_webhook.download_object,0.00180
processed_time_webhook.read_point_cloud,0.00336
processed_time_alignment.calc_geohash,0.00003
processed_time_alignment.copy_to_uploads,0.00695
processed_time_alignment.download_latest,0.00216
processed_time_alignment.upload_latest,0.00594
processed_time_alignment.save_metadata,0.00225
processed_time_webhook.parse_json,0.00010
processed_time_webhook.download_object,0.00195
processed_time_webhook.read_point_cloud,0.00350
processed_time_alignment.calc_geohash,0.00003
processed_time_alignment.copy_to_uploads,0.00460
processed_time_alignment.download_latest,0.00223
processed_time_alignment.upload_latest,0.00993
processed_time_alignment.save_metadata,0.00230
processed_time_webhook.parse_json,0.00013
processed_time_webhook.download_object,0.00203
processed_time_webhook.read_point_cloud,0.00365
processed_time_alignment.calc_geohash,0.00003
processed_time_alignment.copy_to_uploads,0.00487
processed_time_alignment.download_latest,0.00232
processed_time_alignment.upload_latest,0.00864
processed_time_alignment.save_metadata,0.00197
processed_time_webhook.parse_json,0.00016
processed_time_webhook.download_object,0.00342
processed_time_webhook.read_point_cloud,0.00370
processed_time_alignment.calc_geohash,0.00004
processed_time_alignment.copy_to_uploads,0.00540
processed_time_alignment.download_latest,0.00241
processed_time_alignment.upload_latest,0.00968
processed_time_alignment.save_metadata,0.00184
processed_time_webhook.parse_json,0.00013
processed_time_webhook.download_object,0.00196
processed_time_webhook.read_point_cloud,0.00303
processed_time_alignment.calc_geohash,0.00003
processed_time_alignment.copy_to_uploads,0.00594
processed_time_alignment.download_latest,0.00233
processed_time_alignment.upload_latest,0.00582
processed_time_alignment.save_metadata,0.00268
processed_time_webhook.parse_json,0.00016
processed_time_webhook.download_object,0.00231
processed_time_webhook.read_point_cloud,0.00580
processed_time_alignment.calc_geohash,0.00009
processed_time_alignment.copy_to_uploads,0.00657
processed_time_alignment.download_latest,0.00226
processed_time_alignment.upload_latest,0.00820
processed_time_alignment.save_metadata,0.00189
processed_time_webhook.parse_json,0.00013
processed_time_webhook.download_object,0.00231
processed_time_webhook.read_point_cloud,0.00352
processed_time_alignment.calc_geohash,0.00003
processed_time_alignment.copy_to_uploads,0.00506
processed_time_alignment.download_latest,0.00227
processed_time_alignment.upload_latest,0.00982
processed_time_alignment.save_metadata,0.00180
processed_time_webhook.parse_json,0.00012
processed_time_webhook.download_object,0.00203
processed_time_webhook.read_point_cloud,0.00344
processed_time_alignment.calc_geohash,0.00003
processed_time_alignment.copy_to_uploads,0.00492
processed_time_alignment.download_latest,0.00228
processed_time_alignment.upload_latest,0.00850
processed_time_alignment.save_metadata,0.00215
processed_time_webhook.parse_json,0.00014
processed_time_webhook.download_object,0.00214
processed_time_webhook.read_point_cloud,0.00368
processed_time_alignment.calc_geohash,0.00004
processed_time_alignment.copy_to_uploads,0.00477
processed_time_alignment.download_latest,0.00231
processed_time_alignment.upload_latest,0.00859
processed_time_alignment.save_metadata,0.00192
processed_time_webhook.parse_json,0.00013
processed_time_webhook.download_object,0.00209
processed_time_webhook.read_point_cloud,0.00382
processed_time_alignment.calc_geohash,0.00003
processed_time_alignment.copy_to_uploads,0.00871
processed_time_alignment.download_latest,0.00271
processed_time_alignment.upload_latest,0.00847
processed_time_alignment.save_metadata,0.00215
processed_time_webhook.parse_json,0.00012
processed_time_webhook.download_object,0.00191
processed_time_webhook.read_point_cloud,0.00333
processed_time_alignment.calc_geohash,0.00003
processed_time_alignment.copy_to_uploads,0.00462
processed_time_alignment.download_latest,0.00230
processed_time_alignment.upload_latest,0.00807
processed_time_alignment.save_metadata,0.00187
processed_time_webhook.parse_json,0.00011
processed_time_webhook.download_object,0.00195
processed_time_webhook.read_point_cloud,0.00349
processed_time_alignment.calc_geohash,0.00003
processed_time_alignment.copy_to_uploads,0.00451
processed_time_alignment.download_latest,0.00224
processed_time_alignment.upload_latest,0.00959
processed_time_alignment.save_metadata,0.00215
processed_time_webhook.parse_json,0.00013
processed_time_webhook.download_object,0.00224
processed_time_webhook.read_point_cloud,0.00349
processed_time_alignment.calc_geohash,0.00003
processed_time_alignment.copy_to_uploads,0.00499
processed_time_alignment.download_latest,0.00234
processed_time_alignment.upload_latest,0.00939
processed_time_alignment.save_metadata,0.00192
processed_time_webhook.parse_json,0.00010
processed_time_webhook.download_object,0.00198
processed_time_webhook.read_point_cloud,0.00353
processed_time_alignment.calc_geohash,0.00004
processed_time_alignment.copy_to_uploads,0.00457
processed_time_alignment.download_latest,0.00256
processed_time_alignment.upload_latest,0.00865
processed_time_alignment.save_metadata,0.00176
processed_time_webhook.parse_json,0.00012
processed_time_webhook.download_object,0.00222
processed_time_webhook.read_point_cloud,0.00370
processed_time_alignment.calc_geohash,0.00004
processed_time_alignment.copy_to_uploads,0.00487
processed_time_alignment.download_latest,0.00259
processed_time_alignment.upload_latest,0.00576
processed_time_alignment.save_metadata,0.00196
processed_time_webhook.parse_json,0.00012
processed_time_webhook.download_object,0.00215
processed_time_webhook.read_point_cloud,0.00364
processed_time_alignment.calc_geohash,0.00004
processed_time_alignment.copy_to_uploads,0.00492
processed_time_alignment.download_latest,0.00238
processed_time_alignment.upload_latest,0.00826
processed_time_alignment.save_metadata,0.00204
processed_time_webhook.parse_json,0.00013
processed_time_webhook.download_object,0.00198
processed_time_webhook.read_point_cloud,0.00347
processed_time_alignment.calc_geohash,0.00003
processed_time_alignment.copy_to_uploads,0.00451
processed_time_alignment.download_latest,0.00225
processed_time_alignment.upload_latest,0.00789
processed_time_alignment.save_metadata,0.00170
processed_time_webhook.parse_json,0.00012
processed_time_webhook.download_object,0.00212
processed_time_webhook.read_point_cloud,0.00349
processed_time_alignment.calc_geohash,0.00003
processed_time_alignment.copy_to_uploads,0.00492
processed_time_alignment.download_latest,0.00233
processed_time_alignment.upload_latest,0.00826
processed_time_alignment.save_metadata,0.00186
processed_time_webhook.parse_json,0.00011
processed_time_webhook.download_object,0.00185
processed_time_webhook.read_point_cloud,0.00336
processed_time_alignment.calc_geohash,0.00003
processed_time_alignment.copy_to_uploads,0.00453
processed_time_alignment.download_latest,0.00220
processed_time_alignment.upload_latest,0.00814
processed_time_alignment.save_metadata,0.00188
processed_time_webhook.parse_json,0.00009
processed_time_webhook.download_object,0.00182
processed_time_webhook.read_point_cloud,0.00347
processed_time_alignment.calc_geohash,0.00003
processed_time_alignment.copy_to_uploads,0.00474
processed_time_alignment.download_latest,0.00257
processed_time_alignment.upload_latest,0.00839
processed_time_alignment.save_metadata,0.00177
processed_time_webhook.parse_json,0.00010
processed_time_webhook.download_object,0.00195
processed_time_webhook.read_point_cloud,0.00366
processed_time_alignment.calc_geohash,0.00003
processed_time_alignment.copy_to_uploads,0.00472
processed_time_alignment.download_latest,0.00227
processed_time_alignment.upload_latest,0.00568
processed_time_alignment.save_metadata,0.00325
