edge_get,0.00542
cloud_get,0.01550
prepare_header,0.00002
prepare_iterator,0.00001
body[cloud-http],0.00335
edge_get,0.00111
cloud_get,0.00798
prepare_header,0.00003
prepare_iterator,0.00001
body[cloud-http],0.00545
edge_get,0.00217
cloud_get,0.01425
prepare_header,0.00005
prepare_iterator,0.00002
body[cloud-http],0.00676
edge_get,0.00436
prepare_header,0.00003
prepare_iterator,0.00001
body[edge],0.01067
edge_get,0.00084
cloud_get,0.00543
prepare_header,0.00002
prepare_iterator,0.00001
body[cloud-http],0.00525
edge_get,0.00143
cloud_get,0.01006
prepare_header,0.00004
prepare_iterator,0.00002
body[cloud-http],0.00566
edge_get,0.00418
prepare_header,0.00005
prepare_iterator,0.00003
body[edge],0.01152
edge_get,0.00401
prepare_header,0.00004
prepare_iterator,0.00002
body[edge],0.01027
edge_get,0.00153
cloud_get,0.01023
prepare_header,0.00005
prepare_iterator,0.00002
body[cloud-http],0.00504
edge_get,0.00197
cloud_get,0.01184
prepare_header,0.00011
prepare_iterator,0.00005
body[cloud-http],0.00457
edge_get,0.00350
prepare_header,0.00005
prepare_iterator,0.00005
body[edge],0.01138
edge_get,0.00153
cloud_get,0.00997
prepare_header,0.00014
prepare_iterator,0.00002
body[cloud-http],0.00543
edge_get,0.00349
prepare_header,0.00005
prepare_iterator,0.00003
body[edge],0.00957
edge_get,0.00149
cloud_get,0.00697
prepare_header,0.00002
prepare_iterator,0.00001
body[cloud-http],0.00591
edge_get,0.00163
prepare_header,0.00002
prepare_iterator,0.00001
body[edge],0.00542
edge_get,0.00142
cloud_get,0.00628
prepare_header,0.00002
prepare_iterator,0.00001
body[cloud-http],0.00508
edge_get,0.00266
cloud_get,0.01122
prepare_header,0.00002
prepare_iterator,0.00001
body[cloud-http],0.00453
edge_get,0.00088
cloud_get,0.00587
prepare_header,0.00003
prepare_iterator,0.00001
body[cloud-http],0.00476
edge_get,0.00078
cloud_get,0.00505
prepare_header,0.00002
prepare_iterator,0.00001
body[cloud-http],0.00554
edge_get,0.00141
cloud_get,0.00716
prepare_header,0.00002
prepare_iterator,0.00001
body[cloud-http],0.01439
edge_get,0.00084
cloud_get,0.00520
prepare_header,0.00002
prepare_iterator,0.00001
body[cloud-http],0.00466
edge_get,0.00248
prepare_header,0.00002
prepare_iterator,0.00002
body[edge],0.00579
edge_get,0.00148
cloud_get,0.00604
prepare_header,0.00003
prepare_iterator,0.00003
body[cloud-http],0.00483
edge_get,0.00172
cloud_get,0.00647
prepare_header,0.00002
prepare_iterator,0.00001
body[cloud-http],0.00500
edge_get,0.00159
cloud_get,0.01092
prepare_header,0.00005
prepare_iterator,0.00002
body[cloud-http],0.00611
edge_get,0.00148
cloud_get,0.00607
prepare_header,0.00002
prepare_iterator,0.00001
body[cloud-http],0.00527
edge_get,0.00081
cloud_get,0.00618
prepare_header,0.00002
prepare_iterator,0.00001
body[cloud-http],0.00512
edge_get,0.00345
prepare_header,0.00005
prepare_iterator,0.00004
body[edge],0.00854
edge_get,0.00333
prepare_header,0.00004
prepare_iterator,0.00003
body[edge],0.01186
edge_get,0.00159
cloud_get,0.01004
prepare_header,0.00005
prepare_iterator,0.00002
body[cloud-http],0.00637
edge_get,0.00176
cloud_get,0.01053
prepare_header,0.00015
prepare_iterator,0.00002
body[cloud-http],0.00593
edge_get,0.00152
cloud_get,0.01102
prepare_header,0.00005
prepare_iterator,0.00002
body[cloud-http],0.00569
edge_get,0.00159
cloud_get,0.01027
prepare_header,0.00005
prepare_iterator,0.00002
body[cloud-http],0.00565
edge_get,0.00412
prepare_header,0.00004
prepare_iterator,0.00002
body[edge],0.00939
edge_get,0.00362
prepare_header,0.00005
prepare_iterator,0.00002
body[edge],0.01196
edge_get,0.00156
cloud_get,0.01044
prepare_header,0.00016
prepare_iterator,0.00002
body[cloud-http],0.00492
edge_get,0.00413
prepare_header,0.00005
prepare_iterator,0.00009
body[edge],0.01151
edge_get,0.00166
prepare_header,0.00002
prepare_iterator,0.00001
body[edge],0.00493
edge_get,0.00167
cloud_get,0.00986
prepare_header,0.00004
prepare_iterator,0.00002
body[cloud-http],0.00496
edge_get,0.00149
cloud_get,0.01169
prepare_header,0.00006
prepare_iterator,0.00002
body[cloud-http],0.00555
edge_get,0.00116
cloud_get,0.00556
prepare_header,0.00003
prepare_iterator,0.00001
body[cloud-http],0.00503
edge_get,0.00201
prepare_header,0.00002
prepare_iterator,0.00001
body[edge],0.00523
edge_get,0.00168
cloud_get,0.01069
prepare_header,0.00006
prepare_iterator,0.00002
body[cloud-http],0.00614
edge_get,0.00151
cloud_get,0.01048
prepare_header,0.00002
prepare_iterator,0.00001
body[cloud-http],0.00504
edge_get,0.00347
prepare_header,0.00004
prepare_iterator,0.00002
body[edge],0.01137
edge_get,0.00159
cloud_get,0.02084
prepare_header,0.00003
prepare_iterator,0.00001
body[cloud-http],0.01243
edge_get,0.00351
prepare_header,0.00005
prepare_iterator,0.00003
body[edge],0.01147
edge_get,0.00351
prepare_header,0.00004
prepare_iterator,0.00004
body[edge],0.01170
edge_get,0.00225
cloud_get,0.00566
prepare_header,0.00002
prepare_iterator,0.00001
body[cloud-http],0.00492
edge_get,0.00084
cloud_get,0.00622
prepare_header,0.00002
prepare_iterator,0.00001
body[cloud-http],0.00494
edge_get,0.00169
prepare_header,0.00002
prepare_iterator,0.00001
body[edge],0.00522
edge_get,0.00150
cloud_get,0.01082
prepare_header,0.00004
prepare_iterator,0.00003
body[cloud-http],0.00483
edge_get,0.00194
prepare_header,0.00002
prepare_iterator,0.00001
body[edge],0.00534
edge_get,0.00147
cloud_get,0.01075
prepare_header,0.00018
prepare_iterator,0.00004
body[cloud-http],0.00514
edge_get,0.00358
prepare_header,0.00004
prepare_iterator,0.00003
body[edge],0.01188
edge_get,0.00372
prepare_header,0.00012
prepare_iterator,0.00004
body[edge],0.01280
edge_get,0.00395
prepare_header,0.00006
prepare_iterator,0.00003
body[edge],0.01037
edge_get,0.00176
cloud_get,0.01213
prepare_header,0.00007
prepare_iterator,0.00003
body[cloud-http],0.01823
edge_get,0.00210
prepare_header,0.00002
prepare_iterator,0.00001
body[edge],0.00646
edge_get,0.00144
cloud_get,0.01044
prepare_header,0.00005
prepare_iterator,0.00002
body[cloud-http],0.00545
edge_get,0.00205
prepare_header,0.00002
prepare_iterator,0.00001
body[edge],0.00534
edge_get,0.00098
cloud_get,0.00538
prepare_header,0.00024
prepare_iterator,0.00001
body[cloud-http],0.00421
edge_get,0.00340
prepare_header,0.00007
prepare_iterator,0.00004
body[edge],0.00955
edge_get,0.00423
prepare_header,0.00012
prepare_iterator,0.00002
body[edge],0.01050
edge_get,0.00373
prepare_header,0.00005
prepare_iterator,0.00005
body[edge],0.01218
edge_get,0.00344
prepare_header,0.00004
prepare_iterator,0.00002
body[edge],0.01212
edge_get,0.00385
prepare_header,0.00003
prepare_iterator,0.00002
body[edge],0.01162
edge_get,0.00153
cloud_get,0.00681
prepare_header,0.00002
prepare_iterator,0.00001
body[cloud-http],0.00461
edge_get,0.00146
cloud_get,0.00697
prepare_header,0.00002
prepare_iterator,0.00001
body[cloud-http],0.00436
edge_get,0.00400
prepare_header,0.00006
prepare_iterator,0.00003
body[edge],0.01006
edge_get,0.00185
prepare_header,0.00002
prepare_iterator,0.00001
body[edge],0.00550
edge_get,0.00079
cloud_get,0.00612
prepare_header,0.00002
prepare_iterator,0.00001
body[cloud-http],0.00443
edge_get,0.00083
cloud_get,0.00603
prepare_header,0.00002
prepare_iterator,0.00001
body[cloud-http],0.00441
edge_get,0.00213
prepare_header,0.00002
prepare_iterator,0.00001
body[edge],0.00526
edge_get,0.00091
cloud_get,0.00499
prepare_header,0.00010
prepare_iterator,0.00002
body[cloud-http],0.00447
edge_get,0.00404
prepare_header,0.00005
prepare_iterator,0.00005
body[edge],0.00587
edge_get,0.00160
cloud_get,0.01046
prepare_header,0.00004
prepare_iterator,0.00002
body[cloud-http],0.00568
edge_get,0.00154
cloud_get,0.00999
prepare_header,0.00002
prepare_iterator,0.00001
body[cloud-http],0.00556
edge_get,0.00093
cloud_get,0.00503
prepare_header,0.00002
prepare_iterator,0.00001
body[cloud-http],0.00450
edge_get,0.00378
prepare_header,0.00006
prepare_iterator,0.00003
body[edge],0.01184
edge_get,0.00080
cloud_get,0.00512
prepare_header,0.00002
prepare_iterator,0.00001
body[cloud-http],0.00484
edge_get,0.00169
cloud_get,0.00987
prepare_header,0.00003
prepare_iterator,0.00001
body[cloud-http],0.00469
edge_get,0.00160
cloud_get,0.00700
prepare_header,0.00002
prepare_iterator,0.00001
body[cloud-http],0.00467
edge_get,0.00152
cloud_get,0.00723
prepare_header,0.00002
prepare_iterator,0.00015
body[cloud-http],0.00482
edge_get,0.00159
cloud_get,0.01029
prepare_header,0.00005
prepare_iterator,0.00002
body[cloud-http],0.00641
edge_get,0.00405
prepare_header,0.00008
prepare_iterator,0.00003
body[edge],0.01177
edge_get,0.00145
cloud_get,0.01026
prepare_header,0.00005
prepare_iterator,0.00002
body[cloud-http],0.00588
edge_get,0.00082
cloud_get,0.00528
prepare_header,0.00002
prepare_iterator,0.00001
body[cloud-http],0.00563
edge_get,0.00342
prepare_header,0.00002
prepare_iterator,0.00002
body[edge],0.00586
edge_get,0.00211
prepare_header,0.00002
prepare_iterator,0.00001
body[edge],0.00612
edge_get,0.00379
prepare_header,0.00005
prepare_iterator,0.00002
body[edge],0.01174
edge_get,0.00377
prepare_header,0.00005
prepare_iterator,0.00002
body[edge],0.01104
edge_get,0.00389
prepare_header,0.00005
prepare_iterator,0.00003
body[edge],0.00679
edge_get,0.00143
cloud_get,0.01169
prepare_header,0.00006
prepare_iterator,0.00002
body[cloud-http],0.00470
edge_get,0.00193
cloud_get,0.01125
prepare_header,0.00016
prepare_iterator,0.00002
body[cloud-http],0.00590
edge_get,0.00402
prepare_header,0.00005
prepare_iterator,0.00003
body[edge],0.01068
edge_get,0.00337
prepare_header,0.00007
prepare_iterator,0.00002
body[edge],0.01134
edge_get,0.00338
prepare_header,0.00011
prepare_iterator,0.00003
body[edge],0.01106
edge_get,0.00382
prepare_header,0.00006
prepare_iterator,0.00003
body[edge],0.01148
edge_get,0.00090
cloud_get,0.00852
prepare_header,0.00002
prepare_iterator,0.00001
body[cloud-http],0.00713
edge_get,0.00081
cloud_get,0.00539
prepare_header,0.00002
prepare_iterator,0.00001
body[cloud-http],0.00380
edge_get,0.00142
cloud_get,0.00986
prepare_header,0.00005
prepare_iterator,0.00004
body[cloud-http],0.00516
edge_get,0.00367
prepare_header,0.00006
prepare_iterator,0.00002
body[edge],0.01184
edge_get,0.00159
cloud_get,0.01139
prepare_header,0.00007
prepare_iterator,0.00002
body[cloud-http],0.00763
edge_get,0.00151
cloud_get,0.01041
prepare_header,0.00005
prepare_iterator,0.00003
body[cloud-http],0.00599
edge_get,0.00156
cloud_get,0.01130
prepare_header,0.00004
prepare_iterator,0.00002
body[cloud-http],0.00540
edge_get,0.00155
cloud_get,0.00787
prepare_header,0.00003
prepare_iterator,0.00001
body[cloud-http],0.00444
edge_get,0.00099
cloud_get,0.00569
prepare_header,0.00002
prepare_iterator,0.00001
body[cloud-http],0.00436
edge_get,0.00396
prepare_header,0.00013
prepare_iterator,0.00003
body[edge],0.00872
edge_get,0.00348
prepare_header,0.00004
prepare_iterator,0.00002
body[edge],0.00945
edge_get,0.00207
prepare_header,0.00002
prepare_iterator,0.00001
body[edge],0.00550
edge_get,0.00384
prepare_header,0.00005
prepare_iterator,0.00003
body[edge],0.00710
edge_get,0.00181
cloud_get,0.01033
prepare_header,0.00007
prepare_iterator,0.00006
body[cloud-http],0.00761
edge_get,0.00221
prepare_header,0.00002
prepare_iterator,0.00001
body[edge],0.00508
edge_get,0.00149
cloud_get,0.01003
prepare_header,0.00005
prepare_iterator,0.00002
body[cloud-http],0.00553
edge_get,0.00185
prepare_header,0.00002
prepare_iterator,0.00001
body[edge],0.00538
edge_get,0.00343
prepare_header,0.00004
prepare_iterator,0.00002
body[edge],0.00866
edge_get,0.00173
prepare_header,0.00002
prepare_iterator,0.00001
body[edge],0.00534
edge_get,0.00165
prepare_header,0.00002
prepare_iterator,0.00001
body[edge],0.00513
edge_get,0.00346
prepare_header,0.00008
prepare_iterator,0.00003
body[edge],0.01153
edge_get,0.00376
prepare_header,0.00005
prepare_iterator,0.00003
body[edge],0.01133
edge_get,0.00407
prepare_header,0.00006
prepare_iterator,0.00003
body[edge],0.01116
edge_get,0.00369
prepare_header,0.00006
prepare_iterator,0.00003
body[edge],0.01216
edge_get,0.00164
cloud_get,0.01626
prepare_header,0.00003
prepare_iterator,0.00001
body[cloud-http],0.00582
edge_get,0.00140
cloud_get,0.00973
prepare_header,0.00004
prepare_iterator,0.00002
body[cloud-http],0.00521
edge_get,0.00340
prepare_header,0.00007
prepare_iterator,0.00003
body[edge],0.00853
edge_get,0.00381
prepare_header,0.00004
prepare_iterator,0.00002
body[edge],0.01240
edge_get,0.00357
prepare_header,0.00004
prepare_iterator,0.00002
body[edge],0.01138
edge_get,0.00361
prepare_header,0.00003
prepare_iterator,0.00003
body[edge],0.01168
edge_get,0.00341
prepare_header,0.00002
prepare_iterator,0.00001
body[edge],0.00548
edge_get,0.00148
cloud_get,0.01203
prepare_header,0.00019
prepare_iterator,0.00002
body[cloud-http],0.00626
edge_get,0.00109
cloud_get,0.00545
prepare_header,0.00002
prepare_iterator,0.00001
body[cloud-http],0.00429
edge_get,0.00150
cloud_get,0.01051
prepare_header,0.00006
prepare_iterator,0.00002
body[cloud-http],0.00602
edge_get,0.00151
cloud_get,0.01048
prepare_header,0.00005
prepare_iterator,0.00002
body[cloud-http],0.00897
edge_get,0.00144
cloud_get,0.01049
prepare_header,0.00004
prepare_iterator,0.00002
body[cloud-http],0.00708
edge_get,0.00178
cloud_get,0.01018
prepare_header,0.00002
prepare_iterator,0.00001
body[cloud-http],0.00469
edge_get,0.00103
cloud_get,0.00689
prepare_header,0.00002
prepare_iterator,0.00001
body[cloud-http],0.00433
edge_get,0.00181
cloud_get,0.01523
prepare_header,0.00003
prepare_iterator,0.00015
body[cloud-http],0.00478
edge_get,0.00360
prepare_header,0.00005
prepare_iterator,0.00002
body[edge],0.01163
edge_get,0.00149
cloud_get,0.01033
prepare_header,0.00005
prepare_iterator,0.00002
body[cloud-http],0.00562
edge_get,0.00157
cloud_get,0.01012
prepare_header,0.00004
prepare_iterator,0.00002
body[cloud-http],0.00567
edge_get,0.00164
cloud_get,0.01030
prepare_header,0.00004
prepare_iterator,0.00002
body[cloud-http],0.00773
edge_get,0.00416
prepare_header,0.00005
prepare_iterator,0.00007
body[edge],0.00582
edge_get,0.00199
prepare_header,0.00002
prepare_iterator,0.00001
body[edge],0.00562
edge_get,0.00151
cloud_get,0.01102
prepare_header,0.00004
prepare_iterator,0.00002
body[cloud-http],0.00672
edge_get,0.00179
prepare_header,0.00001
prepare_iterator,0.00001
body[edge],0.00537
edge_get,0.00188
prepare_header,0.00005
prepare_iterator,0.00001
body[edge],0.00496
edge_get,0.00381
prepare_header,0.00005
prepare_iterator,0.00003
body[edge],0.01072
edge_get,0.00082
cloud_get,0.00575
prepare_header,0.00002
prepare_iterator,0.00001
body[cloud-http],0.00522
edge_get,0.00220
prepare_header,0.00002
prepare_iterator,0.00001
body[edge],0.00589
edge_get,0.00148
prepare_header,0.00002
prepare_iterator,0.00001
body[edge],0.00547
edge_get,0.00205
prepare_header,0.00003
prepare_iterator,0.00001
body[edge],0.00533
edge_get,0.00165
cloud_get,0.00993
prepare_header,0.00004
prepare_iterator,0.00002
body[cloud-http],0.00554
edge_get,0.00273
cloud_get,0.01345
prepare_header,0.00003
prepare_iterator,0.00001
body[cloud-http],0.00447
edge_get,0.00354
prepare_header,0.00004
prepare_iterator,0.00002
body[edge],0.01184
edge_get,0.00148
cloud_get,0.01015
prepare_header,0.00006
prepare_iterator,0.00002
body[cloud-http],0.00785
edge_get,0.00151
cloud_get,0.01157
prepare_header,0.00006
prepare_iterator,0.00002
body[cloud-http],0.00759
edge_get,0.00375
prepare_header,0.00004
prepare_iterator,0.00007
body[edge],0.01159
edge_get,0.00153
cloud_get,0.01052
prepare_header,0.00005
prepare_iterator,0.00002
body[cloud-http],0.00650
edge_get,0.00144
cloud_get,0.00863
prepare_header,0.00002
prepare_iterator,0.00001
body[cloud-http],0.00576
edge_get,0.00365
prepare_header,0.00007
prepare_iterator,0.00002
body[edge],0.01184
edge_get,0.00153
cloud_get,0.01020
prepare_header,0.00018
prepare_iterator,0.00004
body[cloud-http],0.00447
edge_get,0.00193
cloud_get,0.00633
prepare_header,0.00002
prepare_iterator,0.00001
body[cloud-http],0.00687
edge_get,0.00157
cloud_get,0.00992
prepare_header,0.00002
prepare_iterator,0.00001
body[cloud-http],0.00463
edge_get,0.00265
prepare_header,0.00002
prepare_iterator,0.00001
body[edge],0.00559
edge_get,0.00148
cloud_get,0.01110
prepare_header,0.00008
prepare_iterator,0.00002
body[cloud-http],0.00647
edge_get,0.00153
cloud_get,0.01062
prepare_header,0.00009
prepare_iterator,0.00002
body[cloud-http],0.00552
edge_get,0.00150
cloud_get,0.00758
prepare_header,0.00002
prepare_iterator,0.00001
body[cloud-http],0.00471
edge_get,0.00350
prepare_header,0.00006
prepare_iterator,0.00003
body[edge],0.01073
edge_get,0.00402
prepare_header,0.00008
prepare_iterator,0.00002
body[edge],0.01165
edge_get,0.00156
cloud_get,0.01063
prepare_header,0.00005
prepare_iterator,0.00002
body[cloud-http],0.00569
edge_get,0.00173
prepare_header,0.00001
prepare_iterator,0.00001
body[edge],0.01249
edge_get,0.00164
prepare_header,0.00001
prepare_iterator,0.00001
body[edge],0.00510
edge_get,0.00149
cloud_get,0.01074
prepare_header,0.00005
prepare_iterator,0.00003
body[cloud-http],0.00697
edge_get,0.00106
cloud_get,0.00487
prepare_header,0.00002
prepare_iterator,0.00001
body[cloud-http],0.00456
edge_get,0.00194
prepare_header,0.00002
prepare_iterator,0.00001
body[edge],0.00767
edge_get,0.00147
cloud_get,0.01289
prepare_header,0.00005
prepare_iterator,0.00006
body[cloud-http],0.00632
edge_get,0.00355
prepare_header,0.00004
prepare_iterator,0.00003
body[edge],0.00712
edge_get,0.00166
cloud_get,0.01055
prepare_header,0.00004
prepare_iterator,0.00002
body[cloud-http],0.00579
edge_get,0.00405
prepare_header,0.00006
prepare_iterator,0.00002
body[edge],0.01124
edge_get,0.00157
cloud_get,0.00833
prepare_header,0.00002
prepare_iterator,0.00001
body[cloud-http],0.00542
edge_get,0.00198
prepare_header,0.00002
prepare_iterator,0.00001
body[edge],0.00595
edge_get,0.00126
cloud_get,0.00519
prepare_header,0.00002
prepare_iterator,0.00001
body[cloud-http],0.00516
edge_get,0.00194
prepare_header,0.00003
prepare_iterator,0.00001
body[edge],0.00657
edge_get,0.00084
cloud_get,0.00588
prepare_header,0.00002
prepare_iterator,0.00001
body[cloud-http],0.00525
edge_get,0.00173
cloud_get,0.00835
prepare_header,0.00002
prepare_iterator,0.00001
body[cloud-http],0.00421
edge_get,0.00379
prepare_header,0.00006
prepare_iterator,0.00002
body[edge],0.00865
edge_get,0.00144
cloud_get,0.04112
prepare_header,0.00002
prepare_iterator,0.00001
body[cloud-http],0.00506
edge_get,0.00152
prepare_header,0.00002
prepare_iterator,0.00001
body[edge],0.00572
edge_get,0.00244
prepare_header,0.00002
prepare_iterator,0.00001
body[edge],0.00559
edge_get,0.00199
prepare_header,0.00002
prepare_iterator,0.00001
body[edge],0.00584
edge_get,0.00416
prepare_header,0.00005
prepare_iterator,0.00003
body[edge],0.01174
edge_get,0.00383
prepare_header,0.00005
prepare_iterator,0.00002
body[edge],0.01192
edge_get,0.00223
prepare_header,0.00002
prepare_iterator,0.00001
body[edge],0.00568
edge_get,0.00155
cloud_get,0.01142
prepare_header,0.00050
prepare_iterator,0.00002
body[cloud-http],0.00576
edge_get,0.00483
prepare_header,0.00004
prepare_iterator,0.00002
body[edge],0.01007
edge_get,0.00091
cloud_get,0.00638
prepare_header,0.00002
prepare_iterator,0.00001
body[cloud-http],0.00488
edge_get,0.00519
prepare_header,0.00004
prepare_iterator,0.00001
body[edge],0.00835
edge_get,0.00141
cloud_get,0.01073
prepare_header,0.00004
prepare_iterator,0.00001
body[cloud-http],0.00735
edge_get,0.00161
cloud_get,0.01080
prepare_header,0.00004
prepare_iterator,0.00002
body[cloud-http],0.00577
edge_get,0.00393
prepare_header,0.00005
prepare_iterator,0.00002
body[edge],0.01188
edge_get,0.00160
cloud_get,0.01051
prepare_header,0.00005
prepare_iterator,0.00002
body[cloud-http],0.00632
edge_get,0.00371
prepare_header,0.00005
prepare_iterator,0.00002
body[edge],0.01277
edge_get,0.00408
prepare_header,0.00004
prepare_iterator,0.00002
body[edge],0.01251
edge_get,0.00156
cloud_get,0.00852
prepare_header,0.00002
prepare_iterator,0.00001
body[cloud-http],0.00499
edge_get,0.00157
cloud_get,0.01020
prepare_header,0.00004
prepare_iterator,0.00003
body[cloud-http],0.00668
edge_get,0.00363
prepare_header,0.00004
prepare_iterator,0.00002
body[edge],0.01212
edge_get,0.00157
cloud_get,0.01051
prepare_header,0.00006
prepare_iterator,0.00002
body[cloud-http],0.00560
edge_get,0.00360
prepare_header,0.00010
prepare_iterator,0.00003
body[edge],0.01209
edge_get,0.00153
cloud_get,0.01129
prepare_header,0.00005
prepare_iterator,0.00004
body[cloud-http],0.00710
edge_get,0.00094
cloud_get,0.00692
prepare_header,0.00002
prepare_iterator,0.00001
body[cloud-http],0.00589
edge_get,0.00172
prepare_header,0.00002
prepare_iterator,0.00001
body[edge],0.00615
edge_get,0.00384
prepare_header,0.00005
prepare_iterator,0.00004
body[edge],0.01387
edge_get,0.00799
cloud_get,0.00545
prepare_header,0.00002
prepare_iterator,0.00001
body[cloud-http],0.00886
edge_get,0.00176
prepare_header,0.00002
prepare_iterator,0.00001
body[edge],0.00652
edge_get,0.00167
cloud_get,0.00970
prepare_header,0.00002
prepare_iterator,0.00001
body[cloud-http],0.00643
edge_get,0.00087
cloud_get,0.00574
prepare_header,0.00002
prepare_iterator,0.00002
body[cloud-http],0.00520
edge_get,0.00386
prepare_header,0.00004
prepare_iterator,0.00003
body[edge],0.01256
edge_get,0.00149
cloud_get,0.01056
prepare_header,0.00006
prepare_iterator,0.00003
body[cloud-http],0.00598
edge_get,0.00322
prepare_header,0.00004
prepare_iterator,0.00002
body[edge],0.00770
edge_get,0.00150
cloud_get,0.01201
prepare_header,0.00006
prepare_iterator,0.00002
body[cloud-http],0.00530
edge_get,0.00158
cloud_get,0.01094
prepare_header,0.00004
prepare_iterator,0.00002
body[cloud-http],0.00603
edge_get,0.00387
prepare_header,0.00005
prepare_iterator,0.00002
body[edge],0.01294
edge_get,0.00163
cloud_get,0.01116
prepare_header,0.00004
prepare_iterator,0.00002
body[cloud-http],0.00748
edge_get,0.00153
cloud_get,0.01095
prepare_header,0.00002
prepare_iterator,0.00001
body[cloud-http],0.00520
edge_get,0.00378
prepare_header,0.00006
prepare_iterator,0.00002
body[edge],0.01281
edge_get,0.00148
cloud_get,0.00898
prepare_header,0.00002
prepare_iterator,0.00001
body[cloud-http],0.00835
edge_get,0.00433
prepare_header,0.00005
prepare_iterator,0.00002
body[edge],0.01328
edge_get,0.00171
cloud_get,0.01187
prepare_header,0.00010
prepare_iterator,0.00003
body[cloud-http],0.00544
edge_get,0.00349
prepare_header,0.00002
prepare_iterator,0.00001
body[edge],0.00613
edge_get,0.00152
cloud_get,0.01051
prepare_header,0.00005
prepare_iterator,0.00002
body[cloud-http],0.00577
edge_get,0.00155
cloud_get,0.01099
prepare_header,0.00005
prepare_iterator,0.00003
body[cloud-http],0.00700
edge_get,0.00389
prepare_header,0.00004
prepare_iterator,0.00003
body[edge],0.01287
edge_get,0.00152
cloud_get,0.01072
prepare_header,0.00004
prepare_iterator,0.00002
body[cloud-http],0.00475
edge_get,0.00368
prepare_header,0.00005
prepare_iterator,0.00003
body[edge],0.01304
edge_get,0.00083
cloud_get,0.00550
prepare_header,0.00003
prepare_iterator,0.00001
body[cloud-http],0.00438
edge_get,0.00383
prepare_header,0.00004
prepare_iterator,0.00002
body[edge],0.00977
edge_get,0.00141
cloud_get,0.00584
prepare_header,0.00002
prepare_iterator,0.00001
body[cloud-http],0.00476
edge_get,0.00151
cloud_get,0.01280
prepare_header,0.00008
prepare_iterator,0.00003
body[cloud-http],0.00486
edge_get,0.00090
cloud_get,0.00680
prepare_header,0.00002
prepare_iterator,0.00002
body[cloud-http],0.00846
edge_get,0.00235
prepare_header,0.00002
prepare_iterator,0.00001
body[edge],0.00512
edge_get,0.00202
prepare_header,0.00002
prepare_iterator,0.00001
body[edge],0.00583
edge_get,0.00148
cloud_get,0.01097
prepare_header,0.00004
prepare_iterator,0.00002
body[cloud-http],0.00532
edge_get,0.00093
cloud_get,0.00509
prepare_header,0.00002
prepare_iterator,0.00001
body[cloud-http],0.00462
edge_get,0.00079
cloud_get,0.00656
prepare_header,0.00002
prepare_iterator,0.00001
body[cloud-http],0.00426
edge_get,0.00435
prepare_header,0.00005
prepare_iterator,0.00002
body[edge],0.00979
edge_get,0.00153
cloud_get,0.01049
prepare_header,0.00006
prepare_iterator,0.00005
body[cloud-http],0.00582
edge_get,0.00356
prepare_header,0.00005
prepare_iterator,0.00002
body[edge],0.01174
edge_get,0.00165
cloud_get,0.01042
prepare_header,0.00008
prepare_iterator,0.00003
body[cloud-http],0.00475
edge_get,0.00211
prepare_header,0.00002
prepare_iterator,0.00001
body[edge],0.00570
edge_get,0.00090
cloud_get,0.00608
prepare_header,0.00002
prepare_iterator,0.00001
body[cloud-http],0.00494
edge_get,0.00147
cloud_get,0.00665
prepare_header,0.00002
prepare_iterator,0.00001
body[cloud-http],0.00421
edge_get,0.00159
cloud_get,0.01086
prepare_header,0.00005
prepare_iterator,0.00002
body[cloud-http],0.00511
edge_get,0.00358
prepare_header,0.00006
prepare_iterator,0.00003
body[edge],0.01152
edge_get,0.00135
cloud_get,0.01004
prepare_header,0.00007
prepare_iterator,0.00005
body[cloud-http],0.00591
edge_get,0.00102
cloud_get,0.00531
prepare_header,0.00002
prepare_iterator,0.00001
body[cloud-http],0.00415
edge_get,0.00345
prepare_header,0.00005
prepare_iterator,0.00002
body[edge],0.00824
edge_get,0.00157
cloud_get,0.01017
prepare_header,0.00004
prepare_iterator,0.00002
body[cloud-http],0.00585
edge_get,0.00411
prepare_header,0.00006
prepare_iterator,0.00004
body[edge],0.01148
edge_get,0.00216
prepare_header,0.00002
prepare_iterator,0.00001
body[edge],0.00533
edge_get,0.00145
cloud_get,0.00678
prepare_header,0.00002
prepare_iterator,0.00001
body[cloud-http],0.00422
edge_get,0.00147
cloud_get,0.01095
prepare_header,0.00006
prepare_iterator,0.00002
body[cloud-http],0.00529
edge_get,0.00078
cloud_get,0.00663
prepare_header,0.00002
prepare_iterator,0.00001
body[cloud-http],0.00488
edge_get,0.00125
cloud_get,0.00554
prepare_header,0.00002
prepare_iterator,0.00001
body[cloud-http],0.00487
edge_get,0.00375
prepare_header,0.00006
prepare_iterator,0.00003
body[edge],0.00909
edge_get,0.00077
cloud_get,0.00523
prepare_header,0.00002
prepare_iterator,0.00001
body[cloud-http],0.00464
edge_get,0.00146
cloud_get,0.01177
prepare_header,0.00011
prepare_iterator,0.00005
body[cloud-http],0.00489
edge_get,0.00361
prepare_header,0.00004
prepare_iterator,0.00002
body[edge],0.01249
edge_get,0.00142
cloud_get,0.01121
prepare_header,0.00010
prepare_iterator,0.00003
body[cloud-http],0.00526
edge_get,0.00399
prepare_header,0.00004
prepare_iterator,0.00004
body[edge],0.01255
edge_get,0.00178
prepare_header,0.00002
prepare_iterator,0.00001
body[edge],0.00558
edge_get,0.00151
cloud_get,0.01085
prepare_header,0.00004
prepare_iterator,0.00001
body[cloud-http],0.00489
edge_get,0.00079
cloud_get,0.00514
prepare_header,0.00003
prepare_iterator,0.00001
body[cloud-http],0.00392
edge_get,0.00337
prepare_header,0.00005
prepare_iterator,0.00003
body[edge],0.01176
edge_get,0.00189
cloud_get,0.01027
prepare_header,0.00005
prepare_iterator,0.00002
body[cloud-http],0.00646
edge_get,0.00383
prepare_header,0.00005
prepare_iterator,0.00002
body[edge],0.01151
edge_get,0.00083
cloud_get,0.00672
prepare_header,0.00003
prepare_iterator,0.00001
body[cloud-http],0.00541
edge_get,0.00089
cloud_get,0.00600
prepare_header,0.00008
prepare_iterator,0.00002
body[cloud-http],0.00493
edge_get,0.00089
cloud_get,0.00561
prepare_header,0.00002
prepare_iterator,0.00001
body[cloud-http],0.00492
edge_get,0.00413
prepare_header,0.00004
prepare_iterator,0.00002
body[edge],0.01074
edge_get,0.00157
cloud_get,0.01060
prepare_header,0.00007
prepare_iterator,0.00002
body[cloud-http],0.01296
edge_get,0.00259
prepare_header,0.00007
prepare_iterator,0.00001
body[edge],0.00705
edge_get,0.00147
cloud_get,0.00665
prepare_header,0.00003
prepare_iterator,0.00001
body[cloud-http],0.00516
edge_get,0.00080
cloud_get,0.00587
prepare_header,0.00003
prepare_iterator,0.00001
body[cloud-http],0.00482
edge_get,0.00180
prepare_header,0.00002
prepare_iterator,0.00001
body[edge],0.00583
edge_get,0.00170
cloud_get,0.01123
prepare_header,0.00005
prepare_iterator,0.00002
body[cloud-http],0.00616
edge_get,0.00155
cloud_get,0.01031
prepare_header,0.00006
prepare_iterator,0.00002
body[cloud-http],0.00562
edge_get,0.00338
prepare_header,0.00006
prepare_iterator,0.00002
body[edge],0.01206
edge_get,0.00146
cloud_get,0.01196
prepare_header,0.00005
prepare_iterator,0.00002
body[cloud-http],0.00524
edge_get,0.00419
prepare_header,0.00004
prepare_iterator,0.00002
body[edge],0.01116
edge_get,0.00190
cloud_get,0.00990
prepare_header,0.00005
prepare_iterator,0.00003
body[cloud-http],0.00669
edge_get,0.00183
cloud_get,0.01005
prepare_header,0.00002
prepare_iterator,0.00001
body[cloud-http],0.00496
edge_get,0.00082
cloud_get,0.00582
prepare_header,0.00002
prepare_iterator,0.00001
body[cloud-http],0.00561
edge_get,0.00359
prepare_header,0.00005
prepare_iterator,0.00002
body[edge],0.01185
edge_get,0.00219
prepare_header,0.00002
prepare_iterator,0.00001
body[edge],0.00540
edge_get,0.00089
cloud_get,0.00645
prepare_header,0.00002
prepare_iterator,0.00001
body[cloud-http],0.00399
edge_get,0.00195
cloud_get,0.00671
prepare_header,0.00053
prepare_iterator,0.00001
body[cloud-http],0.00450
edge_get,0.00145
cloud_get,0.01057
prepare_header,0.00004
prepare_iterator,0.00002
body[cloud-http],0.00612
edge_get,0.00151
cloud_get,0.01286
prepare_header,0.00003
prepare_iterator,0.00001
body[cloud-http],0.00417
edge_get,0.00364
prepare_header,0.00005
prepare_iterator,0.00002
body[edge],0.01213
edge_get,0.00292
prepare_header,0.00002
prepare_iterator,0.00001
body[edge],0.00528
edge_get,0.00358
prepare_header,0.00005
prepare_iterator,0.00006
body[edge],0.01220
edge_get,0.00234
prepare_header,0.00002
prepare_iterator,0.00001
body[edge],0.00867
edge_get,0.00197
prepare_header,0.00002
prepare_iterator,0.00001
body[edge],0.01255
edge_get,0.00329
prepare_header,0.00003
prepare_iterator,0.00002
body[edge],0.00579
edge_get,0.00281
prepare_header,0.00002
prepare_iterator,0.00001
body[edge],0.00557
edge_get,0.00142
cloud_get,0.00559
prepare_header,0.00003
prepare_iterator,0.00001
body[cloud-http],0.00457
edge_get,0.00163
cloud_get,0.01068
prepare_header,0.00005
prepare_iterator,0.00002
body[cloud-http],0.00548
edge_get,0.00148
cloud_get,0.00626
prepare_header,0.00002
prepare_iterator,0.00001
body[cloud-http],0.00513
edge_get,0.00359
prepare_header,0.00009
prepare_iterator,0.00003
body[edge],0.01142
edge_get,0.00092
cloud_get,0.01028
prepare_header,0.00002
prepare_iterator,0.00001
body[cloud-http],0.00650
edge_get,0.00214
prepare_header,0.00012
prepare_iterator,0.00001
body[edge],0.00520
edge_get,0.00209
cloud_get,0.01091
prepare_header,0.00009
prepare_iterator,0.00003
body[cloud-http],0.00540
edge_get,0.00363
prepare_header,0.00005
prepare_iterator,0.00002
body[edge],0.01240
edge_get,0.00151
cloud_get,0.01042
prepare_header,0.00005
prepare_iterator,0.00005
body[cloud-http],0.00571
edge_get,0.00413
prepare_header,0.00004
prepare_iterator,0.00002
body[edge],0.01135
edge_get,0.00274
prepare_header,0.00002
prepare_iterator,0.00001
body[edge],0.00694
edge_get,0.00167
cloud_get,0.00996
prepare_header,0.00006
prepare_iterator,0.00002
body[cloud-http],0.00648
edge_get,0.00365
prepare_header,0.00003
prepare_iterator,0.00002
body[edge],0.01064
edge_get,0.00378
prepare_header,0.00005
prepare_iterator,0.00002
body[edge],0.01089
edge_get,0.00158
cloud_get,0.00993
prepare_header,0.00009
prepare_iterator,0.00002
body[cloud-http],0.00589
edge_get,0.00083
cloud_get,0.00582
prepare_header,0.00008
prepare_iterator,0.00004
body[cloud-http],0.00567
edge_get,0.00083
cloud_get,0.00589
prepare_header,0.00006
prepare_iterator,0.00004
body[cloud-http],0.00430
edge_get,0.00081
cloud_get,0.00560
prepare_header,0.00009
prepare_iterator,0.00009
body[cloud-http],0.00558
edge_get,0.00150
cloud_get,0.00941
prepare_header,0.00002
prepare_iterator,0.00001
body[cloud-http],0.00583
edge_get,0.00144
cloud_get,0.01061
prepare_header,0.00006
prepare_iterator,0.00002
body[cloud-http],0.00660
edge_get,0.00173
cloud_get,0.01010
prepare_header,0.00005
prepare_iterator,0.00002
body[cloud-http],0.01404
edge_get,0.00088
cloud_get,0.00542
prepare_header,0.00002
prepare_iterator,0.00001
body[cloud-http],0.00573
edge_get,0.00163
cloud_get,0.01090
prepare_header,0.00005
prepare_iterator,0.00002
body[cloud-http],0.00526
edge_get,0.00157
cloud_get,0.01063
prepare_header,0.00004
prepare_iterator,0.00002
body[cloud-http],0.00796
edge_get,0.00173
cloud_get,0.01121
prepare_header,0.00005
prepare_iterator,0.00003
body[cloud-http],0.00607
edge_get,0.00134
cloud_get,0.00606
prepare_header,0.00008
prepare_iterator,0.00006
body[cloud-http],0.00460
edge_get,0.00367
prepare_header,0.00006
prepare_iterator,0.00003
body[edge],0.01071
edge_get,0.00364
prepare_header,0.00006
prepare_iterator,0.00003
body[edge],0.01114
edge_get,0.00086
cloud_get,0.00493
prepare_header,0.00002
prepare_iterator,0.00001
body[cloud-http],0.00511
edge_get,0.00328
prepare_header,0.00003
prepare_iterator,0.00003
body[edge],0.00800
edge_get,0.00156
cloud_get,0.01064
prepare_header,0.00011
prepare_iterator,0.00002
body[cloud-http],0.00627
edge_get,0.00082
cloud_get,0.00555
prepare_header,0.00003
prepare_iterator,0.00001
body[cloud-http],0.00603
edge_get,0.00211
cloud_get,0.01045
prepare_header,0.00005
prepare_iterator,0.00002
body[cloud-http],0.00615
edge_get,0.00369
prepare_header,0.00010
prepare_iterator,0.00003
body[edge],0.01142
edge_get,0.00369
prepare_header,0.00004
prepare_iterator,0.00003
body[edge],0.01096
edge_get,0.00139
cloud_get,0.00613
prepare_header,0.00004
prepare_iterator,0.00001
body[cloud-http],0.00617
edge_get,0.00236
prepare_header,0.00002
prepare_iterator,0.00001
body[edge],0.00537
edge_get,0.00148
cloud_get,0.00582
prepare_header,0.00002
prepare_iterator,0.00001
body[cloud-http],0.00493
edge_get,0.00382
prepare_header,0.00007
prepare_iterator,0.00003
body[edge],0.01239
edge_get,0.00155
cloud_get,0.01153
prepare_header,0.00006
prepare_iterator,0.00003
body[cloud-http],0.00694
edge_get,0.00147
cloud_get,0.01154
prepare_header,0.00004
prepare_iterator,0.00002
body[cloud-http],0.00577
edge_get,0.00380
prepare_header,0.00006
prepare_iterator,0.00003
body[edge],0.01214
edge_get,0.00143
cloud_get,0.00707
prepare_header,0.00007
prepare_iterator,0.00001
body[cloud-http],0.00485
edge_get,0.00146
cloud_get,0.01014
prepare_header,0.00006
prepare_iterator,0.00002
body[cloud-http],0.00468
edge_get,0.00414
prepare_header,0.00005
prepare_iterator,0.00004
body[edge],0.01068
edge_get,0.00375
prepare_header,0.00005
prepare_iterator,0.00003
body[edge],0.01142
edge_get,0.00106
cloud_get,0.00548
prepare_header,0.00010
prepare_iterator,0.00001
body[cloud-http],0.00714
edge_get,0.00358
prepare_header,0.00004
prepare_iterator,0.00003
body[edge],0.01169
edge_get,0.00102
cloud_get,0.00494
prepare_header,0.00002
prepare_iterator,0.00001
body[cloud-http],0.00408
edge_get,0.00149
cloud_get,0.01011
prepare_header,0.00016
prepare_iterator,0.00002
body[cloud-http],0.00479
edge_get,0.00385
prepare_header,0.00005
prepare_iterator,0.00003
body[edge],0.01177
edge_get,0.00148
cloud_get,0.01072
prepare_header,0.00005
prepare_iterator,0.00002
body[cloud-http],0.00528
edge_get,0.00214
prepare_header,0.00002
prepare_iterator,0.00001
body[edge],0.00534
edge_get,0.00360
prepare_header,0.00004
prepare_iterator,0.00002
body[edge],0.01127
edge_get,0.00160
cloud_get,0.01042
prepare_header,0.00006
prepare_iterator,0.00003
body[cloud-http],0.00599
edge_get,0.00157
cloud_get,0.01035
prepare_header,0.00005
prepare_iterator,0.00002
body[cloud-http],0.00601
edge_get,0.00147
cloud_get,0.01184
prepare_header,0.00005
prepare_iterator,0.00002
body[cloud-http],0.00554
edge_get,0.00145
cloud_get,0.01033
prepare_header,0.00004
prepare_iterator,0.00002
body[cloud-http],0.00646
edge_get,0.00398
prepare_header,0.00005
prepare_iterator,0.00008
body[edge],0.01115
edge_get,0.00372
prepare_header,0.00006
prepare_iterator,0.00003
body[edge],0.01139
edge_get,0.00081
cloud_get,0.00535
prepare_header,0.00009
prepare_iterator,0.00001
body[cloud-http],0.00431
edge_get,0.00157
prepare_header,0.00002
prepare_iterator,0.00001
body[edge],0.00504
edge_get,0.00349
prepare_header,0.00005
prepare_iterator,0.00002
body[edge],0.00870
edge_get,0.00354
prepare_header,0.00006
prepare_iterator,0.00003
body[edge],0.00604
edge_get,0.00138
cloud_get,0.00579
prepare_header,0.00002
prepare_iterator,0.00001
body[cloud-http],0.00470
edge_get,0.00191
prepare_header,0.00002
prepare_iterator,0.00001
body[edge],0.00511
edge_get,0.00174
cloud_get,0.01058
prepare_header,0.00004
prepare_iterator,0.00002
body[cloud-http],0.00488
edge_get,0.00232
prepare_header,0.00002
prepare_iterator,0.00001
body[edge],0.00515
edge_get,0.00337
prepare_header,0.00002
prepare_iterator,0.00001
body[edge],0.00577
edge_get,0.00148
cloud_get,0.01057
prepare_header,0.00005
prepare_iterator,0.00002
body[cloud-http],0.00542
edge_get,0.00117
cloud_get,0.00531
prepare_header,0.00002
prepare_iterator,0.00001
body[cloud-http],0.00430
edge_get,0.00153
cloud_get,0.01180
prepare_header,0.00007
prepare_iterator,0.00002
body[cloud-http],0.00699
edge_get,0.00347
prepare_header,0.00003
prepare_iterator,0.00004
body[edge],0.00764
edge_get,0.00226
prepare_header,0.00002
prepare_iterator,0.00001
body[edge],0.00723
edge_get,0.00163
prepare_header,0.00002
prepare_iterator,0.00001
body[edge],0.00553
edge_get,0.00093
cloud_get,0.00562
prepare_header,0.00002
prepare_iterator,0.00001
body[cloud-http],0.00518
edge_get,0.00142
cloud_get,0.01173
prepare_header,0.00005
prepare_iterator,0.00002
body[cloud-http],0.00523
edge_get,0.00316
prepare_header,0.00004
prepare_iterator,0.00002
body[edge],0.00623
edge_get,0.00167
cloud_get,0.00996
prepare_header,0.00004
prepare_iterator,0.00003
body[cloud-http],0.01473
edge_get,0.00343
prepare_header,0.00004
prepare_iterator,0.00002
body[edge],0.00522
edge_get,0.00159
prepare_header,0.00002
prepare_iterator,0.00001
body[edge],0.00597
edge_get,0.00523
prepare_header,0.00017
prepare_iterator,0.00009
body[edge],0.01468
edge_get,0.00157
cloud_get,0.01078
prepare_header,0.00011
prepare_iterator,0.00002
body[cloud-http],0.00627
edge_get,0.00154
cloud_get,0.01010
prepare_header,0.00005
prepare_iterator,0.00002
body[cloud-http],0.00542
edge_get,0.00358
prepare_header,0.00004
prepare_iterator,0.00002
body[edge],0.01216
edge_get,0.00354
prepare_header,0.00003
prepare_iterator,0.00004
body[edge],0.00587
edge_get,0.00154
cloud_get,0.00655
prepare_header,0.00002
prepare_iterator,0.00001
body[cloud-http],0.00492
edge_get,0.00168
prepare_header,0.00002
prepare_iterator,0.00001
body[edge],0.00581
edge_get,0.00199
cloud_get,0.00787
prepare_header,0.00005
prepare_iterator,0.00002
body[cloud-http],0.00635
edge_get,0.00400
prepare_header,0.00003
prepare_iterator,0.00002
body[edge],0.00972
edge_get,0.00274
prepare_header,0.00005
prepare_iterator,0.00003
body[edge],0.00657
edge_get,0.00211
prepare_header,0.00002
prepare_iterator,0.00001
body[edge],0.00853
edge_get,0.00331
prepare_header,0.00004
prepare_iterator,0.00007
body[edge],0.00833
edge_get,0.00147
cloud_get,0.01060
prepare_header,0.00005
prepare_iterator,0.00002
body[cloud-http],0.00568
edge_get,0.00192
cloud_get,0.01321
prepare_header,0.00003
prepare_iterator,0.00001
body[cloud-http],0.00529
edge_get,0.00151
cloud_get,0.01122
prepare_header,0.00005
prepare_iterator,0.00003
body[cloud-http],0.00523
edge_get,0.00358
prepare_header,0.00003
prepare_iterator,0.00002
body[edge],0.01337
edge_get,0.00350
prepare_header,0.00006
prepare_iterator,0.00002
body[edge],0.01333
edge_get,0.00076
cloud_get,0.00499
prepare_header,0.00002
prepare_iterator,0.00001
body[cloud-http],0.00597
edge_get,0.00344
prepare_header,0.00004
prepare_iterator,0.00002
body[edge],0.01241
edge_get,0.00147
cloud_get,0.01041
prepare_header,0.00004
prepare_iterator,0.00002
body[cloud-http],0.00531
edge_get,0.00094
cloud_get,0.00631
prepare_header,0.00002
prepare_iterator,0.00001
body[cloud-http],0.00568
edge_get,0.00186
cloud_get,0.00633
prepare_header,0.00005
prepare_iterator,0.00004
body[cloud-http],0.00497
edge_get,0.00155
cloud_get,0.01031
prepare_header,0.00002
prepare_iterator,0.00001
body[cloud-http],0.00538
edge_get,0.00143
cloud_get,0.00761
prepare_header,0.00002
prepare_iterator,0.00001
body[cloud-http],0.00498
edge_get,0.00299
prepare_header,0.00002
prepare_iterator,0.00001
body[edge],0.00690
edge_get,0.00393
prepare_header,0.00004
prepare_iterator,0.00002
body[edge],0.01124
edge_get,0.00345
prepare_header,0.00005
prepare_iterator,0.00003
body[edge],0.01085
edge_get,0.00156
cloud_get,0.01050
prepare_header,0.00005
prepare_iterator,0.00002
body[cloud-http],0.00595
edge_get,0.00095
cloud_get,0.00535
prepare_header,0.00002
prepare_iterator,0.00001
body[cloud-http],0.00539
edge_get,0.00148
cloud_get,0.01071
prepare_header,0.00005
prepare_iterator,0.00003
body[cloud-http],0.00614
edge_get,0.00154
cloud_get,0.01227
prepare_header,0.00006
prepare_iterator,0.00002
body[cloud-http],0.00648
edge_get,0.00175
cloud_get,0.01245
prepare_header,0.00006
prepare_iterator,0.00011
body[cloud-http],0.00559
edge_get,0.00141
cloud_get,0.01283
prepare_header,0.00005
prepare_iterator,0.00002
body[cloud-http],0.00543
edge_get,0.00221
prepare_header,0.00002
prepare_iterator,0.00001
body[edge],0.00622
edge_get,0.00274
cloud_get,0.01416
prepare_header,0.00003
prepare_iterator,0.00001
body[cloud-http],0.00547
edge_get,0.00157
prepare_header,0.00002
prepare_iterator,0.00004
body[edge],0.00617
edge_get,0.00332
prepare_header,0.00009
prepare_iterator,0.00003
body[edge],0.00863
edge_get,0.00139
cloud_get,0.00977
prepare_header,0.00002
prepare_iterator,0.00001
body[cloud-http],0.00599
edge_get,0.00078
cloud_get,0.00615
prepare_header,0.00002
prepare_iterator,0.00001
body[cloud-http],0.00495
edge_get,0.00165
cloud_get,0.01031
prepare_header,0.00005
prepare_iterator,0.00002
body[cloud-http],0.00578
edge_get,0.00509
prepare_header,0.00005
prepare_iterator,0.00002
body[edge],0.01114
edge_get,0.00149
cloud_get,0.01176
prepare_header,0.00007
prepare_iterator,0.00002
body[cloud-http],0.00535
edge_get,0.00192
prepare_header,0.00002
prepare_iterator,0.00001
body[edge],0.00609
edge_get,0.00154
cloud_get,0.01069
prepare_header,0.00002
prepare_iterator,0.00001
body[cloud-http],0.00521
edge_get,0.00155
prepare_header,0.00002
prepare_iterator,0.00005
body[edge],0.00641
edge_get,0.00150
cloud_get,0.00758
prepare_header,0.00002
prepare_iterator,0.00001
body[cloud-http],0.00582
edge_get,0.00350
prepare_header,0.00004
prepare_iterator,0.00003
body[edge],0.01251
edge_get,0.00147
cloud_get,0.01051
prepare_header,0.00006
prepare_iterator,0.00002
body[cloud-http],0.00547
edge_get,0.00193
prepare_header,0.00004
prepare_iterator,0.00001
body[edge],0.00731
edge_get,0.00152
cloud_get,0.00797
prepare_header,0.00003
prepare_iterator,0.00001
body[cloud-http],0.00544
edge_get,0.00138
cloud_get,0.00779
prepare_header,0.00002
prepare_iterator,0.00001
body[cloud-http],0.00587
edge_get,0.00353
prepare_header,0.00004
prepare_iterator,0.00002
body[edge],0.01160
edge_get,0.00157
cloud_get,0.01036
prepare_header,0.00005
prepare_iterator,0.00004
body[cloud-http],0.00706
edge_get,0.00219
prepare_header,0.00002
prepare_iterator,0.00001
body[edge],0.00631
edge_get,0.00487
cloud_get,0.01299
prepare_header,0.00003
prepare_iterator,0.00001
body[cloud-http],0.00546
edge_get,0.00332
prepare_header,0.00003
prepare_iterator,0.00003
body[edge],0.00793
edge_get,0.00193
prepare_header,0.00002
prepare_iterator,0.00001
body[edge],0.00637
edge_get,0.00145
cloud_get,0.00571
prepare_header,0.00002
prepare_iterator,0.00001
body[cloud-http],0.00531
edge_get,0.00155
cloud_get,0.00790
prepare_header,0.00002
prepare_iterator,0.00001
body[cloud-http],0.00515
edge_get,0.00345
prepare_header,0.00004
prepare_iterator,0.00002
body[edge],0.01275
edge_get,0.00381
prepare_header,0.00007
prepare_iterator,0.00003
body[edge],0.01279
edge_get,0.00145
cloud_get,0.01091
prepare_header,0.00005
prepare_iterator,0.00002
body[cloud-http],0.00542
edge_get,0.00107
cloud_get,0.01616
prepare_header,0.00003
prepare_iterator,0.00001
body[cloud-http],0.01006
edge_get,0.00179
prepare_header,0.00004
prepare_iterator,0.00005
body[edge],0.00666
edge_get,0.00325
prepare_header,0.00004
prepare_iterator,0.00002
body[edge],0.01175
edge_get,0.00147
cloud_get,0.00750
prepare_header,0.00002
prepare_iterator,0.00001
body[cloud-http],0.00478
edge_get,0.00347
prepare_header,0.00005
prepare_iterator,0.00002
body[edge],0.01266
edge_get,0.00134
cloud_get,0.00566
prepare_header,0.00002
prepare_iterator,0.00001
body[cloud-http],0.00508
edge_get,0.00159
prepare_header,0.00002
prepare_iterator,0.00001
body[edge],0.00663
edge_get,0.00400
prepare_header,0.00005
prepare_iterator,0.00002
body[edge],0.01286
edge_get,0.00403
prepare_header,0.00004
prepare_iterator,0.00003
body[edge],0.00972
edge_get,0.00346
prepare_header,0.00004
prepare_iterator,0.00002
body[edge],0.01312
edge_get,0.00142
cloud_get,0.00747
prepare_header,0.00002
prepare_iterator,0.00001
body[cloud-http],0.00470
edge_get,0.00148
cloud_get,0.01005
prepare_header,0.00005
prepare_iterator,0.00003
body[cloud-http],0.00692
edge_get,0.00410
prepare_header,0.00005
prepare_iterator,0.00002
body[edge],0.01365
edge_get,0.00143
cloud_get,0.01024
prepare_header,0.00004
prepare_iterator,0.00002
body[cloud-http],0.00641
edge_get,0.00394
prepare_header,0.00005
prepare_iterator,0.00002
body[edge],0.00930
edge_get,0.00153
cloud_get,0.01148
prepare_header,0.00002
prepare_iterator,0.00001
body[cloud-http],0.00601
edge_get,0.00281
prepare_header,0.00002
prepare_iterator,0.00001
body[edge],0.00668
edge_get,0.00141
cloud_get,0.00641
prepare_header,0.00003
prepare_iterator,0.00001
body[cloud-http],0.00465
edge_get,0.00157
cloud_get,0.00519
prepare_header,0.00002
prepare_iterator,0.00001
body[cloud-http],0.00509
edge_get,0.00088
cloud_get,0.00541
prepare_header,0.00002
prepare_iterator,0.00001
body[cloud-http],0.00538
edge_get,0.00364
prepare_header,0.00005
prepare_iterator,0.00003
body[edge],0.01357
edge_get,0.00146
cloud_get,0.01016
prepare_header,0.00004
prepare_iterator,0.00004
body[cloud-http],0.00766
edge_get,0.00148
cloud_get,0.00717
prepare_header,0.00002
prepare_iterator,0.00001
body[cloud-http],0.00477
edge_get,0.00150
cloud_get,0.01156
prepare_header,0.00005
prepare_iterator,0.00009
body[cloud-http],0.00523
edge_get,0.00181
cloud_get,0.01187
prepare_header,0.00008
prepare_iterator,0.00002
body[cloud-http],0.00997
edge_get,0.00166
cloud_get,0.01082
prepare_header,0.00005
prepare_iterator,0.00002
body[cloud-http],0.00616
edge_get,0.00348
prepare_header,0.00005
prepare_iterator,0.00002
body[edge],0.01254
edge_get,0.00347
prepare_header,0.00006
prepare_iterator,0.00002
body[edge],0.01207
edge_get,0.00140
cloud_get,0.00851
prepare_header,0.00002
prepare_iterator,0.00001
body[cloud-http],0.00571
edge_get,0.00105
cloud_get,0.00700
prepare_header,0.00003
prepare_iterator,0.00001
body[cloud-http],0.00453
edge_get,0.00176
prepare_header,0.00002
prepare_iterator,0.00001
body[edge],0.00639
edge_get,0.00204
prepare_header,0.00002
prepare_iterator,0.00001
body[edge],0.01849
edge_get,0.00205
prepare_header,0.00002
prepare_iterator,0.00005
body[edge],0.00523
edge_get,0.00294
prepare_header,0.00002
prepare_iterator,0.00001
body[edge],0.00611
edge_get,0.00174
cloud_get,0.01052
prepare_header,0.00005
prepare_iterator,0.00002
body[cloud-http],0.00499
edge_get,0.00169
cloud_get,0.01067
prepare_header,0.00005
prepare_iterator,0.00002
body[cloud-http],0.00457
edge_get,0.00163
cloud_get,0.00992
prepare_header,0.00005
prepare_iterator,0.00002
body[cloud-http],0.00544
edge_get,0.00355
prepare_header,0.00008
prepare_iterator,0.00003
body[edge],0.01152
edge_get,0.00135
cloud_get,0.00720
prepare_header,0.00002
prepare_iterator,0.00001
body[cloud-http],0.00605
edge_get,0.00416
prepare_header,0.00004
prepare_iterator,0.00002
body[edge],0.00586
edge_get,0.00100
cloud_get,0.00564
prepare_header,0.00002
prepare_iterator,0.00001
body[cloud-http],0.00561
edge_get,0.00142
cloud_get,0.00619
prepare_header,0.00002
prepare_iterator,0.00001
body[cloud-http],0.00470
edge_get,0.00162
prepare_header,0.00002
prepare_iterator,0.00001
body[edge],0.00575
edge_get,0.00418
prepare_header,0.00005
prepare_iterator,0.00003
body[edge],0.00982
edge_get,0.00089
cloud_get,0.00565
prepare_header,0.00002
prepare_iterator,0.00001
body[cloud-http],0.00482
edge_get,0.00190
cloud_get,0.01083
prepare_header,0.00004
prepare_iterator,0.00002
body[cloud-http],0.00518
edge_get,0.00218
cloud_get,0.01049
prepare_header,0.00007
prepare_iterator,0.00002
body[cloud-http],0.00544
edge_get,0.00406
prepare_header,0.00006
prepare_iterator,0.00002
body[edge],0.01192
edge_get,0.00434
prepare_header,0.00005
prepare_iterator,0.00003
body[edge],0.01157
edge_get,0.00178
cloud_get,0.00848
prepare_header,0.00002
prepare_iterator,0.00001
body[cloud-http],0.00520
edge_get,0.00338
prepare_header,0.00003
prepare_iterator,0.00002
body[edge],0.01157
edge_get,0.00432
prepare_header,0.00009
prepare_iterator,0.00008
body[edge],0.01163
edge_get,0.00449
prepare_header,0.00006
prepare_iterator,0.00005
body[edge],0.01066
edge_get,0.00149
cloud_get,0.01081
prepare_header,0.00008
prepare_iterator,0.00003
body[cloud-http],0.00547
edge_get,0.00177
prepare_header,0.00002
prepare_iterator,0.00001
body[edge],0.00540
edge_get,0.00149
cloud_get,0.01114
prepare_header,0.00004
prepare_iterator,0.00002
body[cloud-http],0.00583
edge_get,0.00156
cloud_get,0.01080
prepare_header,0.00003
prepare_iterator,0.00001
body[cloud-http],0.00495
edge_get,0.00408
prepare_header,0.00004
prepare_iterator,0.00003
body[edge],0.01302
edge_get,0.00357
prepare_header,0.00008
prepare_iterator,0.00002
body[edge],0.01130
edge_get,0.00347
prepare_header,0.00005
prepare_iterator,0.00003
body[edge],0.00947
edge_get,0.00393
prepare_header,0.00005
prepare_iterator,0.00003
body[edge],0.01114
edge_get,0.00340
prepare_header,0.00004
prepare_iterator,0.00002
body[edge],0.00882
edge_get,0.00160
cloud_get,0.01210
prepare_header,0.00008
prepare_iterator,0.00003
body[cloud-http],0.00485
edge_get,0.00172
cloud_get,0.01192
prepare_header,0.00006
prepare_iterator,0.00002
body[cloud-http],0.00507
edge_get,0.00092
cloud_get,0.00519
prepare_header,0.00006
prepare_iterator,0.00001
body[cloud-http],0.00418
edge_get,0.00178
cloud_get,0.01199
prepare_header,0.00013
prepare_iterator,0.00005
body[cloud-http],0.00451
edge_get,0.00188
cloud_get,0.00996
prepare_header,0.00004
prepare_iterator,0.00002
body[cloud-http],0.00657
edge_get,0.00384
prepare_header,0.00007
prepare_iterator,0.00003
body[edge],0.01248
edge_get,0.00196
prepare_header,0.00002
prepare_iterator,0.00001
body[edge],0.00520
edge_get,0.00474
prepare_header,0.00008
prepare_iterator,0.00002
body[edge],0.01094
edge_get,0.00080
cloud_get,0.00555
prepare_header,0.00002
prepare_iterator,0.00001
body[cloud-http],0.00430
edge_get,0.00221
prepare_header,0.00002
prepare_iterator,0.00001
body[edge],0.00523
edge_get,0.00406
prepare_header,0.00005
prepare_iterator,0.00004
body[edge],0.01225
edge_get,0.00328
prepare_header,0.00003
prepare_iterator,0.00002
body[edge],0.00539
edge_get,0.00214
prepare_header,0.00002
prepare_iterator,0.00001
body[edge],0.00497
edge_get,0.00211
prepare_header,0.00002
prepare_iterator,0.00001
body[edge],0.00556
edge_get,0.00143
cloud_get,0.01017
prepare_header,0.00006
prepare_iterator,0.00002
body[cloud-http],0.00607
edge_get,0.00156
cloud_get,0.00655
prepare_header,0.00002
prepare_iterator,0.00001
body[cloud-http],0.00420
edge_get,0.00362
prepare_header,0.00004
prepare_iterator,0.00002
body[edge],0.01296
edge_get,0.00300
prepare_header,0.00002
prepare_iterator,0.00001
body[edge],0.00587
edge_get,0.00367
prepare_header,0.00005
prepare_iterator,0.00003
body[edge],0.01243
edge_get,0.00330
prepare_header,0.00004
prepare_iterator,0.00002
body[edge],0.01325
edge_get,0.00361
prepare_header,0.00005
prepare_iterator,0.00002
body[edge],0.00695
edge_get,0.00518
prepare_header,0.00005
prepare_iterator,0.00002
body[edge],0.00949
edge_get,0.00338
prepare_header,0.00004
prepare_iterator,0.00004
body[edge],0.00587
edge_get,0.00398
prepare_header,0.00004
prepare_iterator,0.00002
body[edge],0.01117
edge_get,0.00157
cloud_get,0.01020
prepare_header,0.00005
prepare_iterator,0.00002
body[cloud-http],0.00594
edge_get,0.00146
cloud_get,0.01008
prepare_header,0.00007
prepare_iterator,0.00002
body[cloud-http],0.00764
edge_get,0.00152
cloud_get,0.01122
prepare_header,0.00010
prepare_iterator,0.00002
body[cloud-http],0.00872
edge_get,0.00157
cloud_get,0.01032
prepare_header,0.00005
prepare_iterator,0.00002
body[cloud-http],0.00728
edge_get,0.00348
prepare_header,0.00003
prepare_iterator,0.00002
body[edge],0.01142
edge_get,0.00205
cloud_get,0.01112
prepare_header,0.00006
prepare_iterator,0.00002
body[cloud-http],0.00569
edge_get,0.00140
cloud_get,0.00828
prepare_header,0.00002
prepare_iterator,0.00001
body[cloud-http],0.00420
edge_get,0.00365
prepare_header,0.00004
prepare_iterator,0.00002
body[edge],0.01158
edge_get,0.00351
prepare_header,0.00005
prepare_iterator,0.00002
body[edge],0.00991
edge_get,0.00341
prepare_header,0.00003
prepare_iterator,0.00002
body[edge],0.00977
edge_get,0.00422
prepare_header,0.00004
prepare_iterator,0.00002
body[edge],0.02587
edge_get,0.00078
cloud_get,0.00601
prepare_header,0.00003
prepare_iterator,0.00002
body[cloud-http],0.00419
edge_get,0.00152
cloud_get,0.01082
prepare_header,0.00002
prepare_iterator,0.00001
body[cloud-http],0.00446
edge_get,0.00140
cloud_get,0.01198
prepare_header,0.00017
prepare_iterator,0.00002
body[cloud-http],0.00556
edge_get,0.00342
prepare_header,0.00004
prepare_iterator,0.00003
body[edge],0.00686
edge_get,0.00161
cloud_get,0.01039
prepare_header,0.00008
prepare_iterator,0.00002
body[cloud-http],0.00656
edge_get,0.00348
prepare_header,0.00005
prepare_iterator,0.00003
body[edge],0.01285
edge_get,0.00174
cloud_get,0.01054
prepare_header,0.00004
prepare_iterator,0.00004
body[cloud-http],0.00715
edge_get,0.00342
prepare_header,0.00004
prepare_iterator,0.00002
body[edge],0.00731
edge_get,0.00152
cloud_get,0.00728
prepare_header,0.00003
prepare_iterator,0.00001
body[cloud-http],0.00476
edge_get,0.00116
cloud_get,0.00623
prepare_header,0.00002
prepare_iterator,0.00003
body[cloud-http],0.00758
edge_get,0.00147
cloud_get,0.00523
prepare_header,0.00010
prepare_iterator,0.00003
body[cloud-http],0.00601
edge_get,0.00189
prepare_header,0.00002
prepare_iterator,0.00001
body[edge],0.00545
edge_get,0.00212
prepare_header,0.00002
prepare_iterator,0.00001
body[edge],0.00676
edge_get,0.00332
prepare_header,0.00005
prepare_iterator,0.00002
body[edge],0.00976
edge_get,0.00156
prepare_header,0.00002
prepare_iterator,0.00001
body[edge],0.00520
edge_get,0.00153
cloud_get,0.01155
prepare_header,0.00004
prepare_iterator,0.00002
body[cloud-http],0.00486
edge_get,0.00483
prepare_header,0.00004
prepare_iterator,0.00002
body[edge],0.01105
edge_get,0.00157
cloud_get,0.01065
prepare_header,0.00005
prepare_iterator,0.00004
body[cloud-http],0.00651
edge_get,0.00352
prepare_header,0.00004
prepare_iterator,0.00002
body[edge],0.00736
edge_get,0.00348
prepare_header,0.00004
prepare_iterator,0.00002
body[edge],0.00882
edge_get,0.00314
prepare_header,0.00004
prepare_iterator,0.00002
body[edge],0.01041
edge_get,0.00143
cloud_get,0.01099
prepare_header,0.00005
prepare_iterator,0.00002
body[cloud-http],0.00622
edge_get,0.00345
prepare_header,0.00005
prepare_iterator,0.00003
body[edge],0.01121
edge_get,0.00089
cloud_get,0.00545
prepare_header,0.00002
prepare_iterator,0.00001
body[cloud-http],0.00414
edge_get,0.00333
prepare_header,0.00005
prepare_iterator,0.00003
body[edge],0.01045
edge_get,0.00164
prepare_header,0.00001
prepare_iterator,0.00001
body[edge],0.00495
edge_get,0.00340
prepare_header,0.00004
prepare_iterator,0.00012
body[edge],0.01099
edge_get,0.00151
cloud_get,0.00877
prepare_header,0.00003
prepare_iterator,0.00001
body[cloud-http],0.00533
edge_get,0.00098
cloud_get,0.00535
prepare_header,0.00006
prepare_iterator,0.00001
body[cloud-http],0.00402
edge_get,0.00349
prepare_header,0.00004
prepare_iterator,0.00006
body[edge],0.01118
edge_get,0.00383
prepare_header,0.00005
prepare_iterator,0.00003
body[edge],0.01109
edge_get,0.00180
cloud_get,0.01011
prepare_header,0.00007
prepare_iterator,0.00002
body[cloud-http],0.00510
edge_get,0.00146
cloud_get,0.01013
prepare_header,0.00005
prepare_iterator,0.00002
body[cloud-http],0.00546
edge_get,0.00347
prepare_header,0.00004
prepare_iterator,0.00003
body[edge],0.01087
edge_get,0.00148
cloud_get,0.00879
prepare_header,0.00002
prepare_iterator,0.00001
body[cloud-http],0.00467
edge_get,0.00152
cloud_get,0.01065
prepare_header,0.00005
prepare_iterator,0.00002
body[cloud-http],0.00582
edge_get,0.00418
prepare_header,0.00004
prepare_iterator,0.00003
body[edge],0.01009
edge_get,0.00361
prepare_header,0.00004
prepare_iterator,0.00002
body[edge],0.00787
edge_get,0.00159
cloud_get,0.04334
prepare_header,0.00002
prepare_iterator,0.00001
body[cloud-http],0.00498
edge_get,0.00161
cloud_get,0.01083
prepare_header,0.00006
prepare_iterator,0.00002
body[cloud-http],0.00643
edge_get,0.00444
prepare_header,0.00005
prepare_iterator,0.00003
body[edge],0.01081
edge_get,0.00125
cloud_get,0.00726
prepare_header,0.00002
prepare_iterator,0.00002
body[cloud-http],0.00521
edge_get,0.00170
prepare_header,0.00002
prepare_iterator,0.00001
body[edge],0.00524
edge_get,0.00149
cloud_get,0.00831
prepare_header,0.00002
prepare_iterator,0.00001
body[cloud-http],0.00466
edge_get,0.00375
prepare_header,0.00005
prepare_iterator,0.00003
body[edge],0.01219
edge_get,0.00146
cloud_get,0.01055
prepare_header,0.00004
prepare_iterator,0.00002
body[cloud-http],0.00539
edge_get,0.00348
prepare_header,0.00004
prepare_iterator,0.00002
body[edge],0.01099
edge_get,0.00144
cloud_get,0.01027
prepare_header,0.00005
prepare_iterator,0.00003
body[cloud-http],0.00565
edge_get,0.00396
prepare_header,0.00004
prepare_iterator,0.00004
body[edge],0.01243
edge_get,0.00356
prepare_header,0.00004
prepare_iterator,0.00003
body[edge],0.01178
edge_get,0.00150
cloud_get,0.01071
prepare_header,0.00006
prepare_iterator,0.00003
body[cloud-http],0.00857
edge_get,0.00165
cloud_get,0.01016
prepare_header,0.00004
prepare_iterator,0.00002
body[cloud-http],0.00603
edge_get,0.00355
prepare_header,0.00004
prepare_iterator,0.00003
body[edge],0.01316
edge_get,0.00351
prepare_header,0.00005
prepare_iterator,0.00003
body[edge],0.01240
edge_get,0.00164
cloud_get,0.02195
prepare_header,0.00002
prepare_iterator,0.00001
body[cloud-http],0.00473
