endpoint_ms,91.832
endpoint_ms,146.560
endpoint_ms,151.418
endpoint_ms,71.350
endpoint_ms,133.293
endpoint_ms,114.903
endpoint_ms,132.624
endpoint_ms,119.812
endpoint_ms,48.977
endpoint_ms,93.285
endpoint_ms,39.313
endpoint_ms,52.299
endpoint_ms,52.659
endpoint_ms,38.242
endpoint_ms,43.003
endpoint_ms,23.815
endpoint_ms,9.418
endpoint_ms,9.882
endpoint_ms,16.116
endpoint_ms,42.218
endpoint_ms,33.391
endpoint_ms,16.980
endpoint_ms,14.447
endpoint_ms,14.900
endpoint_ms,9.336
endpoint_ms,22.704
endpoint_ms,38.001
endpoint_ms,59.059
endpoint_ms,80.399
endpoint_ms,67.215
endpoint_ms,64.135
endpoint_ms,87.291
endpoint_ms,96.075
endpoint_ms,150.598
endpoint_ms,127.396
endpoint_ms,159.457
endpoint_ms,172.137
endpoint_ms,174.091
endpoint_ms,120.363
endpoint_ms,111.886
endpoint_ms,185.939
endpoint_ms,115.648
endpoint_ms,158.317
endpoint_ms,149.051
endpoint_ms,101.092
endpoint_ms,104.903
endpoint_ms,96.717
endpoint_ms,56.381
endpoint_ms,132.128
endpoint_ms,164.031
endpoint_ms,142.572
endpoint_ms,157.217
endpoint_ms,194.428
endpoint_ms,213.963
endpoint_ms,233.247
endpoint_ms,161.419
endpoint_ms,235.431
endpoint_ms,285.314
endpoint_ms,256.987
endpoint_ms,270.700
endpoint_ms,273.009
endpoint_ms,177.039
endpoint_ms,247.364
endpoint_ms,254.138
endpoint_ms,224.783
endpoint_ms,223.170
endpoint_ms,208.605
endpoint_ms,247.095
endpoint_ms,216.871
endpoint_ms,235.207
endpoint_ms,189.381
endpoint_ms,240.318
endpoint_ms,298.739
endpoint_ms,289.529
endpoint_ms,260.710
endpoint_ms,332.372
endpoint_ms,330.604
endpoint_ms,331.362
endpoint_ms,354.785
endpoint_ms,345.043
endpoint_ms,388.008
endpoint_ms,274.294
endpoint_ms,394.290
endpoint_ms,440.156
endpoint_ms,414.574
endpoint_ms,301.239
endpoint_ms,404.251
endpoint_ms,456.581
endpoint_ms,463.761
endpoint_ms,473.977
endpoint_ms,443.176
endpoint_ms,301.807
endpoint_ms,420.649
endpoint_ms,366.733
endpoint_ms,362.420
endpoint_ms,504.580
endpoint_ms,338.999
endpoint_ms,471.902
endpoint_ms,327.253
endpoint_ms,461.498
endpoint_ms,473.973
endpoint_ms,439.256
endpoint_ms,439.500
endpoint_ms,275.229
endpoint_ms,448.173
endpoint_ms,230.130
endpoint_ms,455.223
endpoint_ms,433.535
endpoint_ms,483.119
endpoint_ms,488.653
endpoint_ms,487.609
endpoint_ms,550.412
endpoint_ms,531.113
endpoint_ms,537.278
endpoint_ms,540.890
endpoint_ms,416.221
endpoint_ms,488.667
endpoint_ms,488.825
endpoint_ms,488.444
endpoint_ms,314.818
endpoint_ms,286.593
endpoint_ms,270.900
endpoint_ms,216.344
endpoint_ms,453.575
endpoint_ms,272.663
endpoint_ms,255.501
endpoint_ms,468.250
endpoint_ms,465.358
endpoint_ms,439.830
endpoint_ms,421.445
endpoint_ms,422.780
endpoint_ms,381.288
endpoint_ms,173.382
endpoint_ms,350.224
endpoint_ms,295.062
endpoint_ms,353.845
endpoint_ms,292.107
endpoint_ms,140.911
endpoint_ms,280.452
endpoint_ms,269.071
endpoint_ms,251.877
endpoint_ms,222.804
endpoint_ms,228.793
endpoint_ms,224.815
endpoint_ms,234.626
endpoint_ms,203.299
endpoint_ms,216.764
endpoint_ms,134.473
endpoint_ms,155.134
endpoint_ms,247.589
endpoint_ms,250.793
endpoint_ms,182.663
endpoint_ms,290.432
endpoint_ms,249.131
endpoint_ms,188.143
endpoint_ms,196.879
endpoint_ms,282.782
endpoint_ms,286.339
endpoint_ms,294.730
endpoint_ms,158.812
endpoint_ms,303.127
endpoint_ms,249.336
endpoint_ms,303.577
endpoint_ms,276.447
endpoint_ms,288.126
endpoint_ms,262.974
endpoint_ms,249.175
endpoint_ms,154.193
endpoint_ms,270.301
endpoint_ms,273.298
endpoint_ms,133.988
endpoint_ms,146.548
endpoint_ms,279.540
endpoint_ms,251.657
endpoint_ms,253.683
endpoint_ms,271.835
endpoint_ms,141.089
endpoint_ms,260.450
endpoint_ms,241.496
endpoint_ms,265.419
endpoint_ms,154.717
endpoint_ms,203.141
endpoint_ms,128.628
endpoint_ms,197.322
endpoint_ms,136.838
endpoint_ms,196.691
endpoint_ms,109.879
endpoint_ms,212.675
endpoint_ms,181.569
endpoint_ms,95.448
endpoint_ms,129.051
endpoint_ms,91.856
endpoint_ms,37.441
endpoint_ms,128.336
endpoint_ms,102.636
endpoint_ms,44.676
endpoint_ms,26.504
endpoint_ms,139.018
endpoint_ms,137.881
endpoint_ms,34.143
endpoint_ms,25.244
endpoint_ms,10.451
endpoint_ms,11.393
endpoint_ms,56.208
endpoint_ms,52.164
endpoint_ms,41.695
endpoint_ms,38.393
endpoint_ms,36.405
endpoint_ms,37.410
endpoint_ms,223.025
endpoint_ms,52.048
endpoint_ms,284.877
endpoint_ms,304.870
endpoint_ms,288.418
endpoint_ms,64.962
endpoint_ms,75.417
endpoint_ms,64.999
endpoint_ms,16.651
endpoint_ms,13.991
endpoint_ms,286.939
endpoint_ms,49.480
endpoint_ms,38.291
endpoint_ms,34.845
endpoint_ms,17.486
endpoint_ms,29.222
endpoint_ms,26.722
endpoint_ms,23.804
endpoint_ms,67.134
endpoint_ms,215.934
endpoint_ms,100.816
endpoint_ms,103.180
endpoint_ms,213.307
endpoint_ms,216.949
endpoint_ms,112.631
endpoint_ms,103.754
endpoint_ms,114.804
endpoint_ms,149.802
endpoint_ms,140.183
endpoint_ms,97.589
endpoint_ms,103.137
endpoint_ms,82.355
endpoint_ms,89.719
endpoint_ms,21.025
endpoint_ms,17.993
endpoint_ms,73.517
endpoint_ms,45.402
endpoint_ms,85.940
endpoint_ms,67.898
endpoint_ms,69.143
endpoint_ms,53.454
endpoint_ms,44.734
endpoint_ms,56.814
endpoint_ms,41.771
endpoint_ms,45.750
endpoint_ms,46.353
endpoint_ms,37.873
endpoint_ms,37.896
endpoint_ms,34.009
endpoint_ms,27.253
endpoint_ms,34.124
endpoint_ms,26.319
endpoint_ms,24.611
endpoint_ms,19.610
endpoint_ms,13.557
endpoint_ms,24.571
endpoint_ms,21.851
endpoint_ms,10.477
endpoint_ms,18.821
endpoint_ms,28.147
endpoint_ms,19.987
endpoint_ms,12.748
endpoint_ms,12.998
endpoint_ms,16.203
endpoint_ms,24.064
endpoint_ms,36.587
endpoint_ms,32.645
endpoint_ms,14.844
endpoint_ms,15.605
endpoint_ms,22.365
endpoint_ms,33.294
endpoint_ms,19.980
endpoint_ms,17.833
endpoint_ms,39.175
endpoint_ms,29.193
endpoint_ms,21.220
endpoint_ms,38.634
endpoint_ms,31.608
endpoint_ms,24.976
endpoint_ms,20.554
endpoint_ms,34.000
endpoint_ms,41.492
endpoint_ms,61.946
endpoint_ms,58.157
endpoint_ms,60.929
endpoint_ms,67.250
endpoint_ms,53.495
endpoint_ms,53.795
endpoint_ms,54.048
endpoint_ms,45.048
endpoint_ms,55.346
endpoint_ms,102.379
endpoint_ms,116.996
endpoint_ms,107.839
endpoint_ms,164.400
endpoint_ms,113.020
endpoint_ms,114.459
endpoint_ms,120.815
endpoint_ms,133.498
endpoint_ms,96.525
endpoint_ms,91.486
endpoint_ms,105.682
endpoint_ms,67.299
endpoint_ms,109.702
endpoint_ms,102.502
endpoint_ms,79.830
endpoint_ms,100.806
endpoint_ms,79.580
endpoint_ms,43.582
endpoint_ms,23.064
endpoint_ms,52.637
endpoint_ms,49.388
endpoint_ms,48.673
endpoint_ms,39.661
endpoint_ms,46.562
endpoint_ms,64.081
endpoint_ms,51.096
endpoint_ms,68.922
endpoint_ms,34.582
endpoint_ms,143.375
endpoint_ms,139.769
endpoint_ms,145.276
endpoint_ms,120.764
endpoint_ms,123.969
endpoint_ms,164.294
endpoint_ms,108.093
endpoint_ms,138.065
endpoint_ms,144.806
endpoint_ms,75.870
endpoint_ms,33.675
endpoint_ms,23.906
endpoint_ms,110.629
endpoint_ms,144.281
endpoint_ms,61.247
endpoint_ms,42.954
endpoint_ms,149.522
endpoint_ms,71.337
endpoint_ms,88.592
endpoint_ms,175.003
endpoint_ms,73.313
endpoint_ms,71.730
endpoint_ms,162.144
endpoint_ms,192.139
endpoint_ms,250.497
endpoint_ms,271.345
endpoint_ms,215.747
endpoint_ms,179.904
endpoint_ms,236.606
endpoint_ms,227.052
endpoint_ms,229.732
endpoint_ms,236.997
endpoint_ms,258.877
endpoint_ms,254.117
endpoint_ms,231.982
endpoint_ms,291.109
endpoint_ms,292.119
endpoint_ms,281.137
endpoint_ms,285.348
endpoint_ms,318.755
endpoint_ms,287.256
endpoint_ms,319.263
endpoint_ms,250.653
endpoint_ms,409.590
endpoint_ms,270.392
endpoint_ms,378.032
endpoint_ms,253.623
endpoint_ms,400.659
endpoint_ms,219.386
endpoint_ms,383.374
endpoint_ms,253.335
endpoint_ms,372.365
endpoint_ms,452.905
endpoint_ms,419.191
endpoint_ms,412.621
endpoint_ms,343.591
endpoint_ms,418.658
endpoint_ms,339.148
endpoint_ms,455.692
endpoint_ms,463.383
endpoint_ms,449.810
endpoint_ms,379.318
endpoint_ms,354.686
endpoint_ms,325.384
endpoint_ms,479.847
endpoint_ms,309.415
endpoint_ms,513.653
endpoint_ms,522.485
endpoint_ms,493.484
endpoint_ms,493.570
endpoint_ms,517.979
endpoint_ms,305.352
endpoint_ms,332.648
endpoint_ms,342.562
endpoint_ms,507.943
endpoint_ms,262.724
endpoint_ms,263.108
endpoint_ms,424.603
endpoint_ms,265.975
endpoint_ms,497.880
endpoint_ms,456.800
endpoint_ms,453.495
endpoint_ms,273.903
endpoint_ms,483.399
endpoint_ms,516.435
endpoint_ms,498.422
endpoint_ms,311.677
endpoint_ms,322.022
endpoint_ms,490.123
endpoint_ms,499.376
endpoint_ms,502.927
endpoint_ms,308.358
endpoint_ms,513.959
endpoint_ms,518.298
endpoint_ms,326.618
endpoint_ms,536.768
endpoint_ms,510.631
endpoint_ms,348.216
endpoint_ms,572.350
endpoint_ms,521.734
endpoint_ms,552.918
endpoint_ms,550.957
endpoint_ms,337.028
endpoint_ms,533.549
endpoint_ms,563.441
endpoint_ms,358.390
endpoint_ms,533.374
endpoint_ms,534.836
endpoint_ms,492.457
endpoint_ms,224.246
endpoint_ms,465.058
endpoint_ms,464.130
endpoint_ms,267.066
endpoint_ms,498.943
endpoint_ms,258.057
endpoint_ms,531.132
endpoint_ms,529.163
endpoint_ms,551.553
endpoint_ms,541.207
endpoint_ms,334.659
endpoint_ms,564.569
endpoint_ms,556.711
endpoint_ms,484.439
endpoint_ms,353.604
endpoint_ms,442.605
endpoint_ms,348.663
endpoint_ms,488.002
endpoint_ms,332.362
endpoint_ms,308.860
endpoint_ms,520.119
endpoint_ms,339.556
endpoint_ms,354.150
endpoint_ms,369.257
endpoint_ms,317.956
endpoint_ms,600.173
endpoint_ms,605.722
endpoint_ms,588.646
endpoint_ms,328.264
endpoint_ms,596.209
endpoint_ms,613.450
endpoint_ms,661.880
endpoint_ms,370.719
endpoint_ms,377.508
endpoint_ms,594.676
endpoint_ms,387.601
endpoint_ms,397.878
endpoint_ms,602.368
endpoint_ms,614.927
endpoint_ms,617.689
endpoint_ms,630.310
endpoint_ms,669.246
endpoint_ms,616.163
endpoint_ms,698.381
endpoint_ms,630.352
endpoint_ms,640.033
endpoint_ms,692.098
endpoint_ms,697.145
endpoint_ms,383.617
endpoint_ms,654.635
endpoint_ms,653.743
endpoint_ms,675.215
endpoint_ms,627.389
endpoint_ms,628.365
endpoint_ms,630.205
endpoint_ms,619.242
endpoint_ms,603.732
endpoint_ms,622.910
endpoint_ms,628.530
endpoint_ms,340.511
endpoint_ms,621.422
endpoint_ms,618.222
endpoint_ms,596.786
endpoint_ms,310.610
endpoint_ms,580.558
endpoint_ms,286.992
endpoint_ms,623.260
endpoint_ms,271.366
endpoint_ms,299.436
endpoint_ms,565.036
endpoint_ms,586.719
endpoint_ms,631.398
endpoint_ms,631.200
endpoint_ms,579.419
endpoint_ms,590.564
endpoint_ms,657.950
endpoint_ms,693.808
endpoint_ms,646.678
endpoint_ms,458.770
endpoint_ms,636.150
endpoint_ms,679.746
endpoint_ms,474.332
endpoint_ms,708.591
endpoint_ms,492.300
endpoint_ms,770.037
endpoint_ms,748.792
endpoint_ms,812.265
endpoint_ms,763.218
endpoint_ms,484.155
endpoint_ms,768.153
endpoint_ms,526.830
endpoint_ms,456.015
endpoint_ms,438.217
endpoint_ms,476.749
endpoint_ms,803.428
endpoint_ms,817.193
endpoint_ms,466.911
endpoint_ms,871.852
endpoint_ms,763.433
endpoint_ms,435.527
endpoint_ms,447.811
endpoint_ms,815.405
endpoint_ms,838.269
endpoint_ms,914.855
endpoint_ms,929.095
endpoint_ms,575.024
endpoint_ms,610.489
endpoint_ms,586.959
endpoint_ms,644.383
endpoint_ms,918.134
endpoint_ms,970.309
endpoint_ms,651.955
endpoint_ms,1057.980
endpoint_ms,747.782
endpoint_ms,1070.916
endpoint_ms,798.443
endpoint_ms,791.001
endpoint_ms,1129.012
endpoint_ms,1123.191
endpoint_ms,1109.402
endpoint_ms,1118.744
endpoint_ms,1136.094
endpoint_ms,1147.001
endpoint_ms,836.844
endpoint_ms,1136.887
endpoint_ms,754.837
endpoint_ms,1182.432
endpoint_ms,772.166
endpoint_ms,777.173
endpoint_ms,1176.100
endpoint_ms,1181.868
endpoint_ms,1164.302
endpoint_ms,1201.474
endpoint_ms,640.793
endpoint_ms,1180.113
endpoint_ms,1173.711
endpoint_ms,1202.610
endpoint_ms,646.268
endpoint_ms,1223.835
endpoint_ms,1242.749
endpoint_ms,1254.334
endpoint_ms,1257.329
endpoint_ms,589.852
endpoint_ms,1263.781
endpoint_ms,1180.590
endpoint_ms,1184.878
endpoint_ms,1157.640
endpoint_ms,563.840
endpoint_ms,564.378
endpoint_ms,1202.179
endpoint_ms,563.517
endpoint_ms,1160.968
endpoint_ms,544.790
endpoint_ms,1170.299
endpoint_ms,1169.990
endpoint_ms,605.406
endpoint_ms,1164.230
endpoint_ms,1108.937
endpoint_ms,1073.204
endpoint_ms,1075.286
endpoint_ms,549.819
endpoint_ms,1060.550
endpoint_ms,1029.233
endpoint_ms,1101.666
endpoint_ms,1080.061
endpoint_ms,1065.802
endpoint_ms,622.033
endpoint_ms,1030.300
endpoint_ms,640.258
endpoint_ms,1035.224
endpoint_ms,582.947
endpoint_ms,1064.022
endpoint_ms,1083.610
endpoint_ms,1040.626
endpoint_ms,1049.697
endpoint_ms,617.322
endpoint_ms,1091.017
endpoint_ms,1080.852
endpoint_ms,1057.197
endpoint_ms,1118.878
endpoint_ms,576.305
endpoint_ms,1032.104
endpoint_ms,1076.969
endpoint_ms,1051.836
endpoint_ms,1023.403
endpoint_ms,579.254
endpoint_ms,1034.717
endpoint_ms,1069.241
endpoint_ms,1028.631
endpoint_ms,1039.618
endpoint_ms,1032.537
endpoint_ms,997.594
endpoint_ms,552.294
endpoint_ms,536.022
endpoint_ms,1020.534
endpoint_ms,1028.891
endpoint_ms,1053.167
endpoint_ms,1025.323
endpoint_ms,1005.353
endpoint_ms,1025.416
endpoint_ms,1032.156
endpoint_ms,584.643
endpoint_ms,1020.908
endpoint_ms,543.729
endpoint_ms,977.047
endpoint_ms,974.062
endpoint_ms,905.851
endpoint_ms,966.309
endpoint_ms,948.700
endpoint_ms,950.191
endpoint_ms,505.235
endpoint_ms,969.070
endpoint_ms,959.893
endpoint_ms,972.867
endpoint_ms,1028.122
endpoint_ms,571.999
endpoint_ms,976.326
endpoint_ms,588.881
endpoint_ms,1001.341
endpoint_ms,961.651
endpoint_ms,952.819
endpoint_ms,638.410
endpoint_ms,577.544
endpoint_ms,982.713
endpoint_ms,924.517
endpoint_ms,996.139
endpoint_ms,953.501
endpoint_ms,946.391
endpoint_ms,926.240
endpoint_ms,915.626
endpoint_ms,931.209
endpoint_ms,634.310
endpoint_ms,930.908
endpoint_ms,643.272
endpoint_ms,901.339
endpoint_ms,904.400
endpoint_ms,604.559
endpoint_ms,947.344
endpoint_ms,953.547
endpoint_ms,951.152
endpoint_ms,926.897
endpoint_ms,928.624
endpoint_ms,500.131
endpoint_ms,541.989
endpoint_ms,522.590
endpoint_ms,526.310
endpoint_ms,890.801
endpoint_ms,889.869
endpoint_ms,934.454
endpoint_ms,945.190
endpoint_ms,953.803
endpoint_ms,985.572
endpoint_ms,965.761
endpoint_ms,1013.107
endpoint_ms,518.053
endpoint_ms,561.090
endpoint_ms,993.541
endpoint_ms,963.961
endpoint_ms,1006.168
endpoint_ms,927.003
endpoint_ms,944.145
endpoint_ms,926.824
endpoint_ms,931.616
endpoint_ms,927.036
endpoint_ms,952.047
endpoint_ms,512.695
endpoint_ms,898.561
endpoint_ms,841.863
endpoint_ms,922.808
endpoint_ms,871.641
endpoint_ms,937.888
endpoint_ms,494.765
endpoint_ms,883.822
endpoint_ms,889.776
endpoint_ms,889.439
endpoint_ms,478.249
endpoint_ms,485.782
endpoint_ms,546.345
endpoint_ms,474.708
endpoint_ms,460.890
endpoint_ms,929.165
endpoint_ms,920.647
endpoint_ms,951.637
endpoint_ms,952.907
endpoint_ms,481.525
endpoint_ms,935.352
endpoint_ms,493.147
endpoint_ms,971.844
endpoint_ms,962.357
endpoint_ms,938.522
endpoint_ms,893.133
endpoint_ms,886.170
endpoint_ms,944.612
endpoint_ms,912.002
endpoint_ms,900.450
endpoint_ms,958.845
endpoint_ms,941.938
endpoint_ms,981.345
endpoint_ms,710.657
endpoint_ms,738.224
endpoint_ms,679.407
endpoint_ms,988.460
endpoint_ms,1040.211
endpoint_ms,960.942
endpoint_ms,939.903
endpoint_ms,948.185
endpoint_ms,595.143
endpoint_ms,990.996
endpoint_ms,593.277
endpoint_ms,931.648
endpoint_ms,948.460
endpoint_ms,910.830
endpoint_ms,939.223
endpoint_ms,893.014
endpoint_ms,572.197
endpoint_ms,927.385
endpoint_ms,919.611
endpoint_ms,937.238
endpoint_ms,898.507
endpoint_ms,929.933
endpoint_ms,509.488
endpoint_ms,945.846
endpoint_ms,462.865
endpoint_ms,891.186
endpoint_ms,882.767
endpoint_ms,909.281
endpoint_ms,836.637
endpoint_ms,386.240
endpoint_ms,863.589
endpoint_ms,868.854
endpoint_ms,863.759
endpoint_ms,870.826
endpoint_ms,885.863
endpoint_ms,826.208
endpoint_ms,374.241
endpoint_ms,828.624
endpoint_ms,350.566
endpoint_ms,732.722
endpoint_ms,805.793
endpoint_ms,363.352
endpoint_ms,710.706
endpoint_ms,359.630
endpoint_ms,697.077
endpoint_ms,705.958
endpoint_ms,734.204
endpoint_ms,358.425
endpoint_ms,670.183
endpoint_ms,667.016
endpoint_ms,346.242
endpoint_ms,669.886
endpoint_ms,624.828
endpoint_ms,592.373
endpoint_ms,630.617
endpoint_ms,330.762
endpoint_ms,333.284
endpoint_ms,574.831
endpoint_ms,649.037
endpoint_ms,574.595
endpoint_ms,298.444
endpoint_ms,590.608
endpoint_ms,368.678
endpoint_ms,582.963
endpoint_ms,533.331
endpoint_ms,305.840
endpoint_ms,567.730
endpoint_ms,519.540
endpoint_ms,564.607
endpoint_ms,352.024
endpoint_ms,516.054
endpoint_ms,523.482
endpoint_ms,518.239
endpoint_ms,368.724
endpoint_ms,399.730
endpoint_ms,552.776
endpoint_ms,374.229
endpoint_ms,544.185
endpoint_ms,513.557
endpoint_ms,312.827
endpoint_ms,386.516
endpoint_ms,344.684
endpoint_ms,458.227
endpoint_ms,461.659
endpoint_ms,306.819
endpoint_ms,333.010
endpoint_ms,331.364
endpoint_ms,495.864
endpoint_ms,198.852
endpoint_ms,438.231
endpoint_ms,426.282
endpoint_ms,376.352
endpoint_ms,215.950
endpoint_ms,245.872
endpoint_ms,238.735
endpoint_ms,290.144
endpoint_ms,388.332
endpoint_ms,381.545
endpoint_ms,406.837
endpoint_ms,430.867
endpoint_ms,388.158
endpoint_ms,392.789
endpoint_ms,370.658
endpoint_ms,319.700
endpoint_ms,270.074
endpoint_ms,299.338
endpoint_ms,396.357
endpoint_ms,271.868
endpoint_ms,248.504
endpoint_ms,410.568
endpoint_ms,275.797
endpoint_ms,391.488
endpoint_ms,308.291
endpoint_ms,300.209
endpoint_ms,405.237
endpoint_ms,317.999
endpoint_ms,387.565
endpoint_ms,227.740
endpoint_ms,213.179
endpoint_ms,88.080
endpoint_ms,90.834
endpoint_ms,91.794
endpoint_ms,217.459
endpoint_ms,328.439
endpoint_ms,210.854
endpoint_ms,205.866
endpoint_ms,215.021
endpoint_ms,270.784
endpoint_ms,329.645
endpoint_ms,304.747
endpoint_ms,326.489
endpoint_ms,332.454
endpoint_ms,398.350
endpoint_ms,312.406
endpoint_ms,414.201
endpoint_ms,338.589
endpoint_ms,464.476
endpoint_ms,432.203
endpoint_ms,271.657
endpoint_ms,459.776
endpoint_ms,320.036
endpoint_ms,355.836
endpoint_ms,318.588
endpoint_ms,328.159
endpoint_ms,300.486
endpoint_ms,508.545
endpoint_ms,548.340
endpoint_ms,465.723
endpoint_ms,579.884
endpoint_ms,325.732
endpoint_ms,488.299
endpoint_ms,506.737
endpoint_ms,471.062
endpoint_ms,427.368
endpoint_ms,460.972
endpoint_ms,317.678
endpoint_ms,348.861
endpoint_ms,258.621
endpoint_ms,224.818
endpoint_ms,459.132
endpoint_ms,450.674
endpoint_ms,456.290
endpoint_ms,422.475
endpoint_ms,403.790
endpoint_ms,410.197
endpoint_ms,410.225
endpoint_ms,274.809
endpoint_ms,198.835
endpoint_ms,159.613
endpoint_ms,334.374
endpoint_ms,358.552
endpoint_ms,270.495
endpoint_ms,235.511
endpoint_ms,161.674
endpoint_ms,165.713
endpoint_ms,153.429
endpoint_ms,123.611
endpoint_ms,77.471
endpoint_ms,50.988
endpoint_ms,14.639
endpoint_ms,26.659
endpoint_ms,23.834
endpoint_ms,14.173
endpoint_ms,67.936
endpoint_ms,79.071
endpoint_ms,48.797
endpoint_ms,52.052
endpoint_ms,39.666
endpoint_ms,23.289
endpoint_ms,19.207
endpoint_ms,37.871
endpoint_ms,39.278
endpoint_ms,35.653
endpoint_ms,52.536
endpoint_ms,42.720
endpoint_ms,43.445
endpoint_ms,79.970
endpoint_ms,101.217
endpoint_ms,109.871
endpoint_ms,104.766
endpoint_ms,115.001
endpoint_ms,126.521
endpoint_ms,132.434
endpoint_ms,119.915
endpoint_ms,137.736
endpoint_ms,97.401
endpoint_ms,149.038
endpoint_ms,137.520
endpoint_ms,80.984
endpoint_ms,107.881
endpoint_ms,70.638
endpoint_ms,109.654
endpoint_ms,41.596
endpoint_ms,68.551
endpoint_ms,45.017
endpoint_ms,37.533
endpoint_ms,40.245
endpoint_ms,30.232
endpoint_ms,26.307
endpoint_ms,21.247
endpoint_ms,17.719
endpoint_ms,49.167
endpoint_ms,41.605
endpoint_ms,37.534
endpoint_ms,45.786
endpoint_ms,26.460
endpoint_ms,25.753
endpoint_ms,13.078
endpoint_ms,18.980
endpoint_ms,24.706
endpoint_ms,27.001
endpoint_ms,24.454
endpoint_ms,27.764
endpoint_ms,35.553
endpoint_ms,34.395
endpoint_ms,42.105
endpoint_ms,17.764
endpoint_ms,16.326
endpoint_ms,10.569
endpoint_ms,24.049
endpoint_ms,27.937
endpoint_ms,33.177
endpoint_ms,26.098
endpoint_ms,19.766
endpoint_ms,28.796
endpoint_ms,37.744
endpoint_ms,54.232
endpoint_ms,44.031
endpoint_ms,35.706
endpoint_ms,31.041
endpoint_ms,23.901
endpoint_ms,28.679
endpoint_ms,35.629
endpoint_ms,34.486
endpoint_ms,40.925
endpoint_ms,61.679
endpoint_ms,54.987
endpoint_ms,45.333
endpoint_ms,42.210
endpoint_ms,26.909
endpoint_ms,43.734
endpoint_ms,51.700
endpoint_ms,53.763
endpoint_ms,57.834
endpoint_ms,43.450
endpoint_ms,60.350
endpoint_ms,36.927
endpoint_ms,51.704
endpoint_ms,66.636
endpoint_ms,71.425
endpoint_ms,72.531
endpoint_ms,68.836
endpoint_ms,21.352
endpoint_ms,22.998
endpoint_ms,22.558
endpoint_ms,12.983
endpoint_ms,46.419
endpoint_ms,39.331
endpoint_ms,64.433
endpoint_ms,59.892
endpoint_ms,77.221
endpoint_ms,75.007
endpoint_ms,84.204
endpoint_ms,58.838
endpoint_ms,75.557
endpoint_ms,71.205
endpoint_ms,54.855
endpoint_ms,19.805
endpoint_ms,14.467
endpoint_ms,25.518
endpoint_ms,33.388
endpoint_ms,41.701
endpoint_ms,41.907
endpoint_ms,40.862
endpoint_ms,52.628
endpoint_ms,38.941
endpoint_ms,36.955
endpoint_ms,39.224
endpoint_ms,67.588
endpoint_ms,68.436
endpoint_ms,91.466
endpoint_ms,102.617
endpoint_ms,78.977
endpoint_ms,103.654
endpoint_ms,77.388
endpoint_ms,112.055
endpoint_ms,76.835
endpoint_ms,128.165
endpoint_ms,109.317
endpoint_ms,127.656
endpoint_ms,137.991
endpoint_ms,145.915
endpoint_ms,125.340
endpoint_ms,165.545
endpoint_ms,164.570
endpoint_ms,149.741
endpoint_ms,166.951
endpoint_ms,152.004
endpoint_ms,114.191
endpoint_ms,128.435
endpoint_ms,144.498
endpoint_ms,134.568
endpoint_ms,125.190
endpoint_ms,155.739
endpoint_ms,177.397
endpoint_ms,231.035
endpoint_ms,156.538
endpoint_ms,161.663
endpoint_ms,200.428
endpoint_ms,164.596
endpoint_ms,165.174
endpoint_ms,154.438
endpoint_ms,174.490
endpoint_ms,185.338
endpoint_ms,204.650
endpoint_ms,161.038
endpoint_ms,155.360
endpoint_ms,144.883
endpoint_ms,115.886
endpoint_ms,97.887
endpoint_ms,108.498
endpoint_ms,86.045
endpoint_ms,105.713
endpoint_ms,124.140
endpoint_ms,120.685
endpoint_ms,63.191
endpoint_ms,150.609
endpoint_ms,143.130
endpoint_ms,174.051
endpoint_ms,208.998
endpoint_ms,187.026
endpoint_ms,189.368
endpoint_ms,199.528
endpoint_ms,221.216
endpoint_ms,172.514
endpoint_ms,181.899
endpoint_ms,213.287
endpoint_ms,142.423
endpoint_ms,219.042
endpoint_ms,150.081
endpoint_ms,226.772
endpoint_ms,159.697
endpoint_ms,243.657
endpoint_ms,235.137
endpoint_ms,228.276
endpoint_ms,122.441
endpoint_ms,235.179
endpoint_ms,241.556
endpoint_ms,225.554
endpoint_ms,125.550
endpoint_ms,106.620
endpoint_ms,203.811
endpoint_ms,222.643
endpoint_ms,126.327
endpoint_ms,197.656
endpoint_ms,220.582
endpoint_ms,204.012
endpoint_ms,216.207
endpoint_ms,164.730
endpoint_ms,256.012
endpoint_ms,280.173
endpoint_ms,199.197
endpoint_ms,286.267
endpoint_ms,189.003
endpoint_ms,248.626
endpoint_ms,375.869
endpoint_ms,362.385
endpoint_ms,285.038
endpoint_ms,232.551
endpoint_ms,357.934
endpoint_ms,387.149
endpoint_ms,380.926
endpoint_ms,234.479
endpoint_ms,226.340
endpoint_ms,232.302
endpoint_ms,364.816
endpoint_ms,345.653
endpoint_ms,344.191
endpoint_ms,342.010
endpoint_ms,315.054
endpoint_ms,242.206
endpoint_ms,248.005
endpoint_ms,206.845
endpoint_ms,196.903
endpoint_ms,144.683
endpoint_ms,293.055
endpoint_ms,240.026
endpoint_ms,163.747
endpoint_ms,102.666
endpoint_ms,84.353
endpoint_ms,111.053
endpoint_ms,386.208
endpoint_ms,167.699
endpoint_ms,276.853
endpoint_ms,285.672
endpoint_ms,286.543
endpoint_ms,543.354
endpoint_ms,618.754
endpoint_ms,417.669
endpoint_ms,459.176
endpoint_ms,459.260
endpoint_ms,459.952
endpoint_ms,520.587
endpoint_ms,458.985
endpoint_ms,551.263
endpoint_ms,480.626
endpoint_ms,529.479
endpoint_ms,530.721
endpoint_ms,535.035
endpoint_ms,568.198
endpoint_ms,376.596
endpoint_ms,423.525
endpoint_ms,595.264
endpoint_ms,579.990
endpoint_ms,527.048
endpoint_ms,553.228
endpoint_ms,585.737
endpoint_ms,544.124
endpoint_ms,525.852
endpoint_ms,376.475
endpoint_ms,604.831
endpoint_ms,588.217
endpoint_ms,517.180
endpoint_ms,566.329
endpoint_ms,578.395
endpoint_ms,584.058
endpoint_ms,420.058
endpoint_ms,385.379
endpoint_ms,575.043
endpoint_ms,616.016
endpoint_ms,364.433
endpoint_ms,638.574
endpoint_ms,609.348
endpoint_ms,602.593
endpoint_ms,330.103
endpoint_ms,328.780
endpoint_ms,646.349
endpoint_ms,626.727
endpoint_ms,618.254
endpoint_ms,655.193
endpoint_ms,627.157
endpoint_ms,600.669
endpoint_ms,595.273
endpoint_ms,328.921
endpoint_ms,336.526
endpoint_ms,313.706
endpoint_ms,591.628
endpoint_ms,353.069
endpoint_ms,332.266
endpoint_ms,344.317
endpoint_ms,340.933
endpoint_ms,605.850
endpoint_ms,590.167
endpoint_ms,586.950
endpoint_ms,602.849
endpoint_ms,338.511
endpoint_ms,667.519
endpoint_ms,388.093
endpoint_ms,622.218
endpoint_ms,370.164
endpoint_ms,631.770
endpoint_ms,336.065
endpoint_ms,627.837
endpoint_ms,376.872
endpoint_ms,641.484
endpoint_ms,377.937
endpoint_ms,636.580
endpoint_ms,607.743
endpoint_ms,621.537
endpoint_ms,402.183
endpoint_ms,620.118
endpoint_ms,378.587
endpoint_ms,388.595
endpoint_ms,381.344
endpoint_ms,631.020
endpoint_ms,663.639
endpoint_ms,645.940
endpoint_ms,639.478
endpoint_ms,627.378
endpoint_ms,671.481
endpoint_ms,670.512
endpoint_ms,704.222
endpoint_ms,375.757
endpoint_ms,420.401
endpoint_ms,626.849
endpoint_ms,664.784
endpoint_ms,415.205
endpoint_ms,656.447
endpoint_ms,430.561
endpoint_ms,419.461
endpoint_ms,686.093
endpoint_ms,684.324
endpoint_ms,684.226
endpoint_ms,695.232
endpoint_ms,695.676
endpoint_ms,387.286
endpoint_ms,444.408
endpoint_ms,453.497
endpoint_ms,665.293
endpoint_ms,439.990
endpoint_ms,661.624
endpoint_ms,653.612
endpoint_ms,712.938
endpoint_ms,698.570
endpoint_ms,451.389
endpoint_ms,735.767
endpoint_ms,425.845
endpoint_ms,432.940
endpoint_ms,685.357
endpoint_ms,702.399
endpoint_ms,703.696
endpoint_ms,733.461
endpoint_ms,457.495
endpoint_ms,710.225
endpoint_ms,388.735
endpoint_ms,693.541
endpoint_ms,683.552
endpoint_ms,707.746
endpoint_ms,387.248
endpoint_ms,707.467
endpoint_ms,674.680
endpoint_ms,718.903
endpoint_ms,336.668
endpoint_ms,363.805
endpoint_ms,708.355
endpoint_ms,684.936
endpoint_ms,685.768
endpoint_ms,691.792
endpoint_ms,667.973
endpoint_ms,680.032
endpoint_ms,704.284
endpoint_ms,654.950
endpoint_ms,662.553
endpoint_ms,675.636
endpoint_ms,661.424
endpoint_ms,357.266
endpoint_ms,718.241
endpoint_ms,714.383
endpoint_ms,637.380
endpoint_ms,628.638
endpoint_ms,641.744
endpoint_ms,634.879
endpoint_ms,359.659
endpoint_ms,609.353
endpoint_ms,381.839
endpoint_ms,623.044
endpoint_ms,359.135
endpoint_ms,630.170
endpoint_ms,619.603
endpoint_ms,344.731
endpoint_ms,590.296
endpoint_ms,333.749
endpoint_ms,611.355
endpoint_ms,613.514
endpoint_ms,268.189
endpoint_ms,310.435
endpoint_ms,260.153
endpoint_ms,529.706
endpoint_ms,604.366
endpoint_ms,518.526
endpoint_ms,508.435
endpoint_ms,482.253
endpoint_ms,437.152
endpoint_ms,485.900
endpoint_ms,438.274
endpoint_ms,443.801
endpoint_ms,458.714
endpoint_ms,457.702
endpoint_ms,240.818
endpoint_ms,464.033
endpoint_ms,473.215
endpoint_ms,393.867
endpoint_ms,447.612
endpoint_ms,444.436
endpoint_ms,251.198
endpoint_ms,453.752
endpoint_ms,237.874
endpoint_ms,242.589
endpoint_ms,270.682
endpoint_ms,388.545
endpoint_ms,384.486
endpoint_ms,240.598
endpoint_ms,424.455
endpoint_ms,403.617
endpoint_ms,419.517
endpoint_ms,430.348
endpoint_ms,401.495
endpoint_ms,465.437
endpoint_ms,445.836
endpoint_ms,457.681
endpoint_ms,442.876
endpoint_ms,444.441
endpoint_ms,455.769
endpoint_ms,438.107
endpoint_ms,254.128
endpoint_ms,445.256
endpoint_ms,453.545
endpoint_ms,285.323
endpoint_ms,249.356
endpoint_ms,468.003
endpoint_ms,428.904
endpoint_ms,474.229
endpoint_ms,351.158
endpoint_ms,508.552
endpoint_ms,533.423
endpoint_ms,518.070
endpoint_ms,534.884
endpoint_ms,362.610
endpoint_ms,534.313
endpoint_ms,547.465
endpoint_ms,550.034
endpoint_ms,569.466
endpoint_ms,583.668
endpoint_ms,373.735
endpoint_ms,414.972
endpoint_ms,538.765
endpoint_ms,586.905
endpoint_ms,600.987
endpoint_ms,591.469
endpoint_ms,339.757
endpoint_ms,589.846
endpoint_ms,376.078
endpoint_ms,647.970
endpoint_ms,666.542
endpoint_ms,691.031
endpoint_ms,438.922
endpoint_ms,645.661
endpoint_ms,658.985
endpoint_ms,680.423
endpoint_ms,662.888
endpoint_ms,402.367
endpoint_ms,686.495
endpoint_ms,696.108
endpoint_ms,425.950
endpoint_ms,729.632
endpoint_ms,429.756
endpoint_ms,456.311
endpoint_ms,699.472
endpoint_ms,752.718
endpoint_ms,732.053
endpoint_ms,747.689
endpoint_ms,778.027
endpoint_ms,732.068
endpoint_ms,430.850
endpoint_ms,432.047
endpoint_ms,747.639
endpoint_ms,458.538
endpoint_ms,757.093
endpoint_ms,792.575
endpoint_ms,485.347
endpoint_ms,522.976
endpoint_ms,803.525
endpoint_ms,847.542
endpoint_ms,823.202
endpoint_ms,813.773
endpoint_ms,848.673
endpoint_ms,865.333
endpoint_ms,656.994
endpoint_ms,628.185
endpoint_ms,642.205
endpoint_ms,1039.266
endpoint_ms,1043.575
endpoint_ms,1067.883
endpoint_ms,1045.739
endpoint_ms,749.534
endpoint_ms,1141.201
endpoint_ms,781.668
endpoint_ms,1189.102
endpoint_ms,1233.314
endpoint_ms,1235.729
endpoint_ms,1170.090
endpoint_ms,1231.255
endpoint_ms,1297.481
endpoint_ms,1188.147
endpoint_ms,851.884
endpoint_ms,1192.601
endpoint_ms,1217.490
endpoint_ms,843.260
endpoint_ms,1204.984
endpoint_ms,1248.374
endpoint_ms,830.021
endpoint_ms,1228.295
endpoint_ms,657.147
endpoint_ms,684.080
endpoint_ms,659.385
endpoint_ms,661.420
endpoint_ms,1251.540
endpoint_ms,620.240
endpoint_ms,1243.731
endpoint_ms,614.205
endpoint_ms,592.204
endpoint_ms,580.209
endpoint_ms,1223.975
endpoint_ms,603.624
endpoint_ms,1245.090
endpoint_ms,1228.971
endpoint_ms,595.570
endpoint_ms,1236.449
endpoint_ms,1207.245
endpoint_ms,494.991
endpoint_ms,507.307
endpoint_ms,1188.757
endpoint_ms,1206.804
endpoint_ms,1203.785
endpoint_ms,1217.972
endpoint_ms,1233.488
endpoint_ms,476.113
endpoint_ms,531.743
endpoint_ms,457.490
endpoint_ms,1200.203
endpoint_ms,1138.204
endpoint_ms,1177.887
endpoint_ms,480.256
endpoint_ms,1178.264
endpoint_ms,1176.586
endpoint_ms,1146.897
endpoint_ms,1175.582
endpoint_ms,1182.154
endpoint_ms,1178.111
endpoint_ms,985.255
endpoint_ms,1028.474
endpoint_ms,1004.361
endpoint_ms,1001.067
endpoint_ms,922.436
endpoint_ms,537.641
endpoint_ms,909.255
endpoint_ms,425.467
endpoint_ms,823.893
endpoint_ms,825.151
endpoint_ms,736.044
endpoint_ms,742.037
endpoint_ms,841.145
endpoint_ms,671.802
endpoint_ms,674.389
endpoint_ms,462.432
endpoint_ms,673.425
endpoint_ms,670.260
endpoint_ms,654.136
endpoint_ms,640.610
endpoint_ms,373.966
endpoint_ms,611.952
endpoint_ms,334.233
endpoint_ms,629.169
endpoint_ms,626.064
endpoint_ms,633.741
endpoint_ms,601.377
endpoint_ms,581.298
endpoint_ms,602.418
endpoint_ms,555.758
endpoint_ms,546.301
endpoint_ms,292.951
endpoint_ms,528.584
endpoint_ms,535.494
endpoint_ms,257.685
endpoint_ms,502.544
endpoint_ms,438.275
endpoint_ms,272.853
endpoint_ms,483.005
endpoint_ms,483.991
endpoint_ms,225.455
endpoint_ms,488.584
endpoint_ms,426.186
endpoint_ms,219.840
endpoint_ms,445.771
endpoint_ms,401.575
endpoint_ms,413.493
endpoint_ms,500.925
endpoint_ms,513.548
endpoint_ms,308.574
endpoint_ms,226.067
endpoint_ms,172.620
endpoint_ms,445.587
endpoint_ms,502.486
endpoint_ms,428.247
endpoint_ms,398.665
endpoint_ms,365.364
endpoint_ms,175.188
endpoint_ms,260.102
endpoint_ms,387.078
endpoint_ms,253.305
endpoint_ms,332.761
endpoint_ms,254.326
endpoint_ms,192.619
endpoint_ms,285.699
endpoint_ms,320.815
endpoint_ms,307.951
endpoint_ms,230.121
endpoint_ms,324.695
endpoint_ms,207.272
endpoint_ms,323.372
endpoint_ms,302.006
endpoint_ms,248.271
endpoint_ms,302.516
endpoint_ms,284.208
endpoint_ms,218.644
endpoint_ms,173.949
endpoint_ms,186.397
endpoint_ms,170.003
endpoint_ms,156.353
endpoint_ms,126.772
endpoint_ms,99.412
endpoint_ms,127.299
endpoint_ms,51.991
endpoint_ms,39.557
endpoint_ms,30.730
endpoint_ms,255.455
endpoint_ms,263.464
endpoint_ms,283.627
endpoint_ms,36.155
endpoint_ms,8.696
endpoint_ms,355.433
endpoint_ms,248.428
endpoint_ms,336.311
endpoint_ms,31.009
endpoint_ms,16.898
endpoint_ms,18.117
endpoint_ms,24.558
endpoint_ms,16.564
endpoint_ms,26.161
endpoint_ms,243.997
endpoint_ms,24.782
endpoint_ms,19.383
endpoint_ms,256.187
endpoint_ms,335.346
endpoint_ms,36.820
endpoint_ms,19.371
endpoint_ms,15.453
endpoint_ms,397.312
endpoint_ms,39.971
endpoint_ms,47.635
endpoint_ms,16.791
endpoint_ms,27.987
endpoint_ms,24.690
endpoint_ms,14.890
endpoint_ms,29.764
endpoint_ms,446.312
endpoint_ms,14.941
endpoint_ms,57.259
endpoint_ms,457.205
endpoint_ms,69.686
endpoint_ms,71.236
endpoint_ms,69.836
endpoint_ms,451.929
endpoint_ms,53.609
endpoint_ms,51.939
endpoint_ms,456.293
endpoint_ms,12.527
endpoint_ms,406.252
endpoint_ms,460.133
endpoint_ms,448.921
endpoint_ms,23.078
endpoint_ms,14.635
endpoint_ms,363.292
endpoint_ms,86.712
endpoint_ms,103.161
endpoint_ms,106.460
endpoint_ms,137.311
endpoint_ms,108.649
endpoint_ms,110.707
endpoint_ms,94.290
endpoint_ms,52.278
endpoint_ms,132.645
endpoint_ms,65.571
endpoint_ms,58.862
endpoint_ms,23.107
endpoint_ms,69.746
endpoint_ms,97.469
endpoint_ms,65.503
endpoint_ms,55.417
endpoint_ms,50.234
endpoint_ms,24.972
endpoint_ms,14.151
endpoint_ms,24.680
endpoint_ms,11.679
endpoint_ms,11.000
endpoint_ms,8.418
endpoint_ms,358.770
endpoint_ms,12.082
endpoint_ms,15.238
endpoint_ms,405.258
endpoint_ms,36.791
endpoint_ms,45.597
endpoint_ms,42.139
endpoint_ms,20.439
endpoint_ms,72.103
endpoint_ms,72.211
endpoint_ms,74.627
endpoint_ms,70.835
endpoint_ms,49.516
endpoint_ms,53.660
endpoint_ms,49.723
endpoint_ms,27.810
endpoint_ms,538.134
endpoint_ms,493.160
endpoint_ms,531.203
endpoint_ms,62.442
endpoint_ms,431.735
endpoint_ms,446.576
endpoint_ms,68.628
endpoint_ms,65.382
endpoint_ms,59.450
endpoint_ms,73.386
endpoint_ms,558.045
endpoint_ms,441.378
endpoint_ms,45.733
endpoint_ms,50.274
endpoint_ms,24.062
endpoint_ms,33.233
endpoint_ms,39.335
endpoint_ms,27.146
endpoint_ms,24.576
endpoint_ms,429.894
endpoint_ms,17.271
endpoint_ms,13.719
endpoint_ms,460.995
endpoint_ms,14.961
endpoint_ms,19.765
endpoint_ms,16.677
endpoint_ms,35.846
endpoint_ms,43.265
endpoint_ms,44.568
endpoint_ms,36.615
endpoint_ms,14.200
endpoint_ms,9.414
endpoint_ms,608.290
endpoint_ms,16.568
endpoint_ms,11.546
endpoint_ms,55.721
endpoint_ms,44.111
endpoint_ms,605.909
endpoint_ms,623.609
endpoint_ms,608.059
endpoint_ms,13.951
endpoint_ms,618.898
endpoint_ms,592.494
endpoint_ms,48.426
endpoint_ms,55.201
endpoint_ms,44.915
endpoint_ms,12.274
endpoint_ms,552.226
endpoint_ms,539.383
endpoint_ms,41.060
endpoint_ms,16.924
endpoint_ms,16.588
endpoint_ms,12.795
endpoint_ms,10.147
endpoint_ms,8.284
endpoint_ms,652.787
endpoint_ms,570.150
endpoint_ms,545.667
endpoint_ms,524.096
endpoint_ms,24.392
endpoint_ms,11.614
endpoint_ms,21.524
endpoint_ms,543.089
endpoint_ms,28.216
endpoint_ms,37.065
endpoint_ms,11.520
endpoint_ms,9.842
endpoint_ms,514.595
endpoint_ms,497.552
endpoint_ms,57.224
endpoint_ms,52.258
endpoint_ms,11.244
endpoint_ms,517.290
endpoint_ms,101.250
endpoint_ms,297.323
endpoint_ms,78.933
endpoint_ms,80.977
endpoint_ms,76.785
endpoint_ms,76.233
endpoint_ms,74.264
endpoint_ms,174.267
endpoint_ms,71.515
endpoint_ms,52.908
endpoint_ms,44.665
endpoint_ms,25.351
endpoint_ms,167.085
endpoint_ms,167.563
endpoint_ms,15.021
endpoint_ms,165.459
endpoint_ms,141.849
endpoint_ms,36.442
endpoint_ms,48.585
endpoint_ms,31.836
endpoint_ms,9.465
endpoint_ms,14.141
endpoint_ms,23.811
endpoint_ms,24.237
endpoint_ms,239.568
endpoint_ms,17.883
endpoint_ms,12.993
endpoint_ms,20.995
endpoint_ms,14.249
endpoint_ms,12.411
endpoint_ms,374.771
endpoint_ms,352.153
endpoint_ms,40.720
endpoint_ms,35.921
endpoint_ms,14.691
endpoint_ms,286.838
endpoint_ms,272.764
endpoint_ms,37.668
endpoint_ms,42.010
endpoint_ms,366.650
endpoint_ms,49.584
endpoint_ms,279.506
endpoint_ms,253.125
endpoint_ms,144.227
endpoint_ms,165.417
endpoint_ms,74.860
endpoint_ms,71.132
endpoint_ms,66.524
endpoint_ms,64.719
endpoint_ms,34.131
endpoint_ms,104.972
endpoint_ms,31.497
endpoint_ms,30.859
endpoint_ms,39.675
endpoint_ms,54.108
endpoint_ms,129.309
endpoint_ms,81.249
endpoint_ms,174.967
endpoint_ms,114.043
endpoint_ms,85.841
endpoint_ms,85.805
endpoint_ms,75.849
endpoint_ms,97.831
endpoint_ms,87.328
endpoint_ms,91.807
endpoint_ms,103.133
endpoint_ms,64.215
endpoint_ms,96.775
endpoint_ms,53.011
endpoint_ms,53.743
endpoint_ms,51.005
endpoint_ms,51.863
endpoint_ms,46.384
endpoint_ms,45.493
endpoint_ms,46.440
endpoint_ms,42.626
endpoint_ms,41.148
endpoint_ms,14.273
endpoint_ms,16.781
endpoint_ms,16.942
endpoint_ms,15.742
endpoint_ms,21.825
endpoint_ms,18.616
endpoint_ms,12.111
endpoint_ms,18.727
endpoint_ms,16.793
endpoint_ms,16.455
endpoint_ms,21.889
endpoint_ms,18.660
endpoint_ms,10.925
endpoint_ms,10.953
endpoint_ms,31.664
endpoint_ms,11.696
endpoint_ms,14.224
endpoint_ms,76.369
endpoint_ms,89.057
endpoint_ms,97.136
endpoint_ms,59.078
endpoint_ms,96.967
endpoint_ms,47.910
endpoint_ms,47.617
endpoint_ms,40.812
endpoint_ms,41.631
endpoint_ms,27.839
endpoint_ms,24.636
endpoint_ms,33.729
endpoint_ms,13.564
endpoint_ms,14.690
endpoint_ms,29.295
endpoint_ms,94.456
endpoint_ms,68.594
endpoint_ms,26.795
endpoint_ms,10.202
endpoint_ms,70.421
endpoint_ms,69.220
endpoint_ms,87.516
endpoint_ms,46.893
endpoint_ms,39.653
endpoint_ms,37.435
endpoint_ms,12.961
endpoint_ms,70.673
endpoint_ms,96.304
endpoint_ms,92.651
endpoint_ms,58.926
endpoint_ms,56.171
endpoint_ms,86.298
endpoint_ms,83.883
endpoint_ms,84.919
endpoint_ms,76.989
endpoint_ms,64.016
endpoint_ms,79.184
endpoint_ms,76.903
endpoint_ms,66.494
endpoint_ms,20.871
endpoint_ms,22.482
endpoint_ms,24.188
endpoint_ms,25.791
endpoint_ms,16.428
endpoint_ms,123.628
endpoint_ms,18.312
endpoint_ms,13.847
endpoint_ms,11.361
endpoint_ms,130.562
endpoint_ms,84.867
endpoint_ms,28.954
endpoint_ms,23.949
endpoint_ms,10.694
endpoint_ms,115.023
endpoint_ms,125.863
endpoint_ms,44.043
endpoint_ms,107.115
endpoint_ms,51.572
endpoint_ms,21.861
endpoint_ms,123.010
endpoint_ms,18.492
endpoint_ms,169.343
endpoint_ms,154.058
endpoint_ms,18.740
endpoint_ms,11.070
endpoint_ms,170.466
endpoint_ms,73.590
endpoint_ms,198.769
endpoint_ms,75.610
endpoint_ms,52.369
endpoint_ms,50.242
endpoint_ms,51.713
endpoint_ms,9.458
endpoint_ms,135.329
endpoint_ms,52.469
endpoint_ms,44.727
endpoint_ms,34.012
endpoint_ms,59.302
endpoint_ms,31.247
endpoint_ms,12.744
endpoint_ms,320.429
endpoint_ms,23.542
endpoint_ms,30.860
endpoint_ms,19.325
endpoint_ms,371.288
endpoint_ms,377.619
endpoint_ms,334.085
endpoint_ms,357.709
endpoint_ms,43.015
endpoint_ms,395.402
endpoint_ms,371.363
endpoint_ms,283.742
endpoint_ms,405.807
endpoint_ms,40.954
endpoint_ms,34.873
endpoint_ms,344.093
endpoint_ms,404.802
endpoint_ms,342.892
endpoint_ms,42.908
endpoint_ms,29.994
endpoint_ms,29.065
endpoint_ms,11.920
endpoint_ms,264.152
endpoint_ms,38.303
endpoint_ms,65.787
endpoint_ms,27.374
endpoint_ms,53.880
endpoint_ms,49.968
endpoint_ms,22.073
endpoint_ms,13.490
endpoint_ms,342.576
endpoint_ms,347.732
endpoint_ms,390.085
endpoint_ms,293.810
endpoint_ms,66.027
endpoint_ms,61.911
endpoint_ms,73.462
endpoint_ms,57.244
endpoint_ms,26.720
endpoint_ms,185.663
endpoint_ms,142.305
endpoint_ms,62.186
endpoint_ms,54.598
endpoint_ms,17.936
endpoint_ms,115.641
endpoint_ms,34.370
endpoint_ms,21.766
endpoint_ms,198.076
endpoint_ms,215.348
endpoint_ms,230.062
endpoint_ms,218.972
endpoint_ms,223.600
endpoint_ms,247.921
endpoint_ms,229.914
endpoint_ms,233.885
endpoint_ms,423.425
endpoint_ms,220.108
endpoint_ms,411.076
endpoint_ms,312.107
endpoint_ms,271.704
endpoint_ms,220.279
endpoint_ms,208.886
endpoint_ms,112.102
endpoint_ms,173.750
endpoint_ms,113.755
endpoint_ms,187.046
endpoint_ms,84.126
endpoint_ms,17.240
endpoint_ms,22.934
endpoint_ms,33.853
endpoint_ms,545.543
endpoint_ms,54.182
endpoint_ms,51.969
endpoint_ms,24.580
endpoint_ms,22.873
endpoint_ms,35.188
endpoint_ms,19.298
endpoint_ms,95.254
endpoint_ms,102.825
endpoint_ms,128.834
endpoint_ms,108.286
endpoint_ms,106.421
endpoint_ms,117.398
endpoint_ms,107.166
endpoint_ms,75.746
endpoint_ms,55.427
endpoint_ms,57.012
endpoint_ms,32.606
endpoint_ms,33.309
endpoint_ms,20.479
endpoint_ms,45.829
endpoint_ms,42.413
endpoint_ms,44.333
endpoint_ms,21.694
endpoint_ms,19.840
endpoint_ms,16.482
endpoint_ms,1176.452
endpoint_ms,1144.739
endpoint_ms,16.855
endpoint_ms,1136.821
endpoint_ms,1275.294
endpoint_ms,60.702
endpoint_ms,44.766
endpoint_ms,39.051
endpoint_ms,18.457
endpoint_ms,26.373
endpoint_ms,25.425
endpoint_ms,1281.470
endpoint_ms,1249.185
endpoint_ms,43.011
endpoint_ms,34.025
endpoint_ms,26.921
endpoint_ms,1414.639
endpoint_ms,1466.150
endpoint_ms,1257.345
endpoint_ms,1318.570
endpoint_ms,26.678
endpoint_ms,24.627
endpoint_ms,1261.155
endpoint_ms,1288.850
endpoint_ms,1231.531
endpoint_ms,41.273
endpoint_ms,1232.835
endpoint_ms,32.706
endpoint_ms,1255.881
endpoint_ms,1287.625
endpoint_ms,1260.823
endpoint_ms,1215.295
endpoint_ms,25.695
endpoint_ms,33.379
endpoint_ms,38.334
endpoint_ms,53.393
endpoint_ms,48.217
endpoint_ms,34.370
endpoint_ms,39.072
endpoint_ms,1390.527
endpoint_ms,1231.720
endpoint_ms,22.488
endpoint_ms,19.472
endpoint_ms,1456.499
endpoint_ms,26.443
endpoint_ms,23.134
endpoint_ms,39.778
endpoint_ms,46.806
endpoint_ms,37.220
endpoint_ms,46.049
endpoint_ms,48.108
endpoint_ms,49.541
endpoint_ms,42.950
endpoint_ms,1182.828
endpoint_ms,1210.822
endpoint_ms,944.335
endpoint_ms,962.950
endpoint_ms,349.688
endpoint_ms,352.642
endpoint_ms,377.143
endpoint_ms,1003.303
endpoint_ms,1066.220
endpoint_ms,299.154
endpoint_ms,306.976
endpoint_ms,286.973
endpoint_ms,445.372
endpoint_ms,332.191
endpoint_ms,313.386
endpoint_ms,333.265
endpoint_ms,889.123
endpoint_ms,310.474
endpoint_ms,299.640
endpoint_ms,1043.795
endpoint_ms,1093.038
endpoint_ms,264.242
endpoint_ms,251.457
endpoint_ms,217.173
endpoint_ms,192.827
endpoint_ms,249.796
endpoint_ms,1100.992
endpoint_ms,291.574
endpoint_ms,225.317
endpoint_ms,193.695
endpoint_ms,215.759
endpoint_ms,125.129
endpoint_ms,113.830
endpoint_ms,119.966
endpoint_ms,79.030
endpoint_ms,95.757
endpoint_ms,38.893
endpoint_ms,1039.281
endpoint_ms,1150.347
endpoint_ms,16.848
endpoint_ms,12.177
endpoint_ms,982.684
endpoint_ms,47.278
endpoint_ms,56.803
endpoint_ms,77.175
endpoint_ms,71.254
endpoint_ms,41.303
endpoint_ms,8.281
endpoint_ms,9.948
endpoint_ms,29.758
endpoint_ms,11.173
endpoint_ms,16.330
endpoint_ms,86.821
endpoint_ms,73.275
endpoint_ms,62.264
endpoint_ms,99.756
endpoint_ms,18.006
endpoint_ms,15.229
endpoint_ms,24.675
endpoint_ms,35.011
endpoint_ms,28.420
endpoint_ms,23.809
endpoint_ms,1752.760
endpoint_ms,1746.117
endpoint_ms,1678.011
endpoint_ms,119.475
endpoint_ms,126.191
endpoint_ms,117.534
endpoint_ms,132.276
endpoint_ms,132.070
endpoint_ms,113.689
endpoint_ms,1638.957
endpoint_ms,111.548
endpoint_ms,98.696
endpoint_ms,102.432
endpoint_ms,99.986
endpoint_ms,89.311
endpoint_ms,174.193
endpoint_ms,152.392
endpoint_ms,1712.194
endpoint_ms,136.725
endpoint_ms,159.972
endpoint_ms,89.019
endpoint_ms,94.160
endpoint_ms,139.834
endpoint_ms,22.901
endpoint_ms,1713.162
endpoint_ms,1630.398
endpoint_ms,1589.539
endpoint_ms,51.344
endpoint_ms,1651.294
endpoint_ms,63.438
endpoint_ms,77.923
endpoint_ms,1588.010
endpoint_ms,55.966
endpoint_ms,1657.130
endpoint_ms,63.919
endpoint_ms,23.709
endpoint_ms,17.178
endpoint_ms,1590.980
endpoint_ms,45.882
endpoint_ms,26.198
endpoint_ms,1738.183
endpoint_ms,1709.930
endpoint_ms,1653.177
endpoint_ms,1546.439
endpoint_ms,43.942
endpoint_ms,22.362
endpoint_ms,1654.415
endpoint_ms,1760.074
endpoint_ms,1627.581
endpoint_ms,1695.228
endpoint_ms,1675.468
endpoint_ms,1663.327
endpoint_ms,82.613
endpoint_ms,130.184
endpoint_ms,93.559
endpoint_ms,98.733
endpoint_ms,77.802
endpoint_ms,70.856
endpoint_ms,25.539
endpoint_ms,1691.931
endpoint_ms,1687.439
endpoint_ms,1629.665
endpoint_ms,88.931
endpoint_ms,110.948
endpoint_ms,107.144
endpoint_ms,1428.168
endpoint_ms,77.202
endpoint_ms,68.339
endpoint_ms,60.304
endpoint_ms,22.918
endpoint_ms,9.300
endpoint_ms,1546.227
endpoint_ms,16.260
endpoint_ms,11.853
endpoint_ms,16.533
endpoint_ms,37.488
endpoint_ms,23.948
endpoint_ms,1414.722
endpoint_ms,1443.167
endpoint_ms,24.364
endpoint_ms,25.115
endpoint_ms,23.827
endpoint_ms,1477.249
endpoint_ms,1366.356
endpoint_ms,1517.324
endpoint_ms,65.957
endpoint_ms,56.352
endpoint_ms,78.957
endpoint_ms,64.382
endpoint_ms,50.635
endpoint_ms,38.221
endpoint_ms,50.160
endpoint_ms,38.804
endpoint_ms,20.977
endpoint_ms,16.755
endpoint_ms,1602.531
endpoint_ms,55.469
endpoint_ms,71.036
endpoint_ms,66.485
endpoint_ms,58.219
endpoint_ms,1473.631
endpoint_ms,1509.826
endpoint_ms,1378.587
endpoint_ms,190.461
endpoint_ms,222.580
endpoint_ms,1431.866
endpoint_ms,231.949
endpoint_ms,1496.890
endpoint_ms,190.832
endpoint_ms,216.501
endpoint_ms,233.045
endpoint_ms,168.778
endpoint_ms,135.759
endpoint_ms,162.477
endpoint_ms,134.268
endpoint_ms,97.776
endpoint_ms,48.358
endpoint_ms,1488.910
endpoint_ms,1373.701
endpoint_ms,83.631
endpoint_ms,80.376
endpoint_ms,45.167
endpoint_ms,46.160
endpoint_ms,29.146
endpoint_ms,1462.845
endpoint_ms,26.034
endpoint_ms,22.199
endpoint_ms,50.887
endpoint_ms,49.505
endpoint_ms,52.975
endpoint_ms,44.453
endpoint_ms,26.377
endpoint_ms,24.307
endpoint_ms,1525.174
endpoint_ms,1582.981
endpoint_ms,1569.362
endpoint_ms,1622.082
endpoint_ms,66.842
endpoint_ms,59.373
endpoint_ms,1699.461
endpoint_ms,50.049
endpoint_ms,29.851
endpoint_ms,1561.329
endpoint_ms,1564.344
endpoint_ms,38.376
endpoint_ms,48.004
endpoint_ms,30.751
endpoint_ms,1686.952
endpoint_ms,27.176
endpoint_ms,22.483
endpoint_ms,19.044
endpoint_ms,39.691
endpoint_ms,1745.985
endpoint_ms,1649.263
endpoint_ms,55.325
endpoint_ms,48.276
endpoint_ms,41.019
endpoint_ms,31.234
endpoint_ms,21.494
endpoint_ms,1620.425
endpoint_ms,1676.561
endpoint_ms,1595.687
endpoint_ms,20.791
endpoint_ms,12.340
endpoint_ms,1656.719
endpoint_ms,30.714
endpoint_ms,1610.860
endpoint_ms,1700.159
endpoint_ms,1641.451
endpoint_ms,82.312
endpoint_ms,45.953
endpoint_ms,42.229
endpoint_ms,54.255
endpoint_ms,28.167
endpoint_ms,26.057
endpoint_ms,51.324
endpoint_ms,57.145
endpoint_ms,53.247
endpoint_ms,40.902
endpoint_ms,52.688
endpoint_ms,41.031
endpoint_ms,29.798
endpoint_ms,22.134
endpoint_ms,63.841
endpoint_ms,1631.349
endpoint_ms,48.339
endpoint_ms,53.851
endpoint_ms,24.381
endpoint_ms,20.233
endpoint_ms,1574.298
endpoint_ms,1563.689
endpoint_ms,1580.734
endpoint_ms,1589.369
endpoint_ms,1533.679
endpoint_ms,113.544
endpoint_ms,111.163
endpoint_ms,1556.663
endpoint_ms,167.414
endpoint_ms,197.765
endpoint_ms,1522.240
endpoint_ms,1493.389
endpoint_ms,226.882
endpoint_ms,187.087
endpoint_ms,1586.053
endpoint_ms,209.697
endpoint_ms,198.620
endpoint_ms,217.399
endpoint_ms,204.394
endpoint_ms,195.579
endpoint_ms,148.611
endpoint_ms,126.396
endpoint_ms,144.425
endpoint_ms,137.793
endpoint_ms,142.331
endpoint_ms,126.266
endpoint_ms,114.918
endpoint_ms,101.864
endpoint_ms,91.104
endpoint_ms,89.450
endpoint_ms,81.881
endpoint_ms,72.426
endpoint_ms,43.164
endpoint_ms,21.594
endpoint_ms,1515.560
endpoint_ms,1574.401
endpoint_ms,1432.643
endpoint_ms,42.375
endpoint_ms,1387.886
endpoint_ms,1478.192
endpoint_ms,48.363
endpoint_ms,46.205
endpoint_ms,58.930
endpoint_ms,37.221
endpoint_ms,1487.493
endpoint_ms,1458.366
endpoint_ms,1486.543
endpoint_ms,30.187
endpoint_ms,22.470
endpoint_ms,19.277
endpoint_ms,15.530
endpoint_ms,1424.183
endpoint_ms,62.895
endpoint_ms,23.252
endpoint_ms,1352.466
endpoint_ms,67.887
endpoint_ms,64.455
endpoint_ms,59.333
endpoint_ms,1321.277
endpoint_ms,72.471
endpoint_ms,80.554
endpoint_ms,86.750
endpoint_ms,80.710
endpoint_ms,62.670
endpoint_ms,64.275
endpoint_ms,60.796
endpoint_ms,48.672
endpoint_ms,35.485
endpoint_ms,26.501
endpoint_ms,22.327
endpoint_ms,19.889
endpoint_ms,12.453
endpoint_ms,34.847
endpoint_ms,46.488
endpoint_ms,38.454
endpoint_ms,1320.599
endpoint_ms,22.127
endpoint_ms,1390.392
endpoint_ms,1300.576
endpoint_ms,35.386
endpoint_ms,33.731
endpoint_ms,31.165
endpoint_ms,1352.337
endpoint_ms,1325.507
endpoint_ms,1409.785
endpoint_ms,1278.721
endpoint_ms,50.491
endpoint_ms,42.733
endpoint_ms,1245.480
endpoint_ms,1342.317
endpoint_ms,33.175
endpoint_ms,1150.206
endpoint_ms,34.039
endpoint_ms,12.333
endpoint_ms,1159.381
endpoint_ms,1254.555
endpoint_ms,30.132
endpoint_ms,1176.190
endpoint_ms,39.677
endpoint_ms,27.546
endpoint_ms,22.553
endpoint_ms,20.928
endpoint_ms,22.011
endpoint_ms,29.614
endpoint_ms,16.985
endpoint_ms,11.267
endpoint_ms,17.310
endpoint_ms,1211.011
endpoint_ms,13.184
endpoint_ms,1238.834
endpoint_ms,10.942
endpoint_ms,11.900
endpoint_ms,9.754
endpoint_ms,1295.295
endpoint_ms,1317.374
endpoint_ms,1250.574
endpoint_ms,1214.379
endpoint_ms,43.532
endpoint_ms,31.746
endpoint_ms,1152.675
endpoint_ms,40.879
endpoint_ms,18.777
endpoint_ms,18.028
endpoint_ms,12.212
endpoint_ms,47.890
endpoint_ms,44.345
endpoint_ms,48.330
endpoint_ms,27.466
endpoint_ms,22.956
endpoint_ms,1155.001
endpoint_ms,1382.440
endpoint_ms,20.527
endpoint_ms,12.982
endpoint_ms,1247.952
endpoint_ms,1174.372
endpoint_ms,26.841
endpoint_ms,15.726
endpoint_ms,14.876
endpoint_ms,16.605
endpoint_ms,19.246
endpoint_ms,14.326
endpoint_ms,1272.122
endpoint_ms,1249.584
endpoint_ms,27.887
endpoint_ms,34.809
endpoint_ms,1298.989
endpoint_ms,35.258
endpoint_ms,23.119
endpoint_ms,1269.723
endpoint_ms,1210.480
endpoint_ms,1268.683
endpoint_ms,9.623
endpoint_ms,1224.437
endpoint_ms,1144.851
endpoint_ms,1234.944
endpoint_ms,105.258
endpoint_ms,121.186
endpoint_ms,100.524
endpoint_ms,80.026
endpoint_ms,82.732
endpoint_ms,69.745
endpoint_ms,61.701
endpoint_ms,53.067
endpoint_ms,38.253
endpoint_ms,20.000
endpoint_ms,15.542
endpoint_ms,1265.760
endpoint_ms,95.704
endpoint_ms,111.389
endpoint_ms,1419.042
endpoint_ms,118.098
endpoint_ms,133.199
endpoint_ms,124.613
endpoint_ms,135.739
endpoint_ms,120.467
endpoint_ms,109.803
endpoint_ms,55.810
endpoint_ms,51.891
endpoint_ms,47.854
endpoint_ms,1329.333
endpoint_ms,25.451
endpoint_ms,64.106
endpoint_ms,47.408
endpoint_ms,31.133
endpoint_ms,26.254
endpoint_ms,80.844
endpoint_ms,86.314
endpoint_ms,97.060
endpoint_ms,75.467
endpoint_ms,1399.192
endpoint_ms,1527.686
endpoint_ms,1348.704
endpoint_ms,1373.406
endpoint_ms,95.095
endpoint_ms,100.734
endpoint_ms,1418.619
endpoint_ms,1545.811
endpoint_ms,103.818
endpoint_ms,109.835
endpoint_ms,112.138
endpoint_ms,99.181
endpoint_ms,1455.811
endpoint_ms,103.167
endpoint_ms,129.749
endpoint_ms,131.784
endpoint_ms,139.591
endpoint_ms,184.341
endpoint_ms,1555.669
endpoint_ms,203.513
endpoint_ms,201.259
endpoint_ms,160.839
endpoint_ms,152.365
endpoint_ms,209.942
endpoint_ms,1491.994
endpoint_ms,1592.758
endpoint_ms,1430.475
endpoint_ms,1465.464
endpoint_ms,251.304
endpoint_ms,266.008
endpoint_ms,225.010
endpoint_ms,242.686
endpoint_ms,1505.104
endpoint_ms,285.711
endpoint_ms,268.568
endpoint_ms,1586.856
endpoint_ms,304.565
endpoint_ms,1444.750
endpoint_ms,267.930
endpoint_ms,264.331
endpoint_ms,295.671
endpoint_ms,293.329
endpoint_ms,261.979
endpoint_ms,225.582
endpoint_ms,196.114
endpoint_ms,242.837
endpoint_ms,193.409
endpoint_ms,1521.225
endpoint_ms,155.821
endpoint_ms,1573.895
endpoint_ms,145.649
endpoint_ms,163.258
endpoint_ms,107.291
endpoint_ms,1463.636
endpoint_ms,140.454
endpoint_ms,88.641
endpoint_ms,1613.638
endpoint_ms,96.855
endpoint_ms,1609.730
endpoint_ms,1544.617
endpoint_ms,19.824
endpoint_ms,1447.983
endpoint_ms,1444.876
endpoint_ms,86.112
endpoint_ms,59.127
endpoint_ms,33.087
endpoint_ms,30.364
endpoint_ms,46.715
endpoint_ms,49.209
endpoint_ms,1490.836
endpoint_ms,1503.990
endpoint_ms,1420.879
endpoint_ms,112.175
endpoint_ms,104.285
endpoint_ms,93.662
endpoint_ms,1564.502
endpoint_ms,1621.342
endpoint_ms,69.932
endpoint_ms,93.338
endpoint_ms,85.459
endpoint_ms,94.047
endpoint_ms,111.814
endpoint_ms,1373.669
endpoint_ms,1450.512
endpoint_ms,1444.849
endpoint_ms,133.264
endpoint_ms,134.422
endpoint_ms,129.238
endpoint_ms,103.778
endpoint_ms,1549.177
endpoint_ms,44.076
endpoint_ms,54.721
endpoint_ms,17.137
endpoint_ms,39.996
endpoint_ms,19.520
endpoint_ms,9.321
endpoint_ms,1492.010
endpoint_ms,1389.030
endpoint_ms,1382.743
endpoint_ms,56.417
endpoint_ms,55.415
endpoint_ms,38.479
endpoint_ms,28.650
endpoint_ms,13.061
endpoint_ms,26.170
endpoint_ms,27.588
endpoint_ms,47.121
endpoint_ms,81.667
endpoint_ms,86.557
endpoint_ms,1683.463
endpoint_ms,1693.301
endpoint_ms,93.606
endpoint_ms,111.832
endpoint_ms,70.309
endpoint_ms,96.145
endpoint_ms,82.471
endpoint_ms,78.747
endpoint_ms,59.349
endpoint_ms,13.320
endpoint_ms,10.589
endpoint_ms,34.700
endpoint_ms,10.704
endpoint_ms,11.708
endpoint_ms,8.736
endpoint_ms,34.800
endpoint_ms,39.322
endpoint_ms,32.932
endpoint_ms,30.977
endpoint_ms,1887.854
endpoint_ms,152.036
endpoint_ms,48.285
endpoint_ms,46.257
endpoint_ms,52.605
endpoint_ms,41.861
endpoint_ms,33.852
endpoint_ms,27.851
endpoint_ms,32.893
endpoint_ms,2009.803
endpoint_ms,1958.822
endpoint_ms,66.114
endpoint_ms,66.807
endpoint_ms,62.944
endpoint_ms,58.281
endpoint_ms,35.016
endpoint_ms,1993.220
endpoint_ms,1963.365
endpoint_ms,2026.219
endpoint_ms,2025.274
endpoint_ms,1843.180
endpoint_ms,88.516
endpoint_ms,101.791
endpoint_ms,111.618
endpoint_ms,1830.223
endpoint_ms,130.584
endpoint_ms,1884.657
endpoint_ms,96.152
endpoint_ms,121.977
endpoint_ms,104.442
endpoint_ms,89.610
endpoint_ms,86.620
endpoint_ms,91.837
endpoint_ms,58.796
endpoint_ms,44.193
endpoint_ms,23.277
endpoint_ms,1885.866
endpoint_ms,1904.686
endpoint_ms,1871.706
endpoint_ms,56.894
endpoint_ms,1903.164
endpoint_ms,1963.740
endpoint_ms,45.649
endpoint_ms,116.716
endpoint_ms,131.960
endpoint_ms,131.521
endpoint_ms,111.712
endpoint_ms,74.290
endpoint_ms,92.831
endpoint_ms,89.668
endpoint_ms,86.941
endpoint_ms,81.476
endpoint_ms,65.528
endpoint_ms,48.402
endpoint_ms,20.656
endpoint_ms,28.996
endpoint_ms,14.637
endpoint_ms,1712.377
endpoint_ms,41.071
endpoint_ms,23.598
endpoint_ms,1970.020
endpoint_ms,1738.549
endpoint_ms,1860.454
endpoint_ms,57.876
endpoint_ms,58.833
endpoint_ms,59.702
endpoint_ms,59.035
endpoint_ms,59.091
endpoint_ms,60.587
endpoint_ms,53.387
endpoint_ms,1824.339
endpoint_ms,1930.547
endpoint_ms,1927.324
endpoint_ms,26.506
endpoint_ms,1955.948
endpoint_ms,39.515
endpoint_ms,39.276
endpoint_ms,37.126
endpoint_ms,23.368
endpoint_ms,11.684
endpoint_ms,1710.373
endpoint_ms,1802.086
endpoint_ms,1717.677
endpoint_ms,1705.459
endpoint_ms,61.493
endpoint_ms,52.427
endpoint_ms,28.046
endpoint_ms,1904.974
endpoint_ms,1768.361
endpoint_ms,11.293
endpoint_ms,35.404
endpoint_ms,48.246
endpoint_ms,36.479
endpoint_ms,22.812
endpoint_ms,28.071
endpoint_ms,25.126
endpoint_ms,28.635
endpoint_ms,12.858
endpoint_ms,23.477
endpoint_ms,1721.007
endpoint_ms,1904.613
endpoint_ms,1783.340
endpoint_ms,1802.105
endpoint_ms,49.619
endpoint_ms,10.373
endpoint_ms,9.152
endpoint_ms,43.231
endpoint_ms,60.901
endpoint_ms,55.504
endpoint_ms,52.188
endpoint_ms,41.275
endpoint_ms,33.301
endpoint_ms,24.317
endpoint_ms,1786.601
endpoint_ms,1915.193
endpoint_ms,44.172
endpoint_ms,20.478
endpoint_ms,16.603
endpoint_ms,12.315
endpoint_ms,1880.738
endpoint_ms,17.365
endpoint_ms,17.662
endpoint_ms,17.946
endpoint_ms,13.994
endpoint_ms,1879.766
endpoint_ms,1791.451
endpoint_ms,74.004
endpoint_ms,141.877
endpoint_ms,149.650
endpoint_ms,130.919
endpoint_ms,125.808
endpoint_ms,80.773
endpoint_ms,91.138
endpoint_ms,34.877
endpoint_ms,1840.541
endpoint_ms,43.306
endpoint_ms,1879.825
endpoint_ms,62.357
endpoint_ms,68.448
endpoint_ms,1793.487
endpoint_ms,1824.371
endpoint_ms,1804.052
endpoint_ms,124.912
endpoint_ms,126.335
endpoint_ms,114.230
endpoint_ms,137.492
endpoint_ms,88.190
endpoint_ms,110.204
endpoint_ms,89.429
endpoint_ms,1702.520
endpoint_ms,1732.658
endpoint_ms,88.332
endpoint_ms,89.695
endpoint_ms,110.946
endpoint_ms,130.187
endpoint_ms,137.169
endpoint_ms,143.972
endpoint_ms,133.929
endpoint_ms,136.415
endpoint_ms,1740.879
endpoint_ms,1704.509
endpoint_ms,1718.905
endpoint_ms,156.707
endpoint_ms,153.514
endpoint_ms,1692.515
endpoint_ms,1716.274
endpoint_ms,1767.534
endpoint_ms,167.138
endpoint_ms,148.458
endpoint_ms,124.131
endpoint_ms,128.110
endpoint_ms,1883.658
endpoint_ms,91.033
endpoint_ms,115.116
endpoint_ms,1674.067
endpoint_ms,64.693
endpoint_ms,1660.784
endpoint_ms,47.111
endpoint_ms,41.717
endpoint_ms,1687.122
endpoint_ms,1706.374
endpoint_ms,1668.100
endpoint_ms,1806.397
endpoint_ms,1679.136
endpoint_ms,92.752
endpoint_ms,81.612
endpoint_ms,41.080
endpoint_ms,1692.041
endpoint_ms,1658.322
endpoint_ms,17.495
endpoint_ms,17.800
endpoint_ms,1655.915
endpoint_ms,29.657
endpoint_ms,21.530
endpoint_ms,10.006
endpoint_ms,22.547
endpoint_ms,63.625
endpoint_ms,66.179
endpoint_ms,70.688
endpoint_ms,1719.613
endpoint_ms,76.846
endpoint_ms,69.563
endpoint_ms,32.089
endpoint_ms,1760.259
endpoint_ms,1787.531
endpoint_ms,55.378
endpoint_ms,43.348
endpoint_ms,41.365
endpoint_ms,37.581
endpoint_ms,1771.627
endpoint_ms,47.690
endpoint_ms,59.672
endpoint_ms,73.463
endpoint_ms,43.866
endpoint_ms,36.865
endpoint_ms,1800.216
endpoint_ms,1678.731
endpoint_ms,59.513
endpoint_ms,44.514
endpoint_ms,33.291
endpoint_ms,32.464
endpoint_ms,20.232
endpoint_ms,15.346
endpoint_ms,10.271
endpoint_ms,1699.740
endpoint_ms,29.784
endpoint_ms,26.574
endpoint_ms,10.281
endpoint_ms,1782.218
endpoint_ms,1790.953
endpoint_ms,1702.737
endpoint_ms,1732.526
endpoint_ms,69.337
endpoint_ms,87.441
endpoint_ms,98.517
endpoint_ms,115.384
endpoint_ms,39.494
endpoint_ms,1606.390
endpoint_ms,69.040
endpoint_ms,60.222
endpoint_ms,56.478
endpoint_ms,47.398
endpoint_ms,24.674
endpoint_ms,1680.151
endpoint_ms,1640.305
endpoint_ms,1599.971
endpoint_ms,21.716
endpoint_ms,15.904
endpoint_ms,1493.616
endpoint_ms,18.900
endpoint_ms,1522.607
endpoint_ms,1562.782
endpoint_ms,54.014
endpoint_ms,48.854
endpoint_ms,26.705
endpoint_ms,1565.290
endpoint_ms,22.897
endpoint_ms,1690.053
endpoint_ms,1481.782
endpoint_ms,1531.093
endpoint_ms,55.974
endpoint_ms,1466.841
endpoint_ms,1478.735
endpoint_ms,1387.174
endpoint_ms,75.724
endpoint_ms,69.495
endpoint_ms,1519.532
endpoint_ms,72.851
endpoint_ms,1432.678
endpoint_ms,86.650
endpoint_ms,40.992
endpoint_ms,1295.689
endpoint_ms,28.202
endpoint_ms,25.905
endpoint_ms,35.760
endpoint_ms,35.199
endpoint_ms,22.987
endpoint_ms,25.481
endpoint_ms,22.333
endpoint_ms,36.408
endpoint_ms,35.327
endpoint_ms,16.637
endpoint_ms,31.385
endpoint_ms,1406.872
endpoint_ms,1358.280
endpoint_ms,1325.347
endpoint_ms,1387.355
endpoint_ms,50.524
endpoint_ms,44.952
endpoint_ms,39.878
endpoint_ms,25.038
endpoint_ms,20.869
endpoint_ms,1476.912
endpoint_ms,23.396
endpoint_ms,29.465
endpoint_ms,30.027
endpoint_ms,25.843
endpoint_ms,1244.484
endpoint_ms,41.855
endpoint_ms,29.668
endpoint_ms,59.370
endpoint_ms,1344.723
endpoint_ms,1217.497
endpoint_ms,1334.386
endpoint_ms,26.024
endpoint_ms,1150.932
endpoint_ms,26.881
endpoint_ms,1181.574
endpoint_ms,1184.774
endpoint_ms,1136.478
endpoint_ms,94.236
endpoint_ms,86.240
endpoint_ms,1186.297
endpoint_ms,69.685
endpoint_ms,81.670
endpoint_ms,1066.545
endpoint_ms,1048.271
endpoint_ms,100.128
endpoint_ms,73.305
endpoint_ms,66.066
endpoint_ms,51.517
endpoint_ms,30.289
endpoint_ms,34.307
endpoint_ms,10.540
endpoint_ms,16.844
endpoint_ms,1265.611
endpoint_ms,1204.062
endpoint_ms,22.915
endpoint_ms,17.133
endpoint_ms,1248.633
endpoint_ms,1221.880
endpoint_ms,35.973
endpoint_ms,1356.972
endpoint_ms,1270.908
endpoint_ms,1266.400
endpoint_ms,59.475
endpoint_ms,38.808
endpoint_ms,22.912
endpoint_ms,13.847
endpoint_ms,1050.428
endpoint_ms,1044.856
endpoint_ms,1100.266
endpoint_ms,21.920
endpoint_ms,20.635
endpoint_ms,1048.778
endpoint_ms,1082.042
endpoint_ms,1047.412
endpoint_ms,45.328
endpoint_ms,1035.101
endpoint_ms,920.475
endpoint_ms,956.470
endpoint_ms,960.796
endpoint_ms,1033.741
endpoint_ms,992.290
endpoint_ms,1016.157
endpoint_ms,857.666
endpoint_ms,958.650
endpoint_ms,869.707
endpoint_ms,853.504
endpoint_ms,740.653
endpoint_ms,834.660
endpoint_ms,776.570
endpoint_ms,773.494
endpoint_ms,654.824
endpoint_ms,650.967
endpoint_ms,669.511
endpoint_ms,442.363
endpoint_ms,414.231
endpoint_ms,543.405
endpoint_ms,397.965
