total_processed_time,43
total_processed_time,28
total_processed_time,20
total_processed_time,21
total_processed_time,31
total_processed_time,21
total_processed_time,20
total_processed_time,24
total_processed_time,26
total_processed_time,23
total_processed_time,24
total_processed_time,23
total_processed_time,20
total_processed_time,22
total_processed_time,23
total_processed_time,28
total_processed_time,26
total_processed_time,23
total_processed_time,24
total_processed_time,21
total_processed_time,20
total_processed_time,18
total_processed_time,22
total_processed_time,21
total_processed_time,20
total_processed_time,21
total_processed_time,22
total_processed_time,23
total_processed_time,33
total_processed_time,39
total_processed_time,27
total_processed_time,26
total_processed_time,20
total_processed_time,32
total_processed_time,52
total_processed_time,25
total_processed_time,21
total_processed_time,28
total_processed_time,19
total_processed_time,29
total_processed_time,23
total_processed_time,24
total_processed_time,23
total_processed_time,23
total_processed_time,26
total_processed_time,20
total_processed_time,19
total_processed_time,21
total_processed_time,22
total_processed_time,23
total_processed_time,23
total_processed_time,23
total_processed_time,20
total_processed_time,27
total_processed_time,20
total_processed_time,22
total_processed_time,19
total_processed_time,24
total_processed_time,25
total_processed_time,37
total_processed_time,25
total_processed_time,22
total_processed_time,22
total_processed_time,21
total_processed_time,21
total_processed_time,22
total_processed_time,23
total_processed_time,19
total_processed_time,23
total_processed_time,24
total_processed_time,23
total_processed_time,20
total_processed_time,30
total_processed_time,21
total_processed_time,27
total_processed_time,22
total_processed_time,22
total_processed_time,22
total_processed_time,23
total_processed_time,22
total_processed_time,21
total_processed_time,21
total_processed_time,21
total_processed_time,21
total_processed_time,21
total_processed_time,20
total_processed_time,19
total_processed_time,22
total_processed_time,24
total_processed_time,21
total_processed_time,23
total_processed_time,20
total_processed_time,21
total_processed_time,20
total_processed_time,24
total_processed_time,21
total_processed_time,23
total_processed_time,22
total_processed_time,22
total_processed_time,21
total_processed_time,19
total_processed_time,27
total_processed_time,24
total_processed_time,19
total_processed_time,21
total_processed_time,19
total_processed_time,22
total_processed_time,20
total_processed_time,20
total_processed_time,22
total_processed_time,36
total_processed_time,30
total_processed_time,24
total_processed_time,22
total_processed_time,21
total_processed_time,20
total_processed_time,22
total_processed_time,23
total_processed_time,21
total_processed_time,20
total_processed_time,19
total_processed_time,21
total_processed_time,22
total_processed_time,19
total_processed_time,21
total_processed_time,24
total_processed_time,22
total_processed_time,23
total_processed_time,19
total_processed_time,22
total_processed_time,24
total_processed_time,22
total_processed_time,21
total_processed_time,20
total_processed_time,20
total_processed_time,25
total_processed_time,20
total_processed_time,23
total_processed_time,21
total_processed_time,23
total_processed_time,21
total_processed_time,19
total_processed_time,19
total_processed_time,21
total_processed_time,22
total_processed_time,21
total_processed_time,22
total_processed_time,21
total_processed_time,19
total_processed_time,37
total_processed_time,23
total_processed_time,18
total_processed_time,20
total_processed_time,20
total_processed_time,22
total_processed_time,21
total_processed_time,21
total_processed_time,21
total_processed_time,21
total_processed_time,29
total_processed_time,22
total_processed_time,21
total_processed_time,21
total_processed_time,23
total_processed_time,32
total_processed_time,19
total_processed_time,23
total_processed_time,20
total_processed_time,23
total_processed_time,23
total_processed_time,20
total_processed_time,22
total_processed_time,33
total_processed_time,21
total_processed_time,19
total_processed_time,25
total_processed_time,23
total_processed_time,21
total_processed_time,22
total_processed_time,21
total_processed_time,19
total_processed_time,19
total_processed_time,21
total_processed_time,24
total_processed_time,24
total_processed_time,22
total_processed_time,22
total_processed_time,30
total_processed_time,129
total_processed_time,45
total_processed_time,31
total_processed_time,20
total_processed_time,22
total_processed_time,22
total_processed_time,21
total_processed_time,20
total_processed_time,20
total_processed_time,22
total_processed_time,19
total_processed_time,19
total_processed_time,20
total_processed_time,21
total_processed_time,21
total_processed_time,23
total_processed_time,20
total_processed_time,20
total_processed_time,23
total_processed_time,22
total_processed_time,19
total_processed_time,21
total_processed_time,20
total_processed_time,20
total_processed_time,21
total_processed_time,21
total_processed_time,22
total_processed_time,22
total_processed_time,24
total_processed_time,20
total_processed_time,25
total_processed_time,23
total_processed_time,20
total_processed_time,23
total_processed_time,22
total_processed_time,22
total_processed_time,32
total_processed_time,20
total_processed_time,27
total_processed_time,23
total_processed_time,22
total_processed_time,21
total_processed_time,21
total_processed_time,24
total_processed_time,22
total_processed_time,20
total_processed_time,23
total_processed_time,22
total_processed_time,20
total_processed_time,22
total_processed_time,33
total_processed_time,20
total_processed_time,22
total_processed_time,22
total_processed_time,22
total_processed_time,22
total_processed_time,20
total_processed_time,20
total_processed_time,24
total_processed_time,21
total_processed_time,21
total_processed_time,20
total_processed_time,23
total_processed_time,21
total_processed_time,21
total_processed_time,23
total_processed_time,24
total_processed_time,19
total_processed_time,22
total_processed_time,22
total_processed_time,20
total_processed_time,22
total_processed_time,23
total_processed_time,26
total_processed_time,20
total_processed_time,21
total_processed_time,22
total_processed_time,21
total_processed_time,20
total_processed_time,22
total_processed_time,25
total_processed_time,23
total_processed_time,19
total_processed_time,20
total_processed_time,23
total_processed_time,22
total_processed_time,19
total_processed_time,23
total_processed_time,24
total_processed_time,22
total_processed_time,20
total_processed_time,21
total_processed_time,25
total_processed_time,19
total_processed_time,21
total_processed_time,20
total_processed_time,21
total_processed_time,19
total_processed_time,24
total_processed_time,23
total_processed_time,22
total_processed_time,23
total_processed_time,23
total_processed_time,20
total_processed_time,23
total_processed_time,20
total_processed_time,22
total_processed_time,22
total_processed_time,22
total_processed_time,23
total_processed_time,22
total_processed_time,22
total_processed_time,22
total_processed_time,22
total_processed_time,19
total_processed_time,20
total_processed_time,19
total_processed_time,23
total_processed_time,22
total_processed_time,25
total_processed_time,24
total_processed_time,22
total_processed_time,27
total_processed_time,19
total_processed_time,22
total_processed_time,21
total_processed_time,22
total_processed_time,23
total_processed_time,22
total_processed_time,21
total_processed_time,19
total_processed_time,23
total_processed_time,21
total_processed_time,22
total_processed_time,34
total_processed_time,20
total_processed_time,20
total_processed_time,22
total_processed_time,22
total_processed_time,23
total_processed_time,22
total_processed_time,35
total_processed_time,23
total_processed_time,21
total_processed_time,21
total_processed_time,23
total_processed_time,23
total_processed_time,26
total_processed_time,22
total_processed_time,22
total_processed_time,23
total_processed_time,28
total_processed_time,22
total_processed_time,31
total_processed_time,24
total_processed_time,19
total_processed_time,22
total_processed_time,22
total_processed_time,19
total_processed_time,24
total_processed_time,20
total_processed_time,23
total_processed_time,20
total_processed_time,22
total_processed_time,20
total_processed_time,22
total_processed_time,21
total_processed_time,19
total_processed_time,23
total_processed_time,25
total_processed_time,20
total_processed_time,24
total_processed_time,27
total_processed_time,28
total_processed_time,25
total_processed_time,22
total_processed_time,22
total_processed_time,20
total_processed_time,22
total_processed_time,25
total_processed_time,23
total_processed_time,35
total_processed_time,23
total_processed_time,24
total_processed_time,25
total_processed_time,22
total_processed_time,28
total_processed_time,19
total_processed_time,23
total_processed_time,29
total_processed_time,21
total_processed_time,21
total_processed_time,23
total_processed_time,29
total_processed_time,20
total_processed_time,22
total_processed_time,34
total_processed_time,20
total_processed_time,30
total_processed_time,27
total_processed_time,20
total_processed_time,19
total_processed_time,23
total_processed_time,20
total_processed_time,27
total_processed_time,22
total_processed_time,29
total_processed_time,28
total_processed_time,23
total_processed_time,23
total_processed_time,28
total_processed_time,22
total_processed_time,20
total_processed_time,30
total_processed_time,31
total_processed_time,22
total_processed_time,24
total_processed_time,21
total_processed_time,26
total_processed_time,21
total_processed_time,31
total_processed_time,22
total_processed_time,20
total_processed_time,22
total_processed_time,31
total_processed_time,26
total_processed_time,20
total_processed_time,29
total_processed_time,32
total_processed_time,37
total_processed_time,253
total_processed_time,375
total_processed_time,407
total_processed_time,115
total_processed_time,167
total_processed_time,181
total_processed_time,147
total_processed_time,198
total_processed_time,222
total_processed_time,67
total_processed_time,42
total_processed_time,31
total_processed_time,114
total_processed_time,64
total_processed_time,42
total_processed_time,85
total_processed_time,30
total_processed_time,47
total_processed_time,30
total_processed_time,28
total_processed_time,27
total_processed_time,23
total_processed_time,20
total_processed_time,23
total_processed_time,26
total_processed_time,20
total_processed_time,23
total_processed_time,22
total_processed_time,21
total_processed_time,20
total_processed_time,22
total_processed_time,22
total_processed_time,22
total_processed_time,22
total_processed_time,23
total_processed_time,19
total_processed_time,24
total_processed_time,20
total_processed_time,19
total_processed_time,22
total_processed_time,20
total_processed_time,30
total_processed_time,26
total_processed_time,22
total_processed_time,21
total_processed_time,21
total_processed_time,23
total_processed_time,22
total_processed_time,24
total_processed_time,22
total_processed_time,37
total_processed_time,53
total_processed_time,22
total_processed_time,21
total_processed_time,21
total_processed_time,24
total_processed_time,21
total_processed_time,19
total_processed_time,26
total_processed_time,23
total_processed_time,22
total_processed_time,23
total_processed_time,21
total_processed_time,24
total_processed_time,21
total_processed_time,22
total_processed_time,22
total_processed_time,24
total_processed_time,20
total_processed_time,26
total_processed_time,20
total_processed_time,20
total_processed_time,20
total_processed_time,20
total_processed_time,24
total_processed_time,22
total_processed_time,30
total_processed_time,22
total_processed_time,22
total_processed_time,31
total_processed_time,27
total_processed_time,19
total_processed_time,21
total_processed_time,21
total_processed_time,25
total_processed_time,22
total_processed_time,27
total_processed_time,23
total_processed_time,38
total_processed_time,20
total_processed_time,37
total_processed_time,28
total_processed_time,38
total_processed_time,21
total_processed_time,22
total_processed_time,23
total_processed_time,26
total_processed_time,23
total_processed_time,23
total_processed_time,25
total_processed_time,27
total_processed_time,19
total_processed_time,23
total_processed_time,20
total_processed_time,24
total_processed_time,19
total_processed_time,20
total_processed_time,27
total_processed_time,23
total_processed_time,21
total_processed_time,23
total_processed_time,30
total_processed_time,24
total_processed_time,22
total_processed_time,22
total_processed_time,22
total_processed_time,22
total_processed_time,22
total_processed_time,21
total_processed_time,21
total_processed_time,26
total_processed_time,21
total_processed_time,28
total_processed_time,31
total_processed_time,21
total_processed_time,32
total_processed_time,29
total_processed_time,20
total_processed_time,25
total_processed_time,20
total_processed_time,23
total_processed_time,24
total_processed_time,24
total_processed_time,26
total_processed_time,34
total_processed_time,41
total_processed_time,28
total_processed_time,91
total_processed_time,65
total_processed_time,101
total_processed_time,22
total_processed_time,63
total_processed_time,48
total_processed_time,36
total_processed_time,40
total_processed_time,38
total_processed_time,36
total_processed_time,38
total_processed_time,27
total_processed_time,26
total_processed_time,21
total_processed_time,25
total_processed_time,22
total_processed_time,20
total_processed_time,22
total_processed_time,22
total_processed_time,19
total_processed_time,21
total_processed_time,28
total_processed_time,20
total_processed_time,20
total_processed_time,22
total_processed_time,23
total_processed_time,22
total_processed_time,22
total_processed_time,22
total_processed_time,19
total_processed_time,23
total_processed_time,23
total_processed_time,22
total_processed_time,20
total_processed_time,19
total_processed_time,21
total_processed_time,24
total_processed_time,24
total_processed_time,20
total_processed_time,22
total_processed_time,20
total_processed_time,19
total_processed_time,21
total_processed_time,21
total_processed_time,25
total_processed_time,20
total_processed_time,22
total_processed_time,19
total_processed_time,22
total_processed_time,21
total_processed_time,23
total_processed_time,22
total_processed_time,20
total_processed_time,21
total_processed_time,20
total_processed_time,20
total_processed_time,19
total_processed_time,19
total_processed_time,20
total_processed_time,19
total_processed_time,21
total_processed_time,20
total_processed_time,610
total_processed_time,614
total_processed_time,627
total_processed_time,664
total_processed_time,646
total_processed_time,694
total_processed_time,693
total_processed_time,664
total_processed_time,615
total_processed_time,761
total_processed_time,511
total_processed_time,676
total_processed_time,735
total_processed_time,564
total_processed_time,725
total_processed_time,582
total_processed_time,658
total_processed_time,595
total_processed_time,890
total_processed_time,608
total_processed_time,846
total_processed_time,956
total_processed_time,718
total_processed_time,864
total_processed_time,743
total_processed_time,751
total_processed_time,750
total_processed_time,752
total_processed_time,857
total_processed_time,716
total_processed_time,722
total_processed_time,816
total_processed_time,824
total_processed_time,412
total_processed_time,519
total_processed_time,580
total_processed_time,835
total_processed_time,407
total_processed_time,750
total_processed_time,752
total_processed_time,416
total_processed_time,430
total_processed_time,454
total_processed_time,474
total_processed_time,845
total_processed_time,500
total_processed_time,488
total_processed_time,490
total_processed_time,723
total_processed_time,483
total_processed_time,502
total_processed_time,516
total_processed_time,511
total_processed_time,509
total_processed_time,155
total_processed_time,544
total_processed_time,357
total_processed_time,452
total_processed_time,578
total_processed_time,222
total_processed_time,323
total_processed_time,172
total_processed_time,597
total_processed_time,679
total_processed_time,629
total_processed_time,311
total_processed_time,24
total_processed_time,111
total_processed_time,306
total_processed_time,21
total_processed_time,20
total_processed_time,23
total_processed_time,23
total_processed_time,22
total_processed_time,22
total_processed_time,20
total_processed_time,20
total_processed_time,30
total_processed_time,22
total_processed_time,22
total_processed_time,22
total_processed_time,20
total_processed_time,22
total_processed_time,21
total_processed_time,23
total_processed_time,23
total_processed_time,21
total_processed_time,20
total_processed_time,19
total_processed_time,24
total_processed_time,24
total_processed_time,22
total_processed_time,23
total_processed_time,25
total_processed_time,21
total_processed_time,25
total_processed_time,22
total_processed_time,22
total_processed_time,27
total_processed_time,20
total_processed_time,24
total_processed_time,22
total_processed_time,19
total_processed_time,22
total_processed_time,21
total_processed_time,22
total_processed_time,22
total_processed_time,19
total_processed_time,21
total_processed_time,19
total_processed_time,19
total_processed_time,19
total_processed_time,22
total_processed_time,21
total_processed_time,22
total_processed_time,20
total_processed_time,22
total_processed_time,21
total_processed_time,23
total_processed_time,23
total_processed_time,21
total_processed_time,22
total_processed_time,20
total_processed_time,22
total_processed_time,19
total_processed_time,20
total_processed_time,22
total_processed_time,19
total_processed_time,19
total_processed_time,21
total_processed_time,20
total_processed_time,20
total_processed_time,22
total_processed_time,28
total_processed_time,41
total_processed_time,20
total_processed_time,21
total_processed_time,20
total_processed_time,23
total_processed_time,22
total_processed_time,21
total_processed_time,22
total_processed_time,23
total_processed_time,20
total_processed_time,21
total_processed_time,21
total_processed_time,22
total_processed_time,31
total_processed_time,20
total_processed_time,22
total_processed_time,19
total_processed_time,26
total_processed_time,22
total_processed_time,23
total_processed_time,23
total_processed_time,20
total_processed_time,22
total_processed_time,22
total_processed_time,20
total_processed_time,23
total_processed_time,22
total_processed_time,20
total_processed_time,21
total_processed_time,19
total_processed_time,21
total_processed_time,23
total_processed_time,23
total_processed_time,21
total_processed_time,22
total_processed_time,21
total_processed_time,22
total_processed_time,21
total_processed_time,34
total_processed_time,22
total_processed_time,22
total_processed_time,22
total_processed_time,23
total_processed_time,20
total_processed_time,21
total_processed_time,23
total_processed_time,24
total_processed_time,22
total_processed_time,21
total_processed_time,23
total_processed_time,20
total_processed_time,22
total_processed_time,21
total_processed_time,23
total_processed_time,19
total_processed_time,22
total_processed_time,19
total_processed_time,21
total_processed_time,23
total_processed_time,21
total_processed_time,19
total_processed_time,23
total_processed_time,22
total_processed_time,23
total_processed_time,24
total_processed_time,19
total_processed_time,20
total_processed_time,23
total_processed_time,20
total_processed_time,23
total_processed_time,22
total_processed_time,49
total_processed_time,69
total_processed_time,24
total_processed_time,22
total_processed_time,23
total_processed_time,19
total_processed_time,22
total_processed_time,20
total_processed_time,20
total_processed_time,23
total_processed_time,24
total_processed_time,62
total_processed_time,23
total_processed_time,20
total_processed_time,21
total_processed_time,18
total_processed_time,21
total_processed_time,22
total_processed_time,23
total_processed_time,21
total_processed_time,24
total_processed_time,22
total_processed_time,20
total_processed_time,19
total_processed_time,21
total_processed_time,24
total_processed_time,22
total_processed_time,19
total_processed_time,22
total_processed_time,42
total_processed_time,19
total_processed_time,20
total_processed_time,22
total_processed_time,20
total_processed_time,23
total_processed_time,19
total_processed_time,21
total_processed_time,23
total_processed_time,21
total_processed_time,25
total_processed_time,21
total_processed_time,21
total_processed_time,21
total_processed_time,23
total_processed_time,19
total_processed_time,21
total_processed_time,22
total_processed_time,25
total_processed_time,23
total_processed_time,30
total_processed_time,24
total_processed_time,22
total_processed_time,20
total_processed_time,22
total_processed_time,19
total_processed_time,23
total_processed_time,22
total_processed_time,23
total_processed_time,19
total_processed_time,25
total_processed_time,22
total_processed_time,22
total_processed_time,21
total_processed_time,20
total_processed_time,18
total_processed_time,19
total_processed_time,22
total_processed_time,30
total_processed_time,21
total_processed_time,25
total_processed_time,22
total_processed_time,19
total_processed_time,22
total_processed_time,29
total_processed_time,22
total_processed_time,19
total_processed_time,22
total_processed_time,22
total_processed_time,19
total_processed_time,21
total_processed_time,19
total_processed_time,24
total_processed_time,22
total_processed_time,19
total_processed_time,24
total_processed_time,21
total_processed_time,19
total_processed_time,22
total_processed_time,21
total_processed_time,22
total_processed_time,23
total_processed_time,20
total_processed_time,21
total_processed_time,20
total_processed_time,22
total_processed_time,21
total_processed_time,19
total_processed_time,21
total_processed_time,23
total_processed_time,19
total_processed_time,23
total_processed_time,23
total_processed_time,21
total_processed_time,20
total_processed_time,21
total_processed_time,20
total_processed_time,22
total_processed_time,23
total_processed_time,23
total_processed_time,20
total_processed_time,23
total_processed_time,22
total_processed_time,19
total_processed_time,21
total_processed_time,23
total_processed_time,19
total_processed_time,22
total_processed_time,36
total_processed_time,20
total_processed_time,18
total_processed_time,24
total_processed_time,24
total_processed_time,19
total_processed_time,18
total_processed_time,23
total_processed_time,19
total_processed_time,22
total_processed_time,22
total_processed_time,21
total_processed_time,22
total_processed_time,19
total_processed_time,22
total_processed_time,21
total_processed_time,19
total_processed_time,19
total_processed_time,21
total_processed_time,21
total_processed_time,19
total_processed_time,22
total_processed_time,19
total_processed_time,21
total_processed_time,21
total_processed_time,19
total_processed_time,29
total_processed_time,34
total_processed_time,23
total_processed_time,22
total_processed_time,20
total_processed_time,21
total_processed_time,22
total_processed_time,21
total_processed_time,21
total_processed_time,21
total_processed_time,21
total_processed_time,21
total_processed_time,22
total_processed_time,20
total_processed_time,20
total_processed_time,22
total_processed_time,21
total_processed_time,23
total_processed_time,25
total_processed_time,21
total_processed_time,20
total_processed_time,23
total_processed_time,21
total_processed_time,23
total_processed_time,22
total_processed_time,21
total_processed_time,21
total_processed_time,22
total_processed_time,21
total_processed_time,20
total_processed_time,22
total_processed_time,22
total_processed_time,23
total_processed_time,20
total_processed_time,22
total_processed_time,19
total_processed_time,22
total_processed_time,21
total_processed_time,19
total_processed_time,19
total_processed_time,21
total_processed_time,23
total_processed_time,22
total_processed_time,20
total_processed_time,22
total_processed_time,22
total_processed_time,19
total_processed_time,22
total_processed_time,22
total_processed_time,19
total_processed_time,19
total_processed_time,22
total_processed_time,22
total_processed_time,22
total_processed_time,19
total_processed_time,21
total_processed_time,23
total_processed_time,23
total_processed_time,21
total_processed_time,20
total_processed_time,21
total_processed_time,22
total_processed_time,21
total_processed_time,22
total_processed_time,21
total_processed_time,23
total_processed_time,21
total_processed_time,20
total_processed_time,21
total_processed_time,20
total_processed_time,21
total_processed_time,23
total_processed_time,19
total_processed_time,22
total_processed_time,21
total_processed_time,26
total_processed_time,19
total_processed_time,19
total_processed_time,21
total_processed_time,22
total_processed_time,23
total_processed_time,24
total_processed_time,30
total_processed_time,34
total_processed_time,29
total_processed_time,24
total_processed_time,24
total_processed_time,27
total_processed_time,36
total_processed_time,22
total_processed_time,32
total_processed_time,31
total_processed_time,24
total_processed_time,20
total_processed_time,22
total_processed_time,20
total_processed_time,34
total_processed_time,22
total_processed_time,19
total_processed_time,22
total_processed_time,24
total_processed_time,30
total_processed_time,30
total_processed_time,26
total_processed_time,33
total_processed_time,22
total_processed_time,21
total_processed_time,32
total_processed_time,23
total_processed_time,28
total_processed_time,21
total_processed_time,19
total_processed_time,27
total_processed_time,24
total_processed_time,22
total_processed_time,28
total_processed_time,35
total_processed_time,26
total_processed_time,28
total_processed_time,19
total_processed_time,22
total_processed_time,19
total_processed_time,32
total_processed_time,23
total_processed_time,27
total_processed_time,31
total_processed_time,22
total_processed_time,22
total_processed_time,20
total_processed_time,23
total_processed_time,28
total_processed_time,21
total_processed_time,20
total_processed_time,26
total_processed_time,22
total_processed_time,25
total_processed_time,23
total_processed_time,23
total_processed_time,21
total_processed_time,22
total_processed_time,399
total_processed_time,157
total_processed_time,61
total_processed_time,42
total_processed_time,57
total_processed_time,47
total_processed_time,62
total_processed_time,87
total_processed_time,61
total_processed_time,66
total_processed_time,48
total_processed_time,48
total_processed_time,33
total_processed_time,26
total_processed_time,26
total_processed_time,21
total_processed_time,22
total_processed_time,21
total_processed_time,20
total_processed_time,21
total_processed_time,21
total_processed_time,19
total_processed_time,21
total_processed_time,23
total_processed_time,20
total_processed_time,19
total_processed_time,23
total_processed_time,22
total_processed_time,24
total_processed_time,118
total_processed_time,34
total_processed_time,36
total_processed_time,27
total_processed_time,87
total_processed_time,21
total_processed_time,24
total_processed_time,20
total_processed_time,22
total_processed_time,23
total_processed_time,20
total_processed_time,22
total_processed_time,23
total_processed_time,22
total_processed_time,22
total_processed_time,24
total_processed_time,20
total_processed_time,19
total_processed_time,27
total_processed_time,20
total_processed_time,26
total_processed_time,23
total_processed_time,23
total_processed_time,21
total_processed_time,24
total_processed_time,27
total_processed_time,23
total_processed_time,21
total_processed_time,38
total_processed_time,21
total_processed_time,29
total_processed_time,21
total_processed_time,28
total_processed_time,21
total_processed_time,36
total_processed_time,25
total_processed_time,22
total_processed_time,24
total_processed_time,23
total_processed_time,34
total_processed_time,22
total_processed_time,24
total_processed_time,27
total_processed_time,29
total_processed_time,24
total_processed_time,27
total_processed_time,25
total_processed_time,21
total_processed_time,21
total_processed_time,23
total_processed_time,21
total_processed_time,27
total_processed_time,31
total_processed_time,33
total_processed_time,22
total_processed_time,26
total_processed_time,19
total_processed_time,22
total_processed_time,24
total_processed_time,23
total_processed_time,22
total_processed_time,29
total_processed_time,30
total_processed_time,20
total_processed_time,27
total_processed_time,31
total_processed_time,26
total_processed_time,24
total_processed_time,20
total_processed_time,20
total_processed_time,25
total_processed_time,24
total_processed_time,21
total_processed_time,29
total_processed_time,23
total_processed_time,41
total_processed_time,23
total_processed_time,56
total_processed_time,56
total_processed_time,61
total_processed_time,48
total_processed_time,47
total_processed_time,42
total_processed_time,40
total_processed_time,28
total_processed_time,35
total_processed_time,22
total_processed_time,23
total_processed_time,22
total_processed_time,23
total_processed_time,19
total_processed_time,23
total_processed_time,21
total_processed_time,19
total_processed_time,21
total_processed_time,21
total_processed_time,21
total_processed_time,28
total_processed_time,22
total_processed_time,19
total_processed_time,19
total_processed_time,20
total_processed_time,22
total_processed_time,23
total_processed_time,20
total_processed_time,22
total_processed_time,22
total_processed_time,23
total_processed_time,19
total_processed_time,21
total_processed_time,24
total_processed_time,19
total_processed_time,21
total_processed_time,19
total_processed_time,19
total_processed_time,19
total_processed_time,22
total_processed_time,22
total_processed_time,24
total_processed_time,20
total_processed_time,21
total_processed_time,22
total_processed_time,20
total_processed_time,29
total_processed_time,28
total_processed_time,23
total_processed_time,22
total_processed_time,18
total_processed_time,19
total_processed_time,21
total_processed_time,21
total_processed_time,21
total_processed_time,20
total_processed_time,22
total_processed_time,21
total_processed_time,22
total_processed_time,21
total_processed_time,22
total_processed_time,28
total_processed_time,20
total_processed_time,23
total_processed_time,21
total_processed_time,19
total_processed_time,530
total_processed_time,477
total_processed_time,554
total_processed_time,561
total_processed_time,641
total_processed_time,643
total_processed_time,480
total_processed_time,461
total_processed_time,527
total_processed_time,454
total_processed_time,666
total_processed_time,623
total_processed_time,739
total_processed_time,328
total_processed_time,633
total_processed_time,613
total_processed_time,336
total_processed_time,707
total_processed_time,439
total_processed_time,719
total_processed_time,860
total_processed_time,728
total_processed_time,867
total_processed_time,881
total_processed_time,582
total_processed_time,589
total_processed_time,698
total_processed_time,508
total_processed_time,616
total_processed_time,626
total_processed_time,479
total_processed_time,629
total_processed_time,906
total_processed_time,426
total_processed_time,671
total_processed_time,916
total_processed_time,631
total_processed_time,657
total_processed_time,911
total_processed_time,666
total_processed_time,707
total_processed_time,865
total_processed_time,541
total_processed_time,635
total_processed_time,747
total_processed_time,854
total_processed_time,692
total_processed_time,692
total_processed_time,686
total_processed_time,365
total_processed_time,715
total_processed_time,793
total_processed_time,627
total_processed_time,803
total_processed_time,691
total_processed_time,270
total_processed_time,737
total_processed_time,405
total_processed_time,227
total_processed_time,828
total_processed_time,662
total_processed_time,696
total_processed_time,758
total_processed_time,244
total_processed_time,856
total_processed_time,236
total_processed_time,686
total_processed_time,884
total_processed_time,791
total_processed_time,1147
total_processed_time,797
total_processed_time,538
total_processed_time,164
total_processed_time,501
total_processed_time,311
total_processed_time,77
total_processed_time,153
total_processed_time,773
total_processed_time,595
total_processed_time,1223
total_processed_time,195
total_processed_time,357
total_processed_time,280
total_processed_time,167
total_processed_time,31
total_processed_time,22
total_processed_time,20
total_processed_time,22
total_processed_time,25
total_processed_time,23
total_processed_time,24
total_processed_time,21
total_processed_time,24
total_processed_time,24
total_processed_time,20
total_processed_time,19
total_processed_time,23
total_processed_time,28
total_processed_time,22
total_processed_time,20
total_processed_time,19
total_processed_time,23
total_processed_time,24
total_processed_time,23
total_processed_time,20
total_processed_time,23
total_processed_time,28
total_processed_time,22
total_processed_time,20
total_processed_time,20
total_processed_time,30
total_processed_time,23
total_processed_time,21
total_processed_time,27
total_processed_time,20
total_processed_time,22
total_processed_time,21
total_processed_time,22
total_processed_time,20
total_processed_time,19
total_processed_time,22
total_processed_time,23
total_processed_time,21
total_processed_time,20
total_processed_time,22
total_processed_time,21
total_processed_time,22
total_processed_time,20
total_processed_time,22
total_processed_time,20
total_processed_time,23
total_processed_time,22
total_processed_time,25
total_processed_time,23
total_processed_time,25
total_processed_time,21
total_processed_time,20
total_processed_time,19
total_processed_time,23
total_processed_time,25
total_processed_time,19
total_processed_time,21
total_processed_time,19
total_processed_time,26
total_processed_time,38
total_processed_time,24
total_processed_time,22
total_processed_time,20
total_processed_time,23
total_processed_time,21
total_processed_time,19
total_processed_time,22
total_processed_time,24
total_processed_time,28
total_processed_time,24
total_processed_time,20
total_processed_time,22
total_processed_time,22
total_processed_time,22
total_processed_time,20
total_processed_time,23
total_processed_time,23
total_processed_time,19
total_processed_time,21
total_processed_time,20
total_processed_time,23
total_processed_time,23
total_processed_time,24
total_processed_time,22
total_processed_time,28
total_processed_time,22
total_processed_time,20
total_processed_time,22
total_processed_time,22
total_processed_time,22
total_processed_time,20
total_processed_time,20
total_processed_time,22
total_processed_time,23
total_processed_time,21
total_processed_time,24
total_processed_time,24
total_processed_time,22
total_processed_time,47
total_processed_time,69
total_processed_time,30
total_processed_time,23
total_processed_time,22
total_processed_time,22
total_processed_time,19
total_processed_time,22
total_processed_time,23
total_processed_time,20
total_processed_time,20
total_processed_time,20
total_processed_time,19
total_processed_time,22
total_processed_time,26
total_processed_time,28
total_processed_time,23
total_processed_time,19
total_processed_time,23
total_processed_time,21
total_processed_time,23
total_processed_time,20
total_processed_time,26
total_processed_time,22
total_processed_time,22
total_processed_time,23
total_processed_time,20
total_processed_time,19
total_processed_time,22
total_processed_time,23
total_processed_time,22
total_processed_time,22
total_processed_time,22
total_processed_time,25
total_processed_time,19
total_processed_time,35
total_processed_time,23
total_processed_time,22
total_processed_time,21
total_processed_time,30
total_processed_time,26
total_processed_time,20
total_processed_time,19
total_processed_time,21
total_processed_time,23
total_processed_time,23
total_processed_time,21
total_processed_time,22
total_processed_time,22
total_processed_time,20
total_processed_time,22
total_processed_time,20
total_processed_time,20
total_processed_time,21
total_processed_time,22
total_processed_time,23
total_processed_time,20
total_processed_time,25
total_processed_time,22
total_processed_time,23
total_processed_time,22
total_processed_time,22
total_processed_time,31
total_processed_time,19
total_processed_time,21
total_processed_time,24
total_processed_time,22
total_processed_time,25
total_processed_time,24
total_processed_time,24
total_processed_time,20
total_processed_time,24
total_processed_time,23
total_processed_time,23
total_processed_time,24
total_processed_time,24
total_processed_time,24
total_processed_time,41
total_processed_time,25
total_processed_time,23
total_processed_time,24
total_processed_time,21
total_processed_time,23
total_processed_time,22
total_processed_time,40
total_processed_time,22
total_processed_time,23
total_processed_time,20
total_processed_time,21
total_processed_time,22
total_processed_time,24
total_processed_time,24
total_processed_time,23
total_processed_time,20
total_processed_time,19
total_processed_time,21
total_processed_time,22
total_processed_time,20
total_processed_time,22
total_processed_time,19
total_processed_time,22
total_processed_time,22
total_processed_time,23
total_processed_time,24
total_processed_time,19
total_processed_time,21
total_processed_time,21
total_processed_time,22
total_processed_time,24
total_processed_time,22
total_processed_time,32
total_processed_time,20
total_processed_time,23
total_processed_time,22
total_processed_time,20
total_processed_time,22
total_processed_time,19
total_processed_time,23
total_processed_time,23
total_processed_time,21
total_processed_time,23
total_processed_time,20
total_processed_time,24
total_processed_time,21
total_processed_time,20
total_processed_time,21
total_processed_time,23
total_processed_time,20
total_processed_time,20
total_processed_time,21
total_processed_time,21
total_processed_time,22
total_processed_time,26
total_processed_time,34
total_processed_time,22
total_processed_time,22
total_processed_time,19
total_processed_time,24
total_processed_time,21
total_processed_time,19
total_processed_time,22
total_processed_time,20
total_processed_time,22
total_processed_time,19
total_processed_time,19
total_processed_time,19
total_processed_time,30
total_processed_time,29
total_processed_time,20
total_processed_time,23
total_processed_time,22
total_processed_time,22
total_processed_time,19
total_processed_time,23
total_processed_time,20
total_processed_time,22
total_processed_time,21
total_processed_time,23
total_processed_time,19
total_processed_time,22
total_processed_time,22
total_processed_time,19
total_processed_time,20
total_processed_time,21
total_processed_time,24
total_processed_time,22
total_processed_time,21
total_processed_time,22
total_processed_time,19
total_processed_time,22
total_processed_time,20
total_processed_time,19
total_processed_time,19
total_processed_time,19
total_processed_time,20
total_processed_time,23
total_processed_time,22
total_processed_time,27
total_processed_time,20
total_processed_time,23
total_processed_time,22
total_processed_time,23
total_processed_time,20
total_processed_time,23
total_processed_time,22
total_processed_time,22
total_processed_time,20
total_processed_time,22
total_processed_time,19
total_processed_time,21
total_processed_time,19
total_processed_time,21
total_processed_time,25
total_processed_time,19
total_processed_time,22
total_processed_time,22
total_processed_time,22
total_processed_time,19
total_processed_time,20
total_processed_time,19
total_processed_time,28
total_processed_time,21
total_processed_time,24
total_processed_time,21
total_processed_time,21
total_processed_time,22
total_processed_time,20
total_processed_time,20
total_processed_time,23
total_processed_time,20
total_processed_time,29
total_processed_time,19
total_processed_time,22
total_processed_time,23
total_processed_time,24
total_processed_time,21
total_processed_time,23
total_processed_time,23
total_processed_time,22
total_processed_time,20
total_processed_time,19
total_processed_time,21
total_processed_time,21
total_processed_time,21
total_processed_time,23
total_processed_time,19
total_processed_time,23
total_processed_time,22
total_processed_time,22
total_processed_time,22
total_processed_time,19
total_processed_time,22
total_processed_time,22
total_processed_time,20
total_processed_time,20
total_processed_time,25
total_processed_time,22
total_processed_time,23
total_processed_time,22
total_processed_time,22
total_processed_time,23
total_processed_time,22
total_processed_time,22
total_processed_time,20
total_processed_time,23
total_processed_time,22
total_processed_time,23
total_processed_time,88
total_processed_time,31
total_processed_time,20
total_processed_time,20
total_processed_time,22
total_processed_time,21
total_processed_time,22
total_processed_time,22
total_processed_time,21
total_processed_time,23
total_processed_time,25
total_processed_time,21
total_processed_time,24
total_processed_time,33
total_processed_time,44
total_processed_time,48
total_processed_time,25
total_processed_time,19
total_processed_time,25
total_processed_time,20
total_processed_time,28
total_processed_time,22
total_processed_time,21
total_processed_time,44
total_processed_time,23
total_processed_time,23
total_processed_time,25
total_processed_time,47
total_processed_time,30
total_processed_time,20
total_processed_time,24
total_processed_time,21
total_processed_time,20
total_processed_time,22
total_processed_time,31
total_processed_time,25
total_processed_time,34
total_processed_time,21
total_processed_time,29
total_processed_time,22
total_processed_time,31
total_processed_time,28
total_processed_time,21
total_processed_time,22
total_processed_time,24
total_processed_time,53
total_processed_time,30
total_processed_time,28
total_processed_time,20
total_processed_time,21
total_processed_time,21
total_processed_time,30
total_processed_time,28
total_processed_time,24
total_processed_time,23
total_processed_time,35
total_processed_time,58
total_processed_time,25
total_processed_time,21
total_processed_time,23
total_processed_time,26
total_processed_time,20
total_processed_time,22
total_processed_time,21
total_processed_time,19
total_processed_time,20
total_processed_time,29
total_processed_time,24
total_processed_time,33
total_processed_time,27
total_processed_time,23
total_processed_time,59
total_processed_time,122
total_processed_time,179
total_processed_time,143
total_processed_time,50
total_processed_time,125
total_processed_time,45
total_processed_time,59
total_processed_time,35
total_processed_time,38
total_processed_time,36
total_processed_time,23
total_processed_time,21
total_processed_time,20
total_processed_time,20
total_processed_time,20
total_processed_time,27
total_processed_time,19
total_processed_time,22
total_processed_time,22
total_processed_time,52
total_processed_time,26
total_processed_time,19
total_processed_time,23
total_processed_time,23
total_processed_time,23
total_processed_time,23
total_processed_time,21
total_processed_time,20
total_processed_time,23
total_processed_time,22
total_processed_time,21
total_processed_time,20
total_processed_time,22
total_processed_time,19
total_processed_time,20
total_processed_time,22
total_processed_time,22
total_processed_time,22
total_processed_time,19
total_processed_time,21
total_processed_time,23
total_processed_time,19
total_processed_time,21
total_processed_time,21
total_processed_time,20
total_processed_time,19
total_processed_time,26
total_processed_time,21
total_processed_time,27
total_processed_time,22
total_processed_time,22
total_processed_time,21
total_processed_time,27
total_processed_time,29
total_processed_time,21
total_processed_time,37
total_processed_time,34
total_processed_time,19
total_processed_time,30
total_processed_time,24
total_processed_time,24
total_processed_time,36
