endpoint_ms,23.303
endpoint_ms,10.745
endpoint_ms,7.033
endpoint_ms,130.311
endpoint_ms,113.006
endpoint_ms,132.417
endpoint_ms,25.233
endpoint_ms,283.950
endpoint_ms,266.334
endpoint_ms,249.859
endpoint_ms,27.669
endpoint_ms,8.235
endpoint_ms,352.992
endpoint_ms,406.471
endpoint_ms,7.250
endpoint_ms,463.272
endpoint_ms,456.005
endpoint_ms,435.954
endpoint_ms,428.752
endpoint_ms,23.864
endpoint_ms,15.718
endpoint_ms,13.821
endpoint_ms,12.176
endpoint_ms,18.030
endpoint_ms,11.521
endpoint_ms,10.919
endpoint_ms,676.943
endpoint_ms,675.784
endpoint_ms,680.523
endpoint_ms,8.280
endpoint_ms,784.114
endpoint_ms,8.525
endpoint_ms,794.495
endpoint_ms,860.840
endpoint_ms,846.904
endpoint_ms,930.538
endpoint_ms,909.302
endpoint_ms,15.383
endpoint_ms,1014.593
endpoint_ms,1012.985
endpoint_ms,13.580
endpoint_ms,20.630
endpoint_ms,1169.746
endpoint_ms,1186.673
endpoint_ms,1161.832
endpoint_ms,45.878
endpoint_ms,1149.672
endpoint_ms,1146.202
endpoint_ms,1199.688
endpoint_ms,1267.736
endpoint_ms,1166.621
endpoint_ms,1365.476
endpoint_ms,28.038
endpoint_ms,7.550
endpoint_ms,1282.840
endpoint_ms,1281.879
endpoint_ms,13.430
endpoint_ms,13.402
endpoint_ms,1279.452
endpoint_ms,18.943
endpoint_ms,7.585
endpoint_ms,1323.538
endpoint_ms,7.785
endpoint_ms,1341.425
endpoint_ms,15.014
endpoint_ms,7.810
endpoint_ms,1340.002
endpoint_ms,1403.161
endpoint_ms,1371.186
endpoint_ms,27.882
endpoint_ms,11.808
endpoint_ms,9.026
endpoint_ms,1397.405
endpoint_ms,1435.041
endpoint_ms,1402.347
endpoint_ms,1477.221
endpoint_ms,23.255
endpoint_ms,1397.851
endpoint_ms,7.575
endpoint_ms,30.620
endpoint_ms,1413.644
endpoint_ms,18.684
endpoint_ms,1497.481
endpoint_ms,1461.163
endpoint_ms,1458.513
endpoint_ms,1387.725
endpoint_ms,22.905
endpoint_ms,7.387
endpoint_ms,1435.701
endpoint_ms,1513.768
endpoint_ms,9.515
endpoint_ms,1661.824
endpoint_ms,1640.691
endpoint_ms,24.605
endpoint_ms,1708.665
endpoint_ms,1649.002
endpoint_ms,8.141
endpoint_ms,1649.259
endpoint_ms,1685.761
endpoint_ms,1657.923
endpoint_ms,1660.684
endpoint_ms,1624.300
endpoint_ms,1613.090
endpoint_ms,29.098
endpoint_ms,1696.863
endpoint_ms,1721.109
endpoint_ms,1807.502
endpoint_ms,32.433
endpoint_ms,16.434
endpoint_ms,1800.496
endpoint_ms,14.262
endpoint_ms,1739.175
endpoint_ms,1778.927
endpoint_ms,1636.600
endpoint_ms,27.809
endpoint_ms,1778.104
endpoint_ms,1798.581
endpoint_ms,1908.395
endpoint_ms,10.831
endpoint_ms,9.057
endpoint_ms,18.982
endpoint_ms,1893.601
endpoint_ms,7.099
endpoint_ms,1971.029
endpoint_ms,1957.308
endpoint_ms,1933.267
endpoint_ms,1929.541
endpoint_ms,1913.556
endpoint_ms,1879.148
endpoint_ms,1863.454
endpoint_ms,8.137
endpoint_ms,1926.074
endpoint_ms,18.504
endpoint_ms,1992.794
endpoint_ms,44.009
endpoint_ms,9.354
endpoint_ms,2091.177
endpoint_ms,11.765
endpoint_ms,1933.577
endpoint_ms,2172.991
endpoint_ms,2197.333
endpoint_ms,2273.456
endpoint_ms,2195.927
endpoint_ms,2208.979
endpoint_ms,2342.382
endpoint_ms,2311.915
endpoint_ms,2386.169
endpoint_ms,2415.005
endpoint_ms,2490.429
endpoint_ms,2399.609
endpoint_ms,2427.161
endpoint_ms,2478.899
endpoint_ms,2474.101
endpoint_ms,2554.099
endpoint_ms,2548.613
endpoint_ms,2585.639
endpoint_ms,2687.133
endpoint_ms,2674.640
endpoint_ms,2662.147
endpoint_ms,2751.310
endpoint_ms,2652.199
endpoint_ms,2708.147
endpoint_ms,1437.150
endpoint_ms,1484.463
endpoint_ms,2783.709
endpoint_ms,2765.563
endpoint_ms,2798.106
endpoint_ms,1515.911
endpoint_ms,2847.602
endpoint_ms,2811.810
endpoint_ms,2893.028
endpoint_ms,2907.438
endpoint_ms,2773.468
endpoint_ms,1589.600
endpoint_ms,2916.027
endpoint_ms,2837.827
endpoint_ms,2816.313
endpoint_ms,1526.205
endpoint_ms,2890.855
endpoint_ms,2953.885
endpoint_ms,1587.276
endpoint_ms,1588.765
endpoint_ms,2982.876
endpoint_ms,2895.551
endpoint_ms,1707.183
endpoint_ms,2963.412
endpoint_ms,2981.297
endpoint_ms,1779.747
endpoint_ms,3012.168
endpoint_ms,3091.795
endpoint_ms,3035.795
endpoint_ms,2944.569
endpoint_ms,3095.075
endpoint_ms,3009.922
endpoint_ms,3026.011
endpoint_ms,2974.588
endpoint_ms,2915.402
endpoint_ms,2941.154
endpoint_ms,3013.623
endpoint_ms,1890.719
endpoint_ms,2911.016
endpoint_ms,2959.356
endpoint_ms,1970.717
endpoint_ms,2921.530
endpoint_ms,2892.465
endpoint_ms,2930.861
endpoint_ms,2984.283
endpoint_ms,2027.871
endpoint_ms,2067.762
endpoint_ms,2939.282
endpoint_ms,3006.340
endpoint_ms,3027.666
endpoint_ms,3069.058
endpoint_ms,2084.676
endpoint_ms,3096.359
endpoint_ms,2978.504
endpoint_ms,3010.244
endpoint_ms,2018.475
endpoint_ms,3011.125
endpoint_ms,3017.751
endpoint_ms,2114.521
endpoint_ms,2113.790
endpoint_ms,3081.190
endpoint_ms,3106.364
endpoint_ms,3113.492
endpoint_ms,2195.469
endpoint_ms,3115.762
endpoint_ms,2214.640
endpoint_ms,2209.387
endpoint_ms,2208.729
endpoint_ms,3092.006
endpoint_ms,3098.853
endpoint_ms,3109.378
endpoint_ms,3114.779
endpoint_ms,3117.066
endpoint_ms,2215.711
endpoint_ms,3042.844
endpoint_ms,3097.648
endpoint_ms,2139.328
endpoint_ms,2275.131
endpoint_ms,3214.768
endpoint_ms,3298.343
endpoint_ms,3311.868
endpoint_ms,3292.016
endpoint_ms,3289.817
endpoint_ms,3299.032
endpoint_ms,3477.279
endpoint_ms,2602.516
endpoint_ms,2617.475
endpoint_ms,3368.969
endpoint_ms,3295.165
endpoint_ms,3388.746
endpoint_ms,2677.586
endpoint_ms,3395.115
endpoint_ms,3400.955
endpoint_ms,3407.864
endpoint_ms,2793.676
endpoint_ms,3388.569
endpoint_ms,2789.533
endpoint_ms,3438.071
endpoint_ms,3503.886
endpoint_ms,3409.831
endpoint_ms,3464.905
endpoint_ms,3399.053
endpoint_ms,3404.643
endpoint_ms,3481.183
endpoint_ms,3482.332
endpoint_ms,3425.367
endpoint_ms,2913.847
endpoint_ms,3426.445
endpoint_ms,2855.434
endpoint_ms,2925.718
endpoint_ms,3423.851
endpoint_ms,3477.582
endpoint_ms,3439.840
endpoint_ms,3408.457
endpoint_ms,3486.566
endpoint_ms,3402.994
endpoint_ms,3009.709
endpoint_ms,3504.869
endpoint_ms,3094.024
endpoint_ms,3512.612
endpoint_ms,3173.645
endpoint_ms,3201.335
endpoint_ms,3608.320
endpoint_ms,3605.294
endpoint_ms,3679.992
endpoint_ms,3584.690
endpoint_ms,3622.242
endpoint_ms,3391.606
endpoint_ms,3606.528
endpoint_ms,3692.221
endpoint_ms,3434.826
endpoint_ms,3506.810
endpoint_ms,3697.182
endpoint_ms,3733.791
endpoint_ms,3758.102
endpoint_ms,3786.338
endpoint_ms,3719.680
endpoint_ms,3685.733
endpoint_ms,3763.990
endpoint_ms,3578.782
endpoint_ms,3684.658
endpoint_ms,3793.025
endpoint_ms,3695.241
endpoint_ms,3712.233
endpoint_ms,3528.748
endpoint_ms,3758.316
endpoint_ms,3780.841
endpoint_ms,3803.969
endpoint_ms,3584.296
endpoint_ms,3804.138
endpoint_ms,3773.195
endpoint_ms,3900.541
endpoint_ms,3908.538
endpoint_ms,3904.790
endpoint_ms,3918.571
endpoint_ms,3894.785
endpoint_ms,3991.287
endpoint_ms,4065.810
endpoint_ms,4071.380
endpoint_ms,3998.433
endpoint_ms,3874.321
endpoint_ms,3948.975
endpoint_ms,3999.138
endpoint_ms,4003.545
endpoint_ms,4103.367
endpoint_ms,3985.915
endpoint_ms,3881.775
endpoint_ms,4048.513
endpoint_ms,4029.402
endpoint_ms,4099.056
endpoint_ms,4008.195
endpoint_ms,4134.792
endpoint_ms,4013.966
endpoint_ms,4008.437
endpoint_ms,3819.317
endpoint_ms,3805.458
endpoint_ms,3872.054
endpoint_ms,3935.669
endpoint_ms,3955.765
endpoint_ms,3913.834
endpoint_ms,3990.431
endpoint_ms,4023.881
endpoint_ms,4031.888
endpoint_ms,4008.641
endpoint_ms,3816.723
endpoint_ms,3930.739
endpoint_ms,4083.742
endpoint_ms,4033.827
endpoint_ms,4033.734
endpoint_ms,4052.747
endpoint_ms,3958.663
endpoint_ms,4089.524
endpoint_ms,3926.464
endpoint_ms,4201.934
endpoint_ms,4203.729
endpoint_ms,4128.017
endpoint_ms,4189.558
endpoint_ms,4161.112
endpoint_ms,4204.336
endpoint_ms,4170.435
endpoint_ms,4186.738
endpoint_ms,4066.946
endpoint_ms,4184.463
endpoint_ms,4202.862
endpoint_ms,4006.557
endpoint_ms,4135.162
endpoint_ms,4197.642
endpoint_ms,4028.024
endpoint_ms,4012.557
endpoint_ms,4280.445
endpoint_ms,4294.576
endpoint_ms,4290.779
endpoint_ms,4210.548
endpoint_ms,4277.870
endpoint_ms,4297.899
endpoint_ms,4213.386
endpoint_ms,4300.842
endpoint_ms,4194.040
endpoint_ms,4211.470
endpoint_ms,4213.811
endpoint_ms,4292.910
endpoint_ms,4202.857
endpoint_ms,4236.046
endpoint_ms,4360.833
endpoint_ms,4381.517
endpoint_ms,4381.571
endpoint_ms,4303.459
endpoint_ms,4377.253
endpoint_ms,4384.575
endpoint_ms,4464.773
endpoint_ms,4426.731
endpoint_ms,4504.993
endpoint_ms,4614.053
endpoint_ms,4527.431
endpoint_ms,4642.001
endpoint_ms,4612.888
endpoint_ms,4636.265
endpoint_ms,4702.213
endpoint_ms,4615.508
endpoint_ms,4735.274
endpoint_ms,4888.704
endpoint_ms,4766.697
endpoint_ms,4793.236
endpoint_ms,4986.731
endpoint_ms,4701.180
endpoint_ms,4787.042
endpoint_ms,4900.147
endpoint_ms,4927.931
endpoint_ms,4910.772
endpoint_ms,4898.814
endpoint_ms,5035.714
endpoint_ms,4856.019
endpoint_ms,4845.524
endpoint_ms,4819.396
endpoint_ms,4730.090
endpoint_ms,5188.140
endpoint_ms,4789.138
endpoint_ms,4818.970
endpoint_ms,4874.940
endpoint_ms,5202.055
endpoint_ms,4987.487
endpoint_ms,5401.752
endpoint_ms,4972.674
endpoint_ms,4990.755
endpoint_ms,4923.855
endpoint_ms,5430.852
endpoint_ms,5007.521
endpoint_ms,4900.685
endpoint_ms,4989.205
endpoint_ms,5088.627
endpoint_ms,4987.311
endpoint_ms,5529.742
endpoint_ms,5024.610
endpoint_ms,4975.393
endpoint_ms,5007.519
endpoint_ms,5628.574
endpoint_ms,5732.240
endpoint_ms,5068.003
endpoint_ms,5110.583
endpoint_ms,5103.667
endpoint_ms,5103.071
endpoint_ms,5127.563
endpoint_ms,5173.544
endpoint_ms,5199.734
endpoint_ms,5905.847
endpoint_ms,5199.992
endpoint_ms,5203.239
endpoint_ms,5161.360
endpoint_ms,5165.084
endpoint_ms,5219.159
endpoint_ms,5225.661
endpoint_ms,5225.755
endpoint_ms,5282.249
endpoint_ms,5229.526
endpoint_ms,5238.232
endpoint_ms,5379.705
endpoint_ms,5374.711
endpoint_ms,5394.612
endpoint_ms,5293.783
endpoint_ms,5588.929
endpoint_ms,5597.804
endpoint_ms,5509.150
endpoint_ms,5579.354
endpoint_ms,5576.700
endpoint_ms,5585.617
endpoint_ms,5583.149
endpoint_ms,5601.148
endpoint_ms,5614.168
endpoint_ms,5524.720
endpoint_ms,5685.194
endpoint_ms,6779.850
endpoint_ms,5680.669
endpoint_ms,5711.418
endpoint_ms,5684.961
endpoint_ms,5588.523
endpoint_ms,5796.261
endpoint_ms,5793.929
endpoint_ms,5789.397
endpoint_ms,5896.669
endpoint_ms,5903.266
endpoint_ms,5992.544
endpoint_ms,5923.672
endpoint_ms,5843.258
endpoint_ms,5909.017
endpoint_ms,5889.953
endpoint_ms,5913.060
endpoint_ms,5919.023
endpoint_ms,7115.730
endpoint_ms,5906.104
endpoint_ms,5905.339
endpoint_ms,5991.031
endpoint_ms,5934.232
endpoint_ms,7279.018
endpoint_ms,6032.361
endpoint_ms,7323.390
endpoint_ms,6021.407
endpoint_ms,6017.304
endpoint_ms,6027.145
endpoint_ms,7398.758
endpoint_ms,6203.629
endpoint_ms,6203.174
endpoint_ms,7565.706
endpoint_ms,7517.178
endpoint_ms,6029.535
endpoint_ms,7506.172
endpoint_ms,6195.085
endpoint_ms,6102.386
endpoint_ms,6075.618
endpoint_ms,6204.323
endpoint_ms,6208.569
endpoint_ms,6212.119
endpoint_ms,7769.787
endpoint_ms,7773.997
endpoint_ms,6318.351
endpoint_ms,6283.745
endpoint_ms,6341.768
endpoint_ms,6316.757
endpoint_ms,7900.632
endpoint_ms,6384.248
endpoint_ms,6316.163
endpoint_ms,6402.963
endpoint_ms,6408.362
endpoint_ms,6495.156
endpoint_ms,6483.187
endpoint_ms,6407.514
endpoint_ms,6409.286
endpoint_ms,6447.732
endpoint_ms,6482.720
endpoint_ms,8192.509
endpoint_ms,8134.604
endpoint_ms,6521.904
endpoint_ms,6511.464
endpoint_ms,6595.390
endpoint_ms,6588.956
endpoint_ms,6822.918
endpoint_ms,6639.804
endpoint_ms,8401.973
endpoint_ms,8429.869
endpoint_ms,8417.297
endpoint_ms,8565.286
endpoint_ms,6723.150
endpoint_ms,6659.763
endpoint_ms,6694.838
endpoint_ms,6682.754
endpoint_ms,6746.276
endpoint_ms,6805.409
endpoint_ms,6687.202
endpoint_ms,6636.860
endpoint_ms,6691.685
endpoint_ms,6703.465
endpoint_ms,6760.310
endpoint_ms,6736.561
endpoint_ms,6802.859
endpoint_ms,6744.535
endpoint_ms,8565.622
endpoint_ms,6723.543
endpoint_ms,6711.548
endpoint_ms,6740.814
endpoint_ms,6751.420
endpoint_ms,6719.109
endpoint_ms,8702.472
endpoint_ms,6780.867
endpoint_ms,6784.723
endpoint_ms,6796.067
endpoint_ms,6744.768
endpoint_ms,6860.165
endpoint_ms,6784.587
endpoint_ms,6821.987
endpoint_ms,6927.075
endpoint_ms,6854.511
endpoint_ms,6933.743
endpoint_ms,6909.867
endpoint_ms,9007.267
endpoint_ms,8988.637
endpoint_ms,7127.028
endpoint_ms,7086.705
endpoint_ms,7091.115
endpoint_ms,6947.549
endpoint_ms,7031.565
endpoint_ms,7120.103
endpoint_ms,7153.806
endpoint_ms,9249.695
endpoint_ms,7130.520
endpoint_ms,7138.517
endpoint_ms,7195.299
endpoint_ms,9385.067
endpoint_ms,9302.559
endpoint_ms,7137.818
endpoint_ms,9386.858
endpoint_ms,7184.490
endpoint_ms,7280.073
endpoint_ms,7290.096
endpoint_ms,7297.629
endpoint_ms,7360.776
endpoint_ms,7393.183
endpoint_ms,7451.155
endpoint_ms,7455.203
endpoint_ms,7328.487
endpoint_ms,7451.836
endpoint_ms,7331.761
endpoint_ms,7551.681
endpoint_ms,7410.726
endpoint_ms,7421.711
endpoint_ms,7425.505
endpoint_ms,7526.119
endpoint_ms,9879.123
endpoint_ms,9864.541
endpoint_ms,9867.470
endpoint_ms,10157.813
endpoint_ms,7677.994
endpoint_ms,7681.931
endpoint_ms,7805.631
endpoint_ms,7715.470
endpoint_ms,7620.952
endpoint_ms,7702.340
endpoint_ms,7800.839
endpoint_ms,7715.466
endpoint_ms,10300.572
endpoint_ms,7801.592
endpoint_ms,7696.092
endpoint_ms,10271.691
endpoint_ms,7700.774
endpoint_ms,10291.045
endpoint_ms,10401.369
endpoint_ms,7814.381
endpoint_ms,7860.206
endpoint_ms,7778.533
endpoint_ms,7821.561
endpoint_ms,7942.372
endpoint_ms,10547.872
endpoint_ms,7874.671
endpoint_ms,7870.469
endpoint_ms,7899.146
endpoint_ms,10511.592
endpoint_ms,10501.117
endpoint_ms,8016.899
endpoint_ms,8017.638
endpoint_ms,10808.581
endpoint_ms,8039.520
endpoint_ms,10810.421
endpoint_ms,8031.871
endpoint_ms,10695.423
endpoint_ms,8087.939
endpoint_ms,8020.310
endpoint_ms,8023.965
endpoint_ms,8030.422
endpoint_ms,8088.689
endpoint_ms,8176.364
endpoint_ms,8080.421
endpoint_ms,8214.563
endpoint_ms,8305.267
endpoint_ms,8394.686
endpoint_ms,11010.052
endpoint_ms,8355.424
endpoint_ms,8394.803
endpoint_ms,8381.212
endpoint_ms,8483.807
endpoint_ms,8424.569
endpoint_ms,8395.219
endpoint_ms,8369.556
endpoint_ms,8392.985
endpoint_ms,11216.150
endpoint_ms,8396.151
endpoint_ms,8410.082
endpoint_ms,11306.898
endpoint_ms,11311.441
endpoint_ms,11290.513
endpoint_ms,11330.859
endpoint_ms,8584.219
endpoint_ms,8610.356
endpoint_ms,8604.463
endpoint_ms,8624.464
endpoint_ms,8685.679
endpoint_ms,8792.441
endpoint_ms,11679.928
endpoint_ms,11665.255
endpoint_ms,8724.180
endpoint_ms,8727.755
endpoint_ms,8788.393
endpoint_ms,8716.648
endpoint_ms,8742.740
endpoint_ms,8681.969
endpoint_ms,8679.191
endpoint_ms,8782.630
endpoint_ms,8784.734
endpoint_ms,8699.719
endpoint_ms,11802.857
endpoint_ms,11809.106
endpoint_ms,11634.965
endpoint_ms,11675.873
endpoint_ms,8791.236
endpoint_ms,8749.732
endpoint_ms,8736.344
endpoint_ms,8713.857
endpoint_ms,8734.313
endpoint_ms,8747.889
endpoint_ms,8759.256
endpoint_ms,11671.223
endpoint_ms,8738.839
endpoint_ms,8903.259
endpoint_ms,8818.774
endpoint_ms,11919.034
endpoint_ms,11838.993
endpoint_ms,8832.915
endpoint_ms,8826.801
endpoint_ms,11835.637
endpoint_ms,11838.282
endpoint_ms,8954.275
endpoint_ms,8921.022
endpoint_ms,8905.582
endpoint_ms,8902.301
endpoint_ms,9015.866
endpoint_ms,9002.655
endpoint_ms,9071.416
endpoint_ms,12198.972
endpoint_ms,12124.921
endpoint_ms,9017.961
endpoint_ms,9111.670
endpoint_ms,9128.444
endpoint_ms,9145.372
endpoint_ms,9145.618
endpoint_ms,12404.330
endpoint_ms,12399.801
endpoint_ms,12398.680
endpoint_ms,12418.378
endpoint_ms,12396.890
endpoint_ms,9215.586
endpoint_ms,9375.519
endpoint_ms,9497.800
endpoint_ms,12775.571
endpoint_ms,9514.349
endpoint_ms,9513.557
endpoint_ms,9528.008
endpoint_ms,9564.621
endpoint_ms,9592.704
endpoint_ms,9568.099
endpoint_ms,12827.093
endpoint_ms,12824.573
endpoint_ms,12835.322
endpoint_ms,9581.522
endpoint_ms,9619.722
endpoint_ms,9679.979
endpoint_ms,9717.712
endpoint_ms,9804.229
endpoint_ms,13106.265
endpoint_ms,9781.501
endpoint_ms,9795.406
endpoint_ms,9808.037
endpoint_ms,9790.843
endpoint_ms,10123.857
endpoint_ms,13529.595
endpoint_ms,13586.383
endpoint_ms,13497.560
endpoint_ms,13607.014
endpoint_ms,10208.531
endpoint_ms,10192.003
endpoint_ms,13495.841
endpoint_ms,10204.348
endpoint_ms,10309.333
endpoint_ms,13694.677
endpoint_ms,10221.702
endpoint_ms,10266.150
endpoint_ms,10273.107
endpoint_ms,10204.313
endpoint_ms,10228.448
endpoint_ms,10288.127
endpoint_ms,10376.835
endpoint_ms,10359.190
endpoint_ms,10371.599
endpoint_ms,10429.011
endpoint_ms,10356.870
endpoint_ms,10396.876
endpoint_ms,10375.977
endpoint_ms,10435.424
endpoint_ms,10411.097
endpoint_ms,10423.604
endpoint_ms,10499.852
endpoint_ms,10525.530
endpoint_ms,10589.498
endpoint_ms,10592.920
endpoint_ms,14228.554
endpoint_ms,10665.087
endpoint_ms,10699.743
endpoint_ms,10601.054
endpoint_ms,10563.662
endpoint_ms,14434.569
endpoint_ms,10715.052
endpoint_ms,10735.474
endpoint_ms,10740.603
endpoint_ms,10744.388
endpoint_ms,10811.132
endpoint_ms,10798.924
endpoint_ms,10824.919
endpoint_ms,14685.128
endpoint_ms,10767.813
endpoint_ms,10786.949
endpoint_ms,10857.085
endpoint_ms,10877.850
endpoint_ms,10902.380
endpoint_ms,10920.044
endpoint_ms,10927.086
endpoint_ms,10969.390
endpoint_ms,10920.127
endpoint_ms,10938.410
endpoint_ms,14842.025
endpoint_ms,10639.435
endpoint_ms,14917.334
endpoint_ms,10710.293
endpoint_ms,10723.424
endpoint_ms,15043.063
endpoint_ms,10871.352
endpoint_ms,10873.721
endpoint_ms,10813.336
endpoint_ms,15184.337
endpoint_ms,15196.718
endpoint_ms,10897.579
endpoint_ms,10902.821
endpoint_ms,10903.202
endpoint_ms,15240.821
endpoint_ms,15307.120
endpoint_ms,10932.131
endpoint_ms,10915.772
endpoint_ms,10980.957
endpoint_ms,15219.202
endpoint_ms,15361.122
endpoint_ms,10998.397
endpoint_ms,11095.289
endpoint_ms,11076.447
endpoint_ms,15500.259
endpoint_ms,11084.177
endpoint_ms,11093.748
endpoint_ms,11123.093
endpoint_ms,11107.035
endpoint_ms,11104.581
endpoint_ms,11055.291
endpoint_ms,11063.549
endpoint_ms,11213.001
endpoint_ms,11248.450
endpoint_ms,11245.813
endpoint_ms,11236.658
endpoint_ms,11190.976
endpoint_ms,16001.734
endpoint_ms,11379.558
endpoint_ms,11378.622
endpoint_ms,15995.383
endpoint_ms,11392.272
endpoint_ms,11505.778
endpoint_ms,11418.120
endpoint_ms,11399.159
endpoint_ms,11429.634
endpoint_ms,16342.106
endpoint_ms,11547.246
endpoint_ms,11431.224
endpoint_ms,11601.793
endpoint_ms,16404.771
endpoint_ms,16412.247
endpoint_ms,11521.603
endpoint_ms,11510.843
endpoint_ms,11567.116
endpoint_ms,11540.974
endpoint_ms,16596.434
endpoint_ms,16675.346
endpoint_ms,11669.380
endpoint_ms,11643.354
endpoint_ms,11674.686
endpoint_ms,11623.870
endpoint_ms,11608.297
endpoint_ms,11645.753
endpoint_ms,11695.334
endpoint_ms,11658.504
endpoint_ms,11798.820
endpoint_ms,16964.403
endpoint_ms,16903.792
endpoint_ms,11901.241
endpoint_ms,12013.022
endpoint_ms,11914.919
endpoint_ms,17185.072
endpoint_ms,17118.007
endpoint_ms,11842.814
endpoint_ms,11956.524
endpoint_ms,12006.199
endpoint_ms,11934.632
endpoint_ms,17383.535
endpoint_ms,11968.655
endpoint_ms,11961.430
endpoint_ms,11999.093
endpoint_ms,11928.872
endpoint_ms,11993.164
endpoint_ms,12051.334
endpoint_ms,12011.498
endpoint_ms,12419.054
endpoint_ms,12413.673
endpoint_ms,12393.429
endpoint_ms,12395.480
endpoint_ms,12498.039
endpoint_ms,12505.488
endpoint_ms,12515.420
endpoint_ms,12587.267
endpoint_ms,12574.705
endpoint_ms,12605.189
endpoint_ms,12592.893
endpoint_ms,12644.427
endpoint_ms,18097.627
endpoint_ms,18086.172
endpoint_ms,12616.399
endpoint_ms,12697.356
endpoint_ms,12810.811
endpoint_ms,18189.046
endpoint_ms,18218.445
endpoint_ms,12900.850
endpoint_ms,12953.694
endpoint_ms,12987.062
endpoint_ms,13073.205
endpoint_ms,13133.081
endpoint_ms,13090.299
endpoint_ms,18513.124
endpoint_ms,18586.990
endpoint_ms,13114.206
endpoint_ms,13100.793
endpoint_ms,18589.052
endpoint_ms,13151.244
endpoint_ms,13152.093
endpoint_ms,13170.262
endpoint_ms,18651.531
endpoint_ms,13112.888
endpoint_ms,13186.234
endpoint_ms,13205.213
endpoint_ms,13211.019
endpoint_ms,13297.271
endpoint_ms,13292.968
endpoint_ms,13317.541
endpoint_ms,13233.104
endpoint_ms,13440.714
endpoint_ms,13368.169
endpoint_ms,18981.112
endpoint_ms,18961.680
endpoint_ms,13385.042
endpoint_ms,13409.741
endpoint_ms,13362.069
endpoint_ms,13367.801
endpoint_ms,13376.744
endpoint_ms,13418.855
endpoint_ms,13446.657
endpoint_ms,13427.053
endpoint_ms,13409.541
endpoint_ms,19100.342
endpoint_ms,13382.073
endpoint_ms,19192.756
endpoint_ms,13498.584
endpoint_ms,19411.875
endpoint_ms,13701.264
endpoint_ms,13655.141
endpoint_ms,13622.059
endpoint_ms,13676.231
endpoint_ms,13816.951
endpoint_ms,13693.673
endpoint_ms,19354.662
endpoint_ms,13857.542
endpoint_ms,13858.456
endpoint_ms,19601.410
endpoint_ms,13991.254
endpoint_ms,13949.211
endpoint_ms,19612.044
endpoint_ms,13847.652
endpoint_ms,13904.210
endpoint_ms,14119.166
endpoint_ms,14117.844
endpoint_ms,14099.572
endpoint_ms,19892.050
endpoint_ms,14089.846
endpoint_ms,14009.170
endpoint_ms,14150.030
endpoint_ms,14198.928
endpoint_ms,20006.018
endpoint_ms,20004.289
endpoint_ms,14154.581
endpoint_ms,14195.557
endpoint_ms,14179.798
endpoint_ms,14289.527
endpoint_ms,14309.308
endpoint_ms,20129.699
endpoint_ms,14282.472
endpoint_ms,14190.204
endpoint_ms,14305.547
endpoint_ms,14210.422
endpoint_ms,20395.055
endpoint_ms,14312.352
endpoint_ms,14329.293
endpoint_ms,20442.634
endpoint_ms,14300.335
endpoint_ms,14416.700
endpoint_ms,14427.438
endpoint_ms,14507.265
endpoint_ms,20525.493
endpoint_ms,14408.253
endpoint_ms,14400.578
endpoint_ms,20521.398
endpoint_ms,14378.156
endpoint_ms,20689.241
endpoint_ms,14206.949
endpoint_ms,14197.190
endpoint_ms,14143.988
endpoint_ms,14160.810
endpoint_ms,14179.591
endpoint_ms,14201.714
endpoint_ms,14301.328
endpoint_ms,14283.191
endpoint_ms,14284.360
endpoint_ms,20863.908
endpoint_ms,14384.370
endpoint_ms,14490.553
endpoint_ms,21018.924
endpoint_ms,21099.961
endpoint_ms,21112.002
endpoint_ms,14594.837
endpoint_ms,14647.133
endpoint_ms,14610.631
endpoint_ms,14542.069
endpoint_ms,14555.047
endpoint_ms,21156.095
endpoint_ms,14581.567
endpoint_ms,14609.442
endpoint_ms,21267.801
endpoint_ms,14597.645
endpoint_ms,14599.289
endpoint_ms,14598.425
endpoint_ms,14652.806
endpoint_ms,21268.890
endpoint_ms,14688.944
endpoint_ms,14696.998
endpoint_ms,14683.653
endpoint_ms,21301.658
endpoint_ms,14719.368
endpoint_ms,14649.714
endpoint_ms,21716.266
endpoint_ms,15184.800
endpoint_ms,15184.451
endpoint_ms,15208.381
endpoint_ms,15243.259
endpoint_ms,15240.688
endpoint_ms,15074.276
endpoint_ms,15119.949
endpoint_ms,22054.753
endpoint_ms,22060.320
endpoint_ms,22073.823
endpoint_ms,15193.522
endpoint_ms,22162.279
endpoint_ms,22122.782
endpoint_ms,15215.644
endpoint_ms,15155.587
endpoint_ms,15181.410
endpoint_ms,15202.580
endpoint_ms,15297.890
endpoint_ms,15321.550
endpoint_ms,22311.161
endpoint_ms,15373.329
endpoint_ms,15401.722
endpoint_ms,15387.040
endpoint_ms,15412.329
endpoint_ms,15411.358
endpoint_ms,22389.829
endpoint_ms,15475.378
endpoint_ms,15453.647
endpoint_ms,15394.605
endpoint_ms,15470.488
endpoint_ms,15556.913
endpoint_ms,22523.189
endpoint_ms,22432.063
endpoint_ms,15528.216
endpoint_ms,15468.495
endpoint_ms,15489.358
endpoint_ms,22606.112
endpoint_ms,15510.133
endpoint_ms,15498.651
endpoint_ms,15491.800
endpoint_ms,22665.050
endpoint_ms,15624.469
endpoint_ms,15717.203
endpoint_ms,15614.340
endpoint_ms,15622.736
endpoint_ms,15617.659
endpoint_ms,15728.550
endpoint_ms,15603.895
endpoint_ms,23007.213
endpoint_ms,15787.983
endpoint_ms,15735.303
endpoint_ms,23063.721
endpoint_ms,15900.959
endpoint_ms,15885.324
endpoint_ms,15805.939
endpoint_ms,15908.094
endpoint_ms,15963.622
endpoint_ms,23209.322
endpoint_ms,15918.798
endpoint_ms,16106.747
endpoint_ms,15999.063
endpoint_ms,16013.085
endpoint_ms,16023.547
endpoint_ms,23599.498
endpoint_ms,23597.476
endpoint_ms,23607.233
endpoint_ms,23667.273
endpoint_ms,23673.671
endpoint_ms,16179.781
endpoint_ms,16117.936
endpoint_ms,16182.073
endpoint_ms,23731.890
endpoint_ms,16218.956
endpoint_ms,16254.539
endpoint_ms,16293.034
endpoint_ms,23909.484
endpoint_ms,16404.816
endpoint_ms,16420.029
endpoint_ms,24009.978
endpoint_ms,16346.319
endpoint_ms,16380.897
endpoint_ms,16384.686
endpoint_ms,16410.116
endpoint_ms,16417.425
endpoint_ms,16477.146
endpoint_ms,16508.140
endpoint_ms,16432.653
endpoint_ms,16457.749
endpoint_ms,16481.838
endpoint_ms,16600.018
endpoint_ms,24401.694
endpoint_ms,16595.017
endpoint_ms,16651.117
endpoint_ms,16715.306
endpoint_ms,16725.312
endpoint_ms,16691.264
endpoint_ms,16754.841
endpoint_ms,16756.896
endpoint_ms,16801.978
endpoint_ms,16822.016
endpoint_ms,16814.653
endpoint_ms,16742.997
endpoint_ms,16790.164
endpoint_ms,16819.768
endpoint_ms,16795.931
endpoint_ms,16890.824
endpoint_ms,16877.531
endpoint_ms,16775.556
endpoint_ms,16765.546
endpoint_ms,24997.119
endpoint_ms,25003.462
endpoint_ms,24999.382
endpoint_ms,16814.712
endpoint_ms,16870.321
endpoint_ms,25059.778
endpoint_ms,24979.836
endpoint_ms,16870.198
endpoint_ms,25074.108
endpoint_ms,16824.748
endpoint_ms,16992.965
endpoint_ms,17000.009
endpoint_ms,17000.449
endpoint_ms,17005.180
endpoint_ms,25180.250
endpoint_ms,17079.161
endpoint_ms,17037.628
endpoint_ms,25390.144
endpoint_ms,17212.841
endpoint_ms,17204.090
endpoint_ms,17172.195
endpoint_ms,17175.847
endpoint_ms,25402.384
endpoint_ms,17164.707
endpoint_ms,17112.944
endpoint_ms,17514.962
endpoint_ms,17564.091
endpoint_ms,17613.061
endpoint_ms,17608.796
endpoint_ms,17617.558
endpoint_ms,26047.719
endpoint_ms,17610.131
endpoint_ms,17668.664
endpoint_ms,17710.864
endpoint_ms,17804.146
endpoint_ms,17721.654
endpoint_ms,17726.667
endpoint_ms,17726.479
endpoint_ms,26112.010
endpoint_ms,17711.793
endpoint_ms,26179.531
endpoint_ms,17704.656
endpoint_ms,26174.357
endpoint_ms,17772.827
endpoint_ms,17799.238
endpoint_ms,26335.826
endpoint_ms,17791.560
endpoint_ms,17862.483
endpoint_ms,17882.469
endpoint_ms,17771.292
endpoint_ms,17771.302
endpoint_ms,17878.401
endpoint_ms,17798.743
endpoint_ms,17796.748
endpoint_ms,17762.239
endpoint_ms,17796.492
endpoint_ms,17711.569
endpoint_ms,17796.334
endpoint_ms,17800.185
endpoint_ms,17738.120
endpoint_ms,17719.311
endpoint_ms,26536.437
endpoint_ms,26496.861
endpoint_ms,17792.294
endpoint_ms,17507.377
endpoint_ms,17519.577
endpoint_ms,17518.670
endpoint_ms,17421.273
endpoint_ms,17410.435
endpoint_ms,26590.195
endpoint_ms,26625.957
endpoint_ms,17503.578
endpoint_ms,26591.637
endpoint_ms,17503.579
endpoint_ms,26680.387
endpoint_ms,17553.454
endpoint_ms,17459.561
endpoint_ms,17476.051
endpoint_ms,17397.922
endpoint_ms,26514.047
endpoint_ms,26518.837
endpoint_ms,17304.801
endpoint_ms,26447.804
endpoint_ms,17467.954
endpoint_ms,26533.221
endpoint_ms,17494.725
endpoint_ms,17550.477
endpoint_ms,17393.671
endpoint_ms,26401.089
endpoint_ms,17417.486
endpoint_ms,17587.398
endpoint_ms,26388.971
endpoint_ms,17442.628
endpoint_ms,17515.998
endpoint_ms,17517.276
endpoint_ms,17389.676
endpoint_ms,17442.011
endpoint_ms,17512.556
endpoint_ms,17571.960
endpoint_ms,26382.073
endpoint_ms,17478.465
endpoint_ms,17325.052
endpoint_ms,17316.635
endpoint_ms,17340.021
endpoint_ms,17290.663
endpoint_ms,17409.088
endpoint_ms,26493.274
endpoint_ms,26431.645
endpoint_ms,26422.056
endpoint_ms,26386.180
endpoint_ms,17312.709
endpoint_ms,26439.371
endpoint_ms,17279.842
endpoint_ms,17285.877
endpoint_ms,26398.820
endpoint_ms,26401.593
endpoint_ms,17282.665
endpoint_ms,17211.820
endpoint_ms,17307.824
endpoint_ms,26389.171
endpoint_ms,17224.588
endpoint_ms,17196.545
endpoint_ms,17194.899
endpoint_ms,17129.515
endpoint_ms,17111.480
endpoint_ms,26478.429
endpoint_ms,17212.637
endpoint_ms,17217.117
endpoint_ms,26407.004
endpoint_ms,26400.708
endpoint_ms,17133.899
endpoint_ms,17138.781
endpoint_ms,17117.906
endpoint_ms,17055.714
endpoint_ms,26305.671
endpoint_ms,26321.847
endpoint_ms,17010.096
endpoint_ms,17021.288
endpoint_ms,13929.812
endpoint_ms,16260.618
endpoint_ms,4851.079
endpoint_ms,6247.797
endpoint_ms,8767.303
endpoint_ms,11248.143
endpoint_ms,13860.556
endpoint_ms,26474.407
endpoint_ms,12679.919
endpoint_ms,26393.900
endpoint_ms,13956.059
endpoint_ms,8764.986
endpoint_ms,7500.490
endpoint_ms,11249.887
endpoint_ms,7579.613
endpoint_ms,7573.663
endpoint_ms,12664.163
endpoint_ms,8683.349
endpoint_ms,16182.294
endpoint_ms,8685.224
endpoint_ms,8633.431
endpoint_ms,7587.747
endpoint_ms,16169.317
endpoint_ms,14986.058
endpoint_ms,6081.488
endpoint_ms,6162.999
endpoint_ms,26359.725
endpoint_ms,23989.159
endpoint_ms,25797.414
endpoint_ms,11117.268
endpoint_ms,8657.419
endpoint_ms,8649.666
endpoint_ms,11125.663
endpoint_ms,25789.876
endpoint_ms,8690.204
endpoint_ms,16116.656
endpoint_ms,14894.133
endpoint_ms,16124.425
endpoint_ms,7384.855
endpoint_ms,14804.167
endpoint_ms,8684.811
endpoint_ms,6130.184
endpoint_ms,5998.536
endpoint_ms,6028.695
endpoint_ms,5997.307
endpoint_ms,7433.331
endpoint_ms,6007.822
endpoint_ms,12485.291
endpoint_ms,16195.205
endpoint_ms,16143.004
endpoint_ms,13887.549
endpoint_ms,49.193
endpoint_ms,50.908
endpoint_ms,43.417
endpoint_ms,27.043
endpoint_ms,28.736
endpoint_ms,177.657
endpoint_ms,158.419
endpoint_ms,143.369
endpoint_ms,35.059
endpoint_ms,20.033
endpoint_ms,212.210
endpoint_ms,6.880
endpoint_ms,217.277
endpoint_ms,233.606
endpoint_ms,264.202
endpoint_ms,227.897
endpoint_ms,318.019
endpoint_ms,388.981
endpoint_ms,22.313
endpoint_ms,409.345
endpoint_ms,23.680
endpoint_ms,413.627
endpoint_ms,7.164
endpoint_ms,6.663
endpoint_ms,41.073
endpoint_ms,499.341
endpoint_ms,37.999
endpoint_ms,565.853
endpoint_ms,610.739
endpoint_ms,693.370
endpoint_ms,647.122
endpoint_ms,29.703
endpoint_ms,738.635
endpoint_ms,15.131
endpoint_ms,8.311
endpoint_ms,758.950
endpoint_ms,734.200
endpoint_ms,25.030
endpoint_ms,808.357
endpoint_ms,12.446
endpoint_ms,830.691
endpoint_ms,906.119
endpoint_ms,11.924
endpoint_ms,967.128
endpoint_ms,35.668
endpoint_ms,21.870
endpoint_ms,914.617
endpoint_ms,948.693
endpoint_ms,1048.864
endpoint_ms,1037.372
endpoint_ms,8.948
endpoint_ms,1172.200
endpoint_ms,1127.749
endpoint_ms,10.313
endpoint_ms,1178.654
endpoint_ms,1263.293
endpoint_ms,1174.924
endpoint_ms,1160.704
endpoint_ms,31.812
endpoint_ms,12.054
endpoint_ms,10.252
endpoint_ms,1176.626
endpoint_ms,1214.155
endpoint_ms,8.616
endpoint_ms,1279.233
endpoint_ms,8.658
endpoint_ms,1281.065
endpoint_ms,14.195
endpoint_ms,1234.648
endpoint_ms,22.636
endpoint_ms,9.427
endpoint_ms,1318.871
endpoint_ms,1301.652
endpoint_ms,1237.188
endpoint_ms,7.829
endpoint_ms,7.774
endpoint_ms,11.072
endpoint_ms,1353.489
endpoint_ms,1349.252
endpoint_ms,1324.020
endpoint_ms,1403.318
endpoint_ms,10.774
endpoint_ms,10.908
endpoint_ms,7.806
endpoint_ms,8.093
endpoint_ms,1442.849
endpoint_ms,1450.359
endpoint_ms,1496.871
endpoint_ms,1376.310
endpoint_ms,9.152
endpoint_ms,8.447
endpoint_ms,1349.894
endpoint_ms,1446.032
endpoint_ms,1396.565
endpoint_ms,8.838
endpoint_ms,1443.564
endpoint_ms,1380.240
endpoint_ms,1514.496
endpoint_ms,7.702
endpoint_ms,9.096
endpoint_ms,1519.357
endpoint_ms,13.257
endpoint_ms,1591.896
endpoint_ms,1572.026
endpoint_ms,9.634
endpoint_ms,1584.959
endpoint_ms,8.365
endpoint_ms,1590.544
endpoint_ms,1628.250
endpoint_ms,33.013
endpoint_ms,18.906
endpoint_ms,10.008
endpoint_ms,1703.606
endpoint_ms,1695.175
endpoint_ms,8.189
endpoint_ms,1696.477
endpoint_ms,8.376
endpoint_ms,1724.692
endpoint_ms,1643.593
endpoint_ms,13.086
endpoint_ms,12.831
endpoint_ms,1861.801
endpoint_ms,1857.854
endpoint_ms,1791.551
endpoint_ms,1743.196
endpoint_ms,1762.028
endpoint_ms,1662.662
endpoint_ms,333.614
endpoint_ms,1817.351
endpoint_ms,1857.081
endpoint_ms,1839.565
endpoint_ms,472.503
endpoint_ms,1896.654
endpoint_ms,1870.274
endpoint_ms,1952.140
endpoint_ms,1918.864
endpoint_ms,1938.329
endpoint_ms,1957.386
endpoint_ms,1861.504
endpoint_ms,2002.951
endpoint_ms,1989.753
endpoint_ms,1971.555
endpoint_ms,1986.382
endpoint_ms,2060.954
endpoint_ms,2126.310
endpoint_ms,2044.712
endpoint_ms,995.460
endpoint_ms,1084.759
endpoint_ms,1089.575
endpoint_ms,2127.901
endpoint_ms,2266.259
endpoint_ms,2201.354
endpoint_ms,2228.056
endpoint_ms,2228.325
endpoint_ms,2267.029
endpoint_ms,2260.169
endpoint_ms,2208.450
endpoint_ms,2289.844
endpoint_ms,2313.339
endpoint_ms,2389.301
endpoint_ms,2396.499
endpoint_ms,2321.864
endpoint_ms,2392.892
endpoint_ms,2440.801
endpoint_ms,2454.823
endpoint_ms,2416.538
endpoint_ms,2356.669
endpoint_ms,1605.770
endpoint_ms,2500.363
endpoint_ms,2527.163
endpoint_ms,1698.425
endpoint_ms,2511.672
endpoint_ms,1700.374
endpoint_ms,2603.442
endpoint_ms,2630.658
endpoint_ms,2536.965
endpoint_ms,2636.114
endpoint_ms,2536.562
endpoint_ms,2617.721
endpoint_ms,1710.600
endpoint_ms,2611.651
endpoint_ms,2708.434
endpoint_ms,1801.248
endpoint_ms,1810.466
endpoint_ms,1712.742
endpoint_ms,2711.841
endpoint_ms,2793.695
endpoint_ms,2710.404
endpoint_ms,1773.813
endpoint_ms,2785.367
endpoint_ms,2809.107
endpoint_ms,1720.851
endpoint_ms,2819.553
endpoint_ms,2734.273
endpoint_ms,1795.284
endpoint_ms,2797.979
endpoint_ms,2811.670
endpoint_ms,1736.948
endpoint_ms,2818.274
endpoint_ms,1796.297
endpoint_ms,1797.214
endpoint_ms,2810.573
endpoint_ms,2827.089
endpoint_ms,2835.255
endpoint_ms,2826.412
endpoint_ms,1777.408
endpoint_ms,1811.440
endpoint_ms,2924.693
endpoint_ms,2892.957
endpoint_ms,2905.724
endpoint_ms,2845.333
endpoint_ms,1903.629
endpoint_ms,2984.324
endpoint_ms,2984.685
endpoint_ms,2992.627
endpoint_ms,3012.509
endpoint_ms,3015.632
endpoint_ms,3100.681
endpoint_ms,2821.948
endpoint_ms,2945.432
endpoint_ms,2884.178
endpoint_ms,2871.214
endpoint_ms,2877.820
endpoint_ms,2972.032
endpoint_ms,2078.332
endpoint_ms,2999.815
endpoint_ms,2908.314
endpoint_ms,2966.444
endpoint_ms,2172.335
endpoint_ms,2163.867
endpoint_ms,2911.391
endpoint_ms,2993.177
endpoint_ms,2892.325
endpoint_ms,2975.379
endpoint_ms,2989.195
endpoint_ms,2933.436
endpoint_ms,3057.553
endpoint_ms,2202.750
endpoint_ms,2196.024
endpoint_ms,3105.069
endpoint_ms,3021.175
endpoint_ms,2270.084
endpoint_ms,3079.791
endpoint_ms,3013.262
endpoint_ms,3070.518
endpoint_ms,2984.193
endpoint_ms,2183.624
endpoint_ms,3018.424
endpoint_ms,2271.817
endpoint_ms,3093.788
endpoint_ms,2276.227
endpoint_ms,3175.444
endpoint_ms,2281.578
endpoint_ms,3104.421
endpoint_ms,3116.076
endpoint_ms,3115.670
endpoint_ms,3120.462
endpoint_ms,3132.423
endpoint_ms,3126.701
endpoint_ms,3076.329
endpoint_ms,3185.110
endpoint_ms,3204.851
endpoint_ms,2195.350
endpoint_ms,3121.346
endpoint_ms,3095.950
endpoint_ms,2212.882
endpoint_ms,2198.395
endpoint_ms,3113.098
endpoint_ms,3203.879
endpoint_ms,3368.128
endpoint_ms,3192.265
endpoint_ms,3321.576
endpoint_ms,3328.828
endpoint_ms,3275.678
endpoint_ms,3307.265
endpoint_ms,3302.092
endpoint_ms,3338.229
endpoint_ms,3292.167
endpoint_ms,3290.208
endpoint_ms,3283.784
endpoint_ms,3300.422
endpoint_ms,3299.135
endpoint_ms,3376.666
endpoint_ms,3401.067
endpoint_ms,2507.134
endpoint_ms,2495.504
endpoint_ms,3327.597
endpoint_ms,2500.436
endpoint_ms,2588.098
endpoint_ms,3414.097
endpoint_ms,2622.898
endpoint_ms,2653.164
endpoint_ms,2654.956
endpoint_ms,3472.674
endpoint_ms,3386.637
endpoint_ms,2604.873
endpoint_ms,2675.338
endpoint_ms,2691.617
endpoint_ms,3489.887
endpoint_ms,3416.838
endpoint_ms,3469.544
endpoint_ms,3474.042
endpoint_ms,3582.574
endpoint_ms,2725.573
endpoint_ms,3411.971
endpoint_ms,2717.191
endpoint_ms,2768.252
endpoint_ms,3471.322
endpoint_ms,3491.076
endpoint_ms,3518.617
endpoint_ms,3511.370
endpoint_ms,3514.531
endpoint_ms,2902.908
endpoint_ms,3672.964
endpoint_ms,2978.216
endpoint_ms,3026.387
endpoint_ms,3672.951
endpoint_ms,3693.849
endpoint_ms,3696.612
endpoint_ms,3169.965
endpoint_ms,3714.613
endpoint_ms,3193.222
endpoint_ms,3735.495
endpoint_ms,3716.550
endpoint_ms,3697.418
endpoint_ms,3263.327
endpoint_ms,3717.648
endpoint_ms,3728.012
endpoint_ms,3720.754
endpoint_ms,3710.175
endpoint_ms,3772.260
endpoint_ms,3786.751
endpoint_ms,3803.931
endpoint_ms,3798.659
endpoint_ms,3986.558
endpoint_ms,3983.007
endpoint_ms,4025.700
endpoint_ms,3991.436
endpoint_ms,3971.658
endpoint_ms,3982.638
endpoint_ms,3564.623
endpoint_ms,3493.572
endpoint_ms,3977.060
endpoint_ms,3984.127
endpoint_ms,4017.713
endpoint_ms,3927.291
endpoint_ms,3953.674
endpoint_ms,4016.006
endpoint_ms,3983.756
endpoint_ms,3980.862
endpoint_ms,3963.723
endpoint_ms,4009.767
endpoint_ms,4115.322
endpoint_ms,3944.507
endpoint_ms,3604.850
endpoint_ms,3544.968
endpoint_ms,3616.774
endpoint_ms,4016.658
endpoint_ms,4039.222
endpoint_ms,3683.316
endpoint_ms,4094.125
endpoint_ms,3769.711
endpoint_ms,4120.276
endpoint_ms,3795.706
endpoint_ms,4011.783
endpoint_ms,3874.903
endpoint_ms,3887.325
endpoint_ms,4018.107
endpoint_ms,4116.976
endpoint_ms,4003.127
endpoint_ms,4107.690
endpoint_ms,4121.245
endpoint_ms,4024.561
endpoint_ms,4023.836
endpoint_ms,4111.445
endpoint_ms,4176.118
endpoint_ms,4194.751
endpoint_ms,4109.903
endpoint_ms,4130.540
endpoint_ms,4161.479
endpoint_ms,4195.123
endpoint_ms,4214.371
endpoint_ms,4211.077
endpoint_ms,4221.810
endpoint_ms,4123.062
endpoint_ms,4166.717
endpoint_ms,4200.774
endpoint_ms,4227.603
endpoint_ms,4231.999
endpoint_ms,4180.019
endpoint_ms,4267.305
endpoint_ms,4195.143
endpoint_ms,4303.632
endpoint_ms,4277.127
endpoint_ms,4278.467
endpoint_ms,4485.827
endpoint_ms,4317.684
endpoint_ms,4335.313
endpoint_ms,4260.784
endpoint_ms,4295.610
endpoint_ms,4516.184
endpoint_ms,4298.449
endpoint_ms,4227.855
endpoint_ms,4492.994
endpoint_ms,4293.338
endpoint_ms,4314.569
endpoint_ms,4536.557
endpoint_ms,4315.274
endpoint_ms,4300.344
endpoint_ms,4400.234
endpoint_ms,4326.661
endpoint_ms,4408.717
endpoint_ms,4392.084
endpoint_ms,4678.024
endpoint_ms,4324.202
endpoint_ms,4722.812
endpoint_ms,4440.571
endpoint_ms,4412.173
endpoint_ms,4750.244
endpoint_ms,4750.108
endpoint_ms,4428.094
endpoint_ms,4507.415
endpoint_ms,4593.091
endpoint_ms,4926.685
endpoint_ms,4546.514
endpoint_ms,4584.457
endpoint_ms,4581.998
endpoint_ms,4580.020
endpoint_ms,5033.977
endpoint_ms,5011.881
endpoint_ms,4634.991
endpoint_ms,4628.633
endpoint_ms,4633.310
endpoint_ms,4723.590
endpoint_ms,5181.132
endpoint_ms,4706.016
endpoint_ms,5206.112
endpoint_ms,5287.098
endpoint_ms,4705.552
endpoint_ms,4814.775
endpoint_ms,4720.994
endpoint_ms,4704.114
endpoint_ms,4777.568
endpoint_ms,4788.583
endpoint_ms,5330.804
endpoint_ms,4721.632
endpoint_ms,4771.879
endpoint_ms,4703.775
endpoint_ms,4722.154
endpoint_ms,4713.724
endpoint_ms,4745.887
endpoint_ms,4725.315
endpoint_ms,4628.515
endpoint_ms,5433.142
endpoint_ms,4779.427
endpoint_ms,4741.361
endpoint_ms,5523.985
endpoint_ms,4762.898
endpoint_ms,5610.637
endpoint_ms,5617.946
endpoint_ms,5545.524
endpoint_ms,5525.264
endpoint_ms,5540.109
endpoint_ms,5539.147
endpoint_ms,4766.506
endpoint_ms,4788.427
endpoint_ms,4792.183
endpoint_ms,4909.973
endpoint_ms,5787.390
endpoint_ms,5000.718
endpoint_ms,5000.784
endpoint_ms,5012.752
endpoint_ms,4903.609
endpoint_ms,4934.660
endpoint_ms,4908.873
endpoint_ms,4898.335
endpoint_ms,4910.499
endpoint_ms,4985.525
endpoint_ms,5710.607
endpoint_ms,5706.716
endpoint_ms,5725.311
endpoint_ms,4920.885
endpoint_ms,4958.794
endpoint_ms,4992.801
endpoint_ms,5794.718
endpoint_ms,4970.456
endpoint_ms,5010.498
endpoint_ms,4922.505
endpoint_ms,4945.750
endpoint_ms,4993.287
endpoint_ms,5784.351
endpoint_ms,5000.458
endpoint_ms,4993.182
endpoint_ms,5888.973
endpoint_ms,5082.624
endpoint_ms,5104.923
endpoint_ms,6058.173
endpoint_ms,5066.663
endpoint_ms,5029.643
endpoint_ms,5105.616
endpoint_ms,5108.604
endpoint_ms,5205.539
endpoint_ms,5145.550
endpoint_ms,5226.611
endpoint_ms,5124.940
endpoint_ms,6127.598
endpoint_ms,5186.630
endpoint_ms,5184.471
endpoint_ms,5208.286
endpoint_ms,6194.285
endpoint_ms,5267.793
endpoint_ms,5396.666
endpoint_ms,6319.598
endpoint_ms,6390.396
endpoint_ms,6303.536
endpoint_ms,6495.546
endpoint_ms,5499.442
endpoint_ms,6498.344
endpoint_ms,5508.156
endpoint_ms,5561.756
endpoint_ms,5597.526
endpoint_ms,5593.506
endpoint_ms,5592.520
endpoint_ms,6628.123
endpoint_ms,6594.973
endpoint_ms,6703.891
endpoint_ms,6664.023
endpoint_ms,5588.282
endpoint_ms,6689.358
endpoint_ms,6691.550
endpoint_ms,5701.201
endpoint_ms,6783.788
endpoint_ms,5680.084
endpoint_ms,5702.902
endpoint_ms,6795.288
endpoint_ms,6785.769
endpoint_ms,5811.627
endpoint_ms,5749.568
endpoint_ms,5800.800
endpoint_ms,6879.794
endpoint_ms,5789.205
endpoint_ms,5831.015
endpoint_ms,5793.640
endpoint_ms,5839.516
endpoint_ms,5842.115
endpoint_ms,5904.522
endpoint_ms,5864.145
endpoint_ms,5868.060
endpoint_ms,6926.997
endpoint_ms,5783.272
endpoint_ms,5845.797
endpoint_ms,5898.304
endpoint_ms,7012.437
endpoint_ms,5932.785
endpoint_ms,5919.545
endpoint_ms,5959.905
endpoint_ms,5978.467
endpoint_ms,6001.222
endpoint_ms,6004.535
endpoint_ms,7194.107
endpoint_ms,5936.556
endpoint_ms,6052.587
endpoint_ms,6108.116
endpoint_ms,6100.872
endpoint_ms,6118.424
endpoint_ms,6023.715
endpoint_ms,6105.276
endpoint_ms,7324.732
endpoint_ms,7328.107
endpoint_ms,6117.174
endpoint_ms,5995.781
endpoint_ms,7417.400
endpoint_ms,6122.804
endpoint_ms,6126.660
endpoint_ms,6168.558
endpoint_ms,6224.127
endpoint_ms,6295.757
endpoint_ms,7687.575
endpoint_ms,6305.077
endpoint_ms,6301.921
endpoint_ms,7642.446
endpoint_ms,6309.752
endpoint_ms,7694.845
endpoint_ms,6384.575
endpoint_ms,6322.334
endpoint_ms,6401.069
endpoint_ms,7822.750
endpoint_ms,6449.167
endpoint_ms,6492.971
endpoint_ms,6525.101
endpoint_ms,6524.894
endpoint_ms,6584.172
endpoint_ms,6565.759
endpoint_ms,8090.135
endpoint_ms,6727.358
endpoint_ms,8127.082
endpoint_ms,6696.675
endpoint_ms,8169.567
endpoint_ms,8179.109
endpoint_ms,8110.628
endpoint_ms,6773.643
endpoint_ms,6780.768
endpoint_ms,8196.559
endpoint_ms,6780.535
endpoint_ms,6804.562
endpoint_ms,6793.083
endpoint_ms,6750.861
endpoint_ms,6806.562
endpoint_ms,6674.532
endpoint_ms,6686.618
endpoint_ms,6763.119
endpoint_ms,6790.626
endpoint_ms,6699.567
endpoint_ms,6805.563
endpoint_ms,6822.286
endpoint_ms,8297.124
endpoint_ms,6825.320
endpoint_ms,8361.816
endpoint_ms,6876.678
endpoint_ms,8406.531
endpoint_ms,6822.285
endpoint_ms,6861.010
endpoint_ms,8497.297
endpoint_ms,6877.567
endpoint_ms,8399.537
endpoint_ms,8421.176
endpoint_ms,6916.503
endpoint_ms,8357.975
endpoint_ms,6971.868
endpoint_ms,6963.748
endpoint_ms,6995.388
endpoint_ms,6897.218
endpoint_ms,7011.186
endpoint_ms,7016.927
endpoint_ms,8523.672
endpoint_ms,7057.981
endpoint_ms,7083.961
endpoint_ms,7167.564
endpoint_ms,8835.355
endpoint_ms,7121.949
endpoint_ms,7158.914
endpoint_ms,7201.970
endpoint_ms,7190.213
endpoint_ms,7214.561
endpoint_ms,7295.072
endpoint_ms,9057.396
endpoint_ms,7229.432
endpoint_ms,9019.682
endpoint_ms,7286.141
endpoint_ms,7288.864
endpoint_ms,7425.105
endpoint_ms,7300.301
endpoint_ms,7367.911
endpoint_ms,7485.001
endpoint_ms,7529.825
endpoint_ms,7437.868
endpoint_ms,7466.175
endpoint_ms,7496.042
endpoint_ms,7497.886
endpoint_ms,7575.913
endpoint_ms,7612.203
endpoint_ms,7528.753
endpoint_ms,7572.417
endpoint_ms,7573.303
endpoint_ms,7612.749
endpoint_ms,9488.752
endpoint_ms,7586.703
endpoint_ms,7333.162
endpoint_ms,7611.591
endpoint_ms,9872.623
endpoint_ms,9816.905
endpoint_ms,7734.987
endpoint_ms,7720.640
endpoint_ms,9965.300
endpoint_ms,9895.802
endpoint_ms,7708.675
endpoint_ms,7714.555
endpoint_ms,7715.477
endpoint_ms,7711.365
endpoint_ms,7777.671
endpoint_ms,7794.798
endpoint_ms,7697.907
endpoint_ms,7700.219
endpoint_ms,7609.773
endpoint_ms,7612.357
endpoint_ms,7789.968
endpoint_ms,7767.094
endpoint_ms,7796.335
endpoint_ms,10091.408
endpoint_ms,7805.097
endpoint_ms,10099.831
endpoint_ms,10190.195
endpoint_ms,7861.714
endpoint_ms,7861.003
endpoint_ms,10367.065
endpoint_ms,7920.343
endpoint_ms,7924.415
endpoint_ms,10299.953
endpoint_ms,10395.624
endpoint_ms,7987.810
endpoint_ms,7965.228
endpoint_ms,10402.084
endpoint_ms,10452.108
endpoint_ms,10393.835
endpoint_ms,8017.671
endpoint_ms,8117.148
endpoint_ms,10684.713
endpoint_ms,8179.029
endpoint_ms,8267.514
endpoint_ms,8307.161
endpoint_ms,8229.535
endpoint_ms,8236.527
endpoint_ms,8233.194
endpoint_ms,8328.476
endpoint_ms,8402.798
endpoint_ms,8395.154
endpoint_ms,8384.812
endpoint_ms,10997.535
endpoint_ms,8467.091
endpoint_ms,8408.288
endpoint_ms,8458.454
endpoint_ms,8499.059
endpoint_ms,8506.736
endpoint_ms,8604.968
endpoint_ms,8619.033
endpoint_ms,8604.956
endpoint_ms,8630.124
endpoint_ms,11235.875
endpoint_ms,8664.204
endpoint_ms,8624.799
endpoint_ms,8707.352
endpoint_ms,8702.235
endpoint_ms,8613.383
endpoint_ms,8703.191
endpoint_ms,11483.140
endpoint_ms,11309.285
endpoint_ms,11312.371
endpoint_ms,11378.616
endpoint_ms,8736.606
endpoint_ms,11332.424
endpoint_ms,8678.149
endpoint_ms,8689.411
endpoint_ms,11422.864
endpoint_ms,8719.529
endpoint_ms,8722.467
endpoint_ms,8768.133
endpoint_ms,8815.201
endpoint_ms,11492.321
endpoint_ms,11615.115
endpoint_ms,11624.433
endpoint_ms,8917.058
endpoint_ms,8922.130
endpoint_ms,8906.181
endpoint_ms,8893.151
endpoint_ms,11670.494
endpoint_ms,8908.777
endpoint_ms,8801.664
endpoint_ms,8973.689
endpoint_ms,9008.322
endpoint_ms,9025.651
endpoint_ms,9113.411
endpoint_ms,9082.393
endpoint_ms,9117.811
endpoint_ms,9145.858
endpoint_ms,9188.845
endpoint_ms,12072.056
endpoint_ms,9222.422
endpoint_ms,9113.611
endpoint_ms,9164.162
endpoint_ms,12174.868
endpoint_ms,12179.102
endpoint_ms,9217.989
endpoint_ms,12181.915
endpoint_ms,9211.321
endpoint_ms,9219.244
endpoint_ms,12279.690
endpoint_ms,9409.822
endpoint_ms,9444.001
endpoint_ms,9513.483
endpoint_ms,9452.020
endpoint_ms,9469.658
endpoint_ms,9611.568
endpoint_ms,9622.296
endpoint_ms,9686.107
endpoint_ms,12710.046
endpoint_ms,10098.242
endpoint_ms,13210.486
endpoint_ms,10108.547
endpoint_ms,10114.906
endpoint_ms,10183.340
endpoint_ms,13377.515
endpoint_ms,10168.785
endpoint_ms,10186.767
endpoint_ms,13310.434
endpoint_ms,10298.635
endpoint_ms,10271.148
endpoint_ms,10216.768
endpoint_ms,10197.773
endpoint_ms,10187.704
endpoint_ms,10203.237
endpoint_ms,10303.601
endpoint_ms,13416.371
endpoint_ms,10309.043
endpoint_ms,10374.044
endpoint_ms,10391.165
endpoint_ms,10381.555
endpoint_ms,10403.059
endpoint_ms,10338.966
endpoint_ms,10333.446
endpoint_ms,10428.844
endpoint_ms,13593.499
endpoint_ms,10325.507
endpoint_ms,13604.264
endpoint_ms,10295.367
endpoint_ms,10377.704
endpoint_ms,10394.656
endpoint_ms,10365.255
endpoint_ms,10418.732
endpoint_ms,10526.299
endpoint_ms,10598.463
endpoint_ms,10519.828
endpoint_ms,10579.779
endpoint_ms,14044.298
endpoint_ms,14047.500
endpoint_ms,10611.227
endpoint_ms,10625.261
endpoint_ms,10568.821
endpoint_ms,10535.899
endpoint_ms,10606.115
endpoint_ms,10587.302
endpoint_ms,10593.097
endpoint_ms,10606.023
endpoint_ms,14302.787
endpoint_ms,10677.005
endpoint_ms,10711.857
endpoint_ms,10669.065
endpoint_ms,10719.415
endpoint_ms,10669.507
endpoint_ms,10672.233
endpoint_ms,14321.172
endpoint_ms,10686.853
endpoint_ms,10722.932
endpoint_ms,10783.227
endpoint_ms,10785.393
endpoint_ms,14409.352
endpoint_ms,10856.718
endpoint_ms,10814.763
endpoint_ms,14710.120
endpoint_ms,10884.898
endpoint_ms,14704.349
endpoint_ms,10814.767
endpoint_ms,10840.908
endpoint_ms,10867.593
endpoint_ms,14682.527
endpoint_ms,10974.833
endpoint_ms,10779.595
endpoint_ms,14795.046
endpoint_ms,10812.671
endpoint_ms,14647.575
endpoint_ms,10804.606
endpoint_ms,10919.356
endpoint_ms,10815.986
endpoint_ms,10904.802
endpoint_ms,10901.680
endpoint_ms,10881.861
endpoint_ms,10891.023
endpoint_ms,10902.573
endpoint_ms,10910.628
endpoint_ms,10891.611
endpoint_ms,10917.452
endpoint_ms,15056.438
endpoint_ms,10982.483
endpoint_ms,15202.366
endpoint_ms,15110.801
endpoint_ms,11070.817
endpoint_ms,11212.645
endpoint_ms,11101.237
endpoint_ms,11122.838
endpoint_ms,11091.502
endpoint_ms,11204.187
endpoint_ms,11215.643
endpoint_ms,15561.335
endpoint_ms,11196.421
endpoint_ms,11199.756
endpoint_ms,11222.984
endpoint_ms,15480.441
endpoint_ms,11196.574
endpoint_ms,15562.880
endpoint_ms,11291.097
endpoint_ms,11319.422
endpoint_ms,11223.011
endpoint_ms,11285.521
endpoint_ms,11313.949
endpoint_ms,11413.021
endpoint_ms,11416.838
endpoint_ms,15929.734
endpoint_ms,11497.319
endpoint_ms,11402.716
endpoint_ms,11316.319
endpoint_ms,11325.119
endpoint_ms,11343.205
endpoint_ms,11316.312
endpoint_ms,11379.146
endpoint_ms,16291.624
endpoint_ms,11445.139
endpoint_ms,11498.477
endpoint_ms,16185.528
endpoint_ms,11506.671
endpoint_ms,11472.972
endpoint_ms,11552.253
endpoint_ms,11503.054
endpoint_ms,11719.344
endpoint_ms,11712.182
endpoint_ms,11610.667
endpoint_ms,11738.511
endpoint_ms,11650.241
endpoint_ms,11702.293
endpoint_ms,11699.665
endpoint_ms,16761.465
endpoint_ms,11878.350
endpoint_ms,11892.795
endpoint_ms,11783.273
endpoint_ms,11879.495
endpoint_ms,11908.608
endpoint_ms,12121.886
endpoint_ms,11880.520
endpoint_ms,11882.684
endpoint_ms,16956.058
endpoint_ms,11909.243
endpoint_ms,11894.966
endpoint_ms,11878.962
endpoint_ms,11914.035
endpoint_ms,12393.024
endpoint_ms,12493.542
endpoint_ms,12509.686
endpoint_ms,12520.714
endpoint_ms,12618.653
endpoint_ms,17870.204
endpoint_ms,17823.318
endpoint_ms,12693.663
endpoint_ms,12766.385
endpoint_ms,12859.972
endpoint_ms,17785.700
endpoint_ms,12808.534
endpoint_ms,12868.208
endpoint_ms,12873.567
endpoint_ms,13017.223
endpoint_ms,12979.818
endpoint_ms,12982.349
endpoint_ms,13072.527
endpoint_ms,18387.016
endpoint_ms,13239.119
endpoint_ms,13135.464
endpoint_ms,13116.164
endpoint_ms,13211.500
endpoint_ms,13210.697
endpoint_ms,13233.603
endpoint_ms,13320.387
endpoint_ms,13454.501
endpoint_ms,18712.207
endpoint_ms,18866.376
endpoint_ms,18818.404
endpoint_ms,13524.123
endpoint_ms,13529.291
endpoint_ms,18807.255
endpoint_ms,18823.373
endpoint_ms,18737.652
endpoint_ms,13536.126
endpoint_ms,13608.433
endpoint_ms,13610.412
endpoint_ms,13588.713
endpoint_ms,13625.094
endpoint_ms,13630.263
endpoint_ms,13537.422
endpoint_ms,13595.108
endpoint_ms,13711.987
endpoint_ms,19052.120
endpoint_ms,13799.439
endpoint_ms,13882.069
endpoint_ms,13782.011
endpoint_ms,13858.296
endpoint_ms,19111.920
endpoint_ms,19182.212
endpoint_ms,13797.736
endpoint_ms,13852.665
endpoint_ms,13911.070
endpoint_ms,19138.711
endpoint_ms,14035.497
endpoint_ms,19376.832
endpoint_ms,14067.318
endpoint_ms,14163.800
endpoint_ms,14189.937
endpoint_ms,14180.918
endpoint_ms,14150.036
endpoint_ms,14147.489
endpoint_ms,14184.405
endpoint_ms,14180.779
endpoint_ms,19812.825
endpoint_ms,19813.385
endpoint_ms,14261.712
endpoint_ms,14279.754
endpoint_ms,14218.413
endpoint_ms,14295.075
endpoint_ms,14286.421
endpoint_ms,14295.980
endpoint_ms,20186.398
endpoint_ms,14392.656
endpoint_ms,14488.672
endpoint_ms,14495.413
endpoint_ms,14312.299
endpoint_ms,14367.738
endpoint_ms,20289.592
endpoint_ms,14122.643
endpoint_ms,14432.057
endpoint_ms,14197.714
endpoint_ms,14205.577
endpoint_ms,14211.023
endpoint_ms,14216.608
endpoint_ms,14144.031
endpoint_ms,14253.798
endpoint_ms,14286.164
endpoint_ms,14458.077
endpoint_ms,14456.147
endpoint_ms,14461.645
endpoint_ms,14486.404
endpoint_ms,14504.865
endpoint_ms,14584.490
endpoint_ms,14537.923
endpoint_ms,20800.800
endpoint_ms,14666.680
endpoint_ms,14679.720
endpoint_ms,14638.751
endpoint_ms,14679.833
endpoint_ms,20815.690
endpoint_ms,14627.590
endpoint_ms,20856.216
endpoint_ms,14580.879
endpoint_ms,14699.843
endpoint_ms,14590.610
endpoint_ms,14624.969
endpoint_ms,14620.217
endpoint_ms,14704.226
endpoint_ms,21451.154
endpoint_ms,15106.993
endpoint_ms,15183.466
endpoint_ms,15091.081
endpoint_ms,15226.550
endpoint_ms,15188.355
endpoint_ms,15194.332
endpoint_ms,15204.367
endpoint_ms,15191.150
endpoint_ms,21604.642
endpoint_ms,15178.282
endpoint_ms,21693.612
endpoint_ms,21700.150
endpoint_ms,15283.831
endpoint_ms,15185.927
endpoint_ms,15205.765
endpoint_ms,15116.842
endpoint_ms,15206.781
endpoint_ms,15288.691
endpoint_ms,15408.777
endpoint_ms,15395.289
endpoint_ms,15302.187
endpoint_ms,15298.861
endpoint_ms,15323.929
endpoint_ms,22167.395
endpoint_ms,15486.625
endpoint_ms,22179.543
endpoint_ms,22127.734
endpoint_ms,15522.610
endpoint_ms,22102.602
endpoint_ms,22116.143
endpoint_ms,22169.710
endpoint_ms,15465.927
endpoint_ms,22167.604
endpoint_ms,22172.670
endpoint_ms,15573.171
endpoint_ms,15614.605
endpoint_ms,15436.861
endpoint_ms,15456.803
endpoint_ms,15511.241
endpoint_ms,15623.185
endpoint_ms,15594.835
endpoint_ms,15615.994
endpoint_ms,22601.059
endpoint_ms,15674.779
endpoint_ms,22662.106
endpoint_ms,22764.080
endpoint_ms,15827.782
endpoint_ms,15895.528
endpoint_ms,15835.434
endpoint_ms,15827.174
endpoint_ms,15833.942
endpoint_ms,15830.900
endpoint_ms,15764.825
endpoint_ms,15786.831
endpoint_ms,15813.284
endpoint_ms,22899.836
endpoint_ms,22801.983
endpoint_ms,15927.518
endpoint_ms,15934.462
endpoint_ms,22918.529
endpoint_ms,15765.164
endpoint_ms,15962.866
endpoint_ms,15967.381
endpoint_ms,15992.964
endpoint_ms,15993.413
endpoint_ms,16025.316
endpoint_ms,23211.665
endpoint_ms,16073.715
endpoint_ms,23277.306
endpoint_ms,16052.784
endpoint_ms,16077.018
endpoint_ms,16161.827
endpoint_ms,23414.753
endpoint_ms,16330.413
endpoint_ms,16349.869
endpoint_ms,16271.622
endpoint_ms,16268.329
endpoint_ms,16299.779
endpoint_ms,16330.416
endpoint_ms,16353.535
endpoint_ms,16374.520
endpoint_ms,16327.092
endpoint_ms,23675.338
endpoint_ms,16330.419
endpoint_ms,16348.194
endpoint_ms,16347.855
endpoint_ms,16330.414
endpoint_ms,16331.586
endpoint_ms,16317.448
endpoint_ms,16472.682
endpoint_ms,16419.323
endpoint_ms,16402.002
endpoint_ms,16426.367
endpoint_ms,16388.635
endpoint_ms,24020.739
endpoint_ms,16601.080
endpoint_ms,16612.300
endpoint_ms,16606.177
endpoint_ms,16677.305
endpoint_ms,16700.191
endpoint_ms,24297.499
endpoint_ms,16663.252
endpoint_ms,16868.717
endpoint_ms,16725.157
endpoint_ms,16731.661
endpoint_ms,16798.242
endpoint_ms,24649.458
endpoint_ms,16787.506
endpoint_ms,16866.581
endpoint_ms,16832.736
endpoint_ms,16770.642
endpoint_ms,16905.115
endpoint_ms,16914.856
endpoint_ms,16937.691
endpoint_ms,16991.255
endpoint_ms,16978.867
endpoint_ms,24884.524
endpoint_ms,17082.711
endpoint_ms,24941.699
endpoint_ms,24928.413
endpoint_ms,17133.889
endpoint_ms,24850.326
endpoint_ms,17051.675
endpoint_ms,24907.312
endpoint_ms,17069.724
endpoint_ms,17283.934
endpoint_ms,17228.273
endpoint_ms,17214.774
endpoint_ms,17232.259
endpoint_ms,17220.775
endpoint_ms,17221.609
endpoint_ms,17698.972
endpoint_ms,17689.352
endpoint_ms,17789.602
endpoint_ms,25967.635
endpoint_ms,17717.940
endpoint_ms,17723.016
endpoint_ms,25844.566
endpoint_ms,17775.201
endpoint_ms,25771.320
endpoint_ms,17707.969
endpoint_ms,17797.950
endpoint_ms,17802.299
endpoint_ms,17786.343
endpoint_ms,26081.461
endpoint_ms,17738.965
endpoint_ms,17751.635
endpoint_ms,26081.753
endpoint_ms,17743.263
endpoint_ms,26100.160
endpoint_ms,17755.385
endpoint_ms,17767.816
endpoint_ms,17727.798
endpoint_ms,26161.605
endpoint_ms,26215.607
endpoint_ms,17791.403
endpoint_ms,26216.421
endpoint_ms,17861.826
endpoint_ms,26283.059
endpoint_ms,17511.776
endpoint_ms,17522.491
endpoint_ms,17480.938
endpoint_ms,17400.106
endpoint_ms,17392.748
endpoint_ms,17498.165
endpoint_ms,17402.679
endpoint_ms,26100.571
endpoint_ms,26103.809
endpoint_ms,17460.971
endpoint_ms,17493.696
endpoint_ms,17523.282
endpoint_ms,26025.227
endpoint_ms,17378.575
endpoint_ms,17412.527
endpoint_ms,17478.199
endpoint_ms,17479.510
endpoint_ms,17583.136
endpoint_ms,17600.893
endpoint_ms,26128.345
endpoint_ms,17449.514
endpoint_ms,26125.820
endpoint_ms,17506.324
endpoint_ms,17570.898
endpoint_ms,17595.756
endpoint_ms,17602.436
endpoint_ms,17590.513
endpoint_ms,17481.212
endpoint_ms,26112.491
endpoint_ms,26092.762
endpoint_ms,17349.334
endpoint_ms,17256.253
endpoint_ms,17324.692
endpoint_ms,26027.327
endpoint_ms,17296.778
endpoint_ms,17311.355
endpoint_ms,17288.501
endpoint_ms,17289.675
endpoint_ms,17226.392
endpoint_ms,17296.095
endpoint_ms,17328.799
endpoint_ms,17197.877
endpoint_ms,17200.699
endpoint_ms,26220.074
endpoint_ms,26230.352
endpoint_ms,17245.818
endpoint_ms,17215.672
endpoint_ms,17122.822
endpoint_ms,17156.133
endpoint_ms,17156.685
endpoint_ms,25952.989
endpoint_ms,17096.489
endpoint_ms,17109.332
endpoint_ms,8743.825
endpoint_ms,13930.983
endpoint_ms,11245.118
endpoint_ms,5698.202
endpoint_ms,5693.618
endpoint_ms,4157.984
endpoint_ms,5668.426
endpoint_ms,5555.130
endpoint_ms,5570.610
endpoint_ms,3663.805
endpoint_ms,5545.007
endpoint_ms,5570.115
endpoint_ms,5367.720
endpoint_ms,3405.668
endpoint_ms,5299.752
endpoint_ms,5302.937
endpoint_ms,5085.305
endpoint_ms,4882.935
endpoint_ms,3065.244
endpoint_ms,4584.538
endpoint_ms,4575.434
endpoint_ms,4385.438
endpoint_ms,4289.710
endpoint_ms,4296.507
endpoint_ms,4271.875
endpoint_ms,4259.006
endpoint_ms,3777.894
endpoint_ms,3584.600
endpoint_ms,3584.351
endpoint_ms,3475.480
endpoint_ms,4807.795
endpoint_ms,4801.460
endpoint_ms,11286.925
endpoint_ms,12796.858
endpoint_ms,7600.802
endpoint_ms,8787.775
endpoint_ms,10081.743
endpoint_ms,11275.769
endpoint_ms,15010.690
endpoint_ms,4833.291
endpoint_ms,25721.905
endpoint_ms,25721.130
endpoint_ms,10003.852
endpoint_ms,11208.103
endpoint_ms,6136.938
endpoint_ms,4797.382
endpoint_ms,3113.350
endpoint_ms,4794.024
endpoint_ms,7914.954
endpoint_ms,6137.958
endpoint_ms,8703.589
endpoint_ms,8703.414
endpoint_ms,6140.380
endpoint_ms,10016.891
endpoint_ms,16131.665
endpoint_ms,16088.348
endpoint_ms,16134.009
endpoint_ms,8690.984
endpoint_ms,11143.146
endpoint_ms,6034.186
endpoint_ms,6134.416
endpoint_ms,11089.661
endpoint_ms,7370.650
endpoint_ms,8673.134
endpoint_ms,12598.126
endpoint_ms,9932.428
endpoint_ms,4709.778
endpoint_ms,11158.583
endpoint_ms,13785.086
endpoint_ms,12566.631
endpoint_ms,7434.337
endpoint_ms,4710.510
endpoint_ms,3228.030
endpoint_ms,26.426
endpoint_ms,49.048
endpoint_ms,14.877
endpoint_ms,88.945
endpoint_ms,13.736
endpoint_ms,8.227
endpoint_ms,287.386
endpoint_ms,39.020
endpoint_ms,10.429
endpoint_ms,25.219
endpoint_ms,348.765
endpoint_ms,359.173
endpoint_ms,10.347
endpoint_ms,473.016
endpoint_ms,452.740
endpoint_ms,528.696
endpoint_ms,8.146
endpoint_ms,7.843
endpoint_ms,21.787
endpoint_ms,662.729
endpoint_ms,37.248
endpoint_ms,11.804
endpoint_ms,786.768
endpoint_ms,808.481
endpoint_ms,12.609
endpoint_ms,8.974
endpoint_ms,845.542
endpoint_ms,21.299
endpoint_ms,984.927
endpoint_ms,1013.164
endpoint_ms,36.452
endpoint_ms,1131.055
endpoint_ms,50.026
endpoint_ms,9.572
endpoint_ms,1134.541
endpoint_ms,1178.893
endpoint_ms,16.223
endpoint_ms,9.284
endpoint_ms,1238.626
endpoint_ms,1262.779
endpoint_ms,1260.265
endpoint_ms,1268.669
endpoint_ms,1211.525
endpoint_ms,1234.658
endpoint_ms,52.833
endpoint_ms,1238.197
endpoint_ms,1278.192
endpoint_ms,1306.919
endpoint_ms,1313.016
endpoint_ms,1378.855
endpoint_ms,1394.771
endpoint_ms,1283.072
endpoint_ms,8.745
endpoint_ms,1354.441
endpoint_ms,57.711
endpoint_ms,1392.324
endpoint_ms,1403.647
endpoint_ms,1410.513
endpoint_ms,70.553
endpoint_ms,1413.688
endpoint_ms,38.674
endpoint_ms,1459.047
endpoint_ms,1429.791
endpoint_ms,1473.739
endpoint_ms,1475.510
endpoint_ms,1434.036
endpoint_ms,1481.242
endpoint_ms,1486.044
endpoint_ms,10.146
endpoint_ms,17.515
endpoint_ms,1438.822
endpoint_ms,1502.996
endpoint_ms,1480.534
endpoint_ms,1468.805
endpoint_ms,54.450
endpoint_ms,20.341
endpoint_ms,9.821
endpoint_ms,1570.532
endpoint_ms,1588.862
endpoint_ms,1599.577
endpoint_ms,1591.048
endpoint_ms,1575.051
endpoint_ms,1671.052
endpoint_ms,1805.708
endpoint_ms,1686.399
endpoint_ms,1672.584
endpoint_ms,1703.446
endpoint_ms,1660.897
endpoint_ms,1723.526
endpoint_ms,1800.024
endpoint_ms,1815.380
endpoint_ms,1800.761
endpoint_ms,1811.608
endpoint_ms,1686.608
endpoint_ms,1756.576
endpoint_ms,1876.693
endpoint_ms,1770.539
endpoint_ms,1779.998
endpoint_ms,1794.598
endpoint_ms,1745.403
endpoint_ms,1882.510
endpoint_ms,1845.403
endpoint_ms,1856.567
endpoint_ms,1798.072
endpoint_ms,1822.751
endpoint_ms,1909.408
endpoint_ms,1888.107
endpoint_ms,1864.324
endpoint_ms,1995.288
endpoint_ms,1873.291
endpoint_ms,1853.345
endpoint_ms,1903.325
endpoint_ms,1887.798
endpoint_ms,1218.237
endpoint_ms,1037.114
endpoint_ms,2005.303
endpoint_ms,1993.515
endpoint_ms,1968.231
endpoint_ms,1995.210
endpoint_ms,2096.056
endpoint_ms,2024.288
endpoint_ms,2104.829
endpoint_ms,2095.081
endpoint_ms,2079.052
endpoint_ms,1948.818
endpoint_ms,2089.184
endpoint_ms,1154.005
endpoint_ms,2107.652
endpoint_ms,2103.026
endpoint_ms,1191.703
endpoint_ms,2023.993
endpoint_ms,1096.858
endpoint_ms,2087.638
endpoint_ms,1111.257
endpoint_ms,2204.858
endpoint_ms,2239.299
endpoint_ms,2208.017
endpoint_ms,2309.639
endpoint_ms,2290.242
endpoint_ms,2302.126
endpoint_ms,1110.930
endpoint_ms,2328.728
endpoint_ms,2342.445
endpoint_ms,2428.858
endpoint_ms,1137.417
endpoint_ms,2471.297
endpoint_ms,2395.506
endpoint_ms,2422.938
endpoint_ms,1401.294
endpoint_ms,2523.638
endpoint_ms,2524.482
endpoint_ms,2494.369
endpoint_ms,2540.629
endpoint_ms,2590.922
endpoint_ms,2618.936
endpoint_ms,2719.628
endpoint_ms,2649.051
endpoint_ms,2644.003
endpoint_ms,1606.606
endpoint_ms,2765.946
endpoint_ms,2715.978
endpoint_ms,2681.511
endpoint_ms,1616.023
endpoint_ms,2726.672
endpoint_ms,2837.846
endpoint_ms,1890.234
endpoint_ms,2899.416
endpoint_ms,2899.392
endpoint_ms,2853.691
endpoint_ms,1923.245
endpoint_ms,2918.851
endpoint_ms,3035.871
endpoint_ms,2924.969
endpoint_ms,2944.714
endpoint_ms,2915.728
endpoint_ms,2894.369
endpoint_ms,3065.236
endpoint_ms,2997.108
endpoint_ms,3104.686
endpoint_ms,3027.567
endpoint_ms,3047.905
endpoint_ms,3114.719
endpoint_ms,3021.641
endpoint_ms,3025.896
endpoint_ms,3021.096
endpoint_ms,2402.358
endpoint_ms,2505.011
endpoint_ms,3024.578
endpoint_ms,2937.372
endpoint_ms,2944.655
endpoint_ms,3015.802
endpoint_ms,3129.748
endpoint_ms,3006.496
endpoint_ms,2994.378
endpoint_ms,2995.141
endpoint_ms,3011.161
endpoint_ms,3014.485
endpoint_ms,2989.933
endpoint_ms,3015.921
endpoint_ms,3015.839
endpoint_ms,3022.093
endpoint_ms,3021.997
endpoint_ms,2950.751
endpoint_ms,2797.289
endpoint_ms,2651.963
endpoint_ms,3095.734
endpoint_ms,3130.606
endpoint_ms,2715.584
endpoint_ms,2963.316
endpoint_ms,3131.467
endpoint_ms,3048.109
endpoint_ms,3038.694
endpoint_ms,3067.412
endpoint_ms,3078.822
endpoint_ms,3054.383
endpoint_ms,3092.606
endpoint_ms,2894.239
endpoint_ms,3156.303
endpoint_ms,3212.290
endpoint_ms,3217.715
endpoint_ms,3096.951
endpoint_ms,3182.765
endpoint_ms,3217.069
endpoint_ms,3156.362
endpoint_ms,3270.733
endpoint_ms,3163.614
endpoint_ms,3262.351
endpoint_ms,3391.631
endpoint_ms,3289.767
endpoint_ms,3287.992
endpoint_ms,3282.111
endpoint_ms,3482.127
endpoint_ms,3394.503
endpoint_ms,3394.582
endpoint_ms,3267.378
endpoint_ms,3410.653
endpoint_ms,3287.321
endpoint_ms,3589.175
endpoint_ms,3537.845
endpoint_ms,3416.433
endpoint_ms,3419.479
endpoint_ms,3570.308
endpoint_ms,3428.103
endpoint_ms,3370.776
endpoint_ms,3349.061
endpoint_ms,3697.579
endpoint_ms,3415.289
endpoint_ms,3599.201
endpoint_ms,3482.434
endpoint_ms,3526.051
endpoint_ms,3599.276
endpoint_ms,3417.176
endpoint_ms,3406.530
endpoint_ms,3521.876
endpoint_ms,3694.836
endpoint_ms,3643.196
endpoint_ms,3546.932
endpoint_ms,3806.717
endpoint_ms,3410.981
endpoint_ms,3516.398
endpoint_ms,3483.699
endpoint_ms,3805.009
endpoint_ms,3509.530
endpoint_ms,3503.025
endpoint_ms,3490.444
endpoint_ms,3595.925
endpoint_ms,3505.214
endpoint_ms,3483.316
endpoint_ms,3518.336
endpoint_ms,3837.678
endpoint_ms,3580.901
endpoint_ms,3604.000
endpoint_ms,3545.519
endpoint_ms,3553.204
endpoint_ms,3602.768
endpoint_ms,3979.900
endpoint_ms,3631.551
endpoint_ms,3653.806
endpoint_ms,4033.833
endpoint_ms,4101.549
endpoint_ms,3628.264
endpoint_ms,3713.482
endpoint_ms,3647.915
endpoint_ms,4120.811
endpoint_ms,3660.032
endpoint_ms,3647.801
endpoint_ms,3656.675
endpoint_ms,3654.815
endpoint_ms,3666.125
endpoint_ms,3657.463
endpoint_ms,3708.574
endpoint_ms,3702.967
endpoint_ms,3803.684
endpoint_ms,3789.153
endpoint_ms,4187.826
endpoint_ms,3775.876
endpoint_ms,3704.223
endpoint_ms,3802.036
endpoint_ms,3763.970
endpoint_ms,3756.869
endpoint_ms,4372.180
endpoint_ms,4375.048
endpoint_ms,4573.354
endpoint_ms,3981.211
endpoint_ms,3981.361
endpoint_ms,3985.959
endpoint_ms,4587.602
endpoint_ms,3911.933
endpoint_ms,4493.296
endpoint_ms,3897.194
endpoint_ms,3965.038
endpoint_ms,3966.083
endpoint_ms,3978.814
endpoint_ms,3991.344
endpoint_ms,3969.430
endpoint_ms,4768.870
endpoint_ms,4021.167
endpoint_ms,4018.615
endpoint_ms,4022.867
endpoint_ms,4055.006
endpoint_ms,4765.359
endpoint_ms,3991.996
endpoint_ms,3993.970
endpoint_ms,4015.069
endpoint_ms,4076.713
endpoint_ms,4830.542
endpoint_ms,4020.199
endpoint_ms,4900.427
endpoint_ms,4888.532
endpoint_ms,4113.805
endpoint_ms,4109.074
endpoint_ms,4952.485
endpoint_ms,4087.252
endpoint_ms,4984.415
endpoint_ms,4002.323
endpoint_ms,4054.949
endpoint_ms,4055.371
endpoint_ms,4096.677
endpoint_ms,4094.999
endpoint_ms,4976.058
endpoint_ms,4102.862
endpoint_ms,4109.968
endpoint_ms,4947.017
endpoint_ms,4111.708
endpoint_ms,4188.985
endpoint_ms,4093.900
endpoint_ms,4093.120
endpoint_ms,4084.858
endpoint_ms,4998.517
endpoint_ms,4207.237
endpoint_ms,4194.971
endpoint_ms,4201.644
endpoint_ms,5139.407
endpoint_ms,4207.474
endpoint_ms,4207.571
endpoint_ms,4219.222
endpoint_ms,4156.179
endpoint_ms,4112.046
endpoint_ms,4168.398
endpoint_ms,4200.734
endpoint_ms,4220.645
endpoint_ms,4261.758
endpoint_ms,5061.925
endpoint_ms,5067.532
endpoint_ms,4187.983
endpoint_ms,4219.899
endpoint_ms,4202.237
endpoint_ms,4244.400
endpoint_ms,5156.704
endpoint_ms,4186.690
endpoint_ms,5271.033
endpoint_ms,5205.408
endpoint_ms,4289.405
endpoint_ms,4307.273
endpoint_ms,5111.831
endpoint_ms,4211.458
endpoint_ms,4380.491
endpoint_ms,4275.046
endpoint_ms,5282.355
endpoint_ms,4169.802
endpoint_ms,4306.666
endpoint_ms,4204.663
endpoint_ms,4172.069
endpoint_ms,5200.745
endpoint_ms,4274.551
endpoint_ms,4376.902
endpoint_ms,4380.912
endpoint_ms,4347.470
endpoint_ms,4355.106
endpoint_ms,4391.447
endpoint_ms,4390.397
endpoint_ms,4373.577
endpoint_ms,4377.812
endpoint_ms,4396.397
endpoint_ms,5415.807
endpoint_ms,5496.775
endpoint_ms,5440.245
endpoint_ms,4537.419
endpoint_ms,5479.027
endpoint_ms,4586.309
endpoint_ms,5510.906
endpoint_ms,4588.084
endpoint_ms,4695.522
endpoint_ms,5620.461
endpoint_ms,4627.381
endpoint_ms,4622.536
endpoint_ms,4692.935
endpoint_ms,4568.905
endpoint_ms,4594.384
endpoint_ms,4590.550
endpoint_ms,5505.749
endpoint_ms,4615.013
endpoint_ms,4658.334
endpoint_ms,4591.632
endpoint_ms,5761.983
endpoint_ms,5587.727
endpoint_ms,5778.674
endpoint_ms,5519.286
endpoint_ms,4699.931
endpoint_ms,4690.307
endpoint_ms,4710.389
endpoint_ms,5694.867
endpoint_ms,4674.853
endpoint_ms,4647.530
endpoint_ms,5797.950
endpoint_ms,4697.498
endpoint_ms,5901.988
endpoint_ms,5830.746
endpoint_ms,4721.724
endpoint_ms,5797.383
endpoint_ms,4720.652
endpoint_ms,4763.480
endpoint_ms,4783.328
endpoint_ms,4690.288
endpoint_ms,4673.807
endpoint_ms,4676.290
endpoint_ms,4737.003
endpoint_ms,4728.312
endpoint_ms,4759.915
endpoint_ms,5915.590
endpoint_ms,4816.523
endpoint_ms,4915.393
endpoint_ms,6074.217
endpoint_ms,4899.980
endpoint_ms,6003.480
endpoint_ms,4972.011
endpoint_ms,4891.486
endpoint_ms,4951.595
endpoint_ms,4965.915
endpoint_ms,5048.475
endpoint_ms,5042.482
endpoint_ms,5093.914
endpoint_ms,5093.591
endpoint_ms,4996.535
endpoint_ms,5116.356
endpoint_ms,6294.480
endpoint_ms,5115.076
endpoint_ms,5116.757
endpoint_ms,5066.773
endpoint_ms,5091.606
endpoint_ms,5076.849
endpoint_ms,6254.609
endpoint_ms,6237.946
endpoint_ms,6233.710
endpoint_ms,5048.688
endpoint_ms,5122.248
endpoint_ms,5145.917
endpoint_ms,6303.978
endpoint_ms,6332.583
endpoint_ms,5210.376
endpoint_ms,6273.182
endpoint_ms,6333.018
endpoint_ms,5257.778
endpoint_ms,5300.353
endpoint_ms,5288.138
endpoint_ms,5187.406
endpoint_ms,5290.060
endpoint_ms,6468.311
endpoint_ms,5396.325
endpoint_ms,5572.697
endpoint_ms,5547.932
endpoint_ms,6662.716
endpoint_ms,5589.337
endpoint_ms,5590.015
endpoint_ms,6785.974
endpoint_ms,6692.841
endpoint_ms,5607.529
endpoint_ms,5492.210
endpoint_ms,5582.656
endpoint_ms,6860.760
endpoint_ms,6779.421
endpoint_ms,5679.002
endpoint_ms,6839.203
endpoint_ms,5773.435
endpoint_ms,5681.592
endpoint_ms,6999.734
endpoint_ms,5740.128
endpoint_ms,7062.144
endpoint_ms,5869.690
endpoint_ms,5842.431
endpoint_ms,5864.887
endpoint_ms,5918.502
endpoint_ms,5928.727
endpoint_ms,6054.223
endpoint_ms,7125.863
endpoint_ms,5926.497
endpoint_ms,5987.982
endpoint_ms,5994.639
endpoint_ms,6000.121
endpoint_ms,5987.801
endpoint_ms,5988.383
endpoint_ms,7299.434
endpoint_ms,7299.493
endpoint_ms,6063.428
endpoint_ms,6022.492
endpoint_ms,6135.308
endpoint_ms,7501.213
endpoint_ms,6044.248
endpoint_ms,6203.092
endpoint_ms,6226.563
endpoint_ms,6231.672
endpoint_ms,6038.781
endpoint_ms,6026.933
endpoint_ms,7599.058
endpoint_ms,6125.048
endpoint_ms,6181.121
endpoint_ms,6097.816
endpoint_ms,6101.067
endpoint_ms,6098.524
endpoint_ms,6197.472
endpoint_ms,6101.074
endpoint_ms,7606.086
endpoint_ms,6298.352
endpoint_ms,6392.333
endpoint_ms,6386.866
endpoint_ms,6397.857
endpoint_ms,6378.344
endpoint_ms,6429.592
endpoint_ms,6404.599
endpoint_ms,6421.276
endpoint_ms,6359.492
endpoint_ms,8037.493
endpoint_ms,6500.144
endpoint_ms,6505.417
endpoint_ms,6510.411
endpoint_ms,6517.622
endpoint_ms,6579.509
endpoint_ms,6591.700
endpoint_ms,6608.186
endpoint_ms,8301.419
endpoint_ms,6671.273
endpoint_ms,6640.660
endpoint_ms,8500.603
endpoint_ms,6791.453
endpoint_ms,6788.543
endpoint_ms,8672.891
endpoint_ms,6835.686
endpoint_ms,6700.666
endpoint_ms,6832.169
endpoint_ms,6939.425
endpoint_ms,8739.786
endpoint_ms,6896.216
endpoint_ms,8707.401
endpoint_ms,6826.220
endpoint_ms,6819.111
endpoint_ms,6829.825
endpoint_ms,6864.956
endpoint_ms,8883.316
endpoint_ms,7011.440
endpoint_ms,6946.977
endpoint_ms,7009.115
endpoint_ms,6948.197
endpoint_ms,7045.467
endpoint_ms,9020.044
endpoint_ms,6952.838
endpoint_ms,7025.714
endpoint_ms,9067.774
endpoint_ms,6994.980
endpoint_ms,6947.376
endpoint_ms,9200.725
endpoint_ms,7186.109
endpoint_ms,7159.892
endpoint_ms,7178.194
endpoint_ms,7180.798
endpoint_ms,9402.372
endpoint_ms,7166.449
endpoint_ms,9267.922
endpoint_ms,7172.692
endpoint_ms,7223.687
endpoint_ms,9398.566
endpoint_ms,9492.409
endpoint_ms,9621.610
endpoint_ms,7453.548
endpoint_ms,7464.195
endpoint_ms,7482.853
endpoint_ms,7499.016
endpoint_ms,7502.023
endpoint_ms,9797.327
endpoint_ms,9814.895
endpoint_ms,7571.918
endpoint_ms,7502.185
endpoint_ms,7510.134
endpoint_ms,10003.446
endpoint_ms,7564.644
endpoint_ms,7617.041
endpoint_ms,9936.856
endpoint_ms,7542.516
endpoint_ms,7552.355
endpoint_ms,9990.888
endpoint_ms,7639.654
endpoint_ms,7654.977
endpoint_ms,7651.606
endpoint_ms,7716.973
endpoint_ms,7866.994
endpoint_ms,7685.419
endpoint_ms,7805.365
endpoint_ms,7869.215
endpoint_ms,7876.799
endpoint_ms,7879.211
endpoint_ms,7722.781
endpoint_ms,7823.173
endpoint_ms,7745.016
endpoint_ms,10558.096
endpoint_ms,7817.168
endpoint_ms,7821.407
endpoint_ms,10731.253
endpoint_ms,10897.563
endpoint_ms,7999.705
endpoint_ms,7935.183
endpoint_ms,10905.868
endpoint_ms,10804.788
endpoint_ms,7920.452
endpoint_ms,7988.579
endpoint_ms,7913.443
endpoint_ms,10873.165
endpoint_ms,7998.310
endpoint_ms,7991.186
endpoint_ms,7979.732
endpoint_ms,7988.447
endpoint_ms,7971.608
endpoint_ms,7857.520
endpoint_ms,8079.753
endpoint_ms,7989.717
endpoint_ms,8047.233
endpoint_ms,8047.282
endpoint_ms,8082.394
endpoint_ms,8133.667
endpoint_ms,8187.312
endpoint_ms,8124.080
endpoint_ms,8207.322
endpoint_ms,8297.896
endpoint_ms,8252.476
endpoint_ms,11512.550
endpoint_ms,8332.648
endpoint_ms,8317.650
endpoint_ms,8364.498
endpoint_ms,11616.936
endpoint_ms,11610.552
endpoint_ms,8398.179
endpoint_ms,11560.060
endpoint_ms,8405.130
endpoint_ms,8447.752
endpoint_ms,8480.563
endpoint_ms,8401.731
endpoint_ms,8403.785
endpoint_ms,8416.274
endpoint_ms,8485.517
endpoint_ms,8556.901
endpoint_ms,8562.093
endpoint_ms,8580.332
endpoint_ms,8586.913
endpoint_ms,8609.636
endpoint_ms,8610.506
endpoint_ms,8679.695
endpoint_ms,8705.739
endpoint_ms,8728.153
endpoint_ms,8696.478
endpoint_ms,8713.514
endpoint_ms,12210.563
endpoint_ms,12128.590
endpoint_ms,8720.870
endpoint_ms,8710.115
endpoint_ms,8760.526
endpoint_ms,12113.924
endpoint_ms,8795.842
endpoint_ms,8780.781
endpoint_ms,8619.167
endpoint_ms,8659.332
endpoint_ms,8720.190
endpoint_ms,8721.442
endpoint_ms,8709.164
endpoint_ms,8757.501
endpoint_ms,8665.631
endpoint_ms,12419.600
endpoint_ms,8846.061
endpoint_ms,8848.304
endpoint_ms,8760.142
endpoint_ms,8812.571
endpoint_ms,12409.533
endpoint_ms,8812.458
endpoint_ms,8805.884
endpoint_ms,8804.788
endpoint_ms,8796.222
endpoint_ms,8794.885
endpoint_ms,8832.319
endpoint_ms,8841.194
endpoint_ms,12638.687
endpoint_ms,8884.268
endpoint_ms,8917.764
endpoint_ms,8777.372
endpoint_ms,8790.359
endpoint_ms,8793.492
endpoint_ms,12761.199
endpoint_ms,8951.682
endpoint_ms,8940.133
endpoint_ms,8979.194
endpoint_ms,9008.328
endpoint_ms,9071.947
endpoint_ms,9004.469
endpoint_ms,13122.702
endpoint_ms,9199.212
endpoint_ms,9184.165
endpoint_ms,9180.936
endpoint_ms,9249.674
endpoint_ms,9230.927
endpoint_ms,9156.820
endpoint_ms,9175.515
endpoint_ms,9190.120
endpoint_ms,9181.197
endpoint_ms,9189.745
endpoint_ms,9370.775
endpoint_ms,13325.959
endpoint_ms,9342.545
endpoint_ms,9435.123
endpoint_ms,9410.705
endpoint_ms,9384.751
endpoint_ms,9458.670
endpoint_ms,13480.678
endpoint_ms,9473.051
endpoint_ms,13301.790
endpoint_ms,13311.550
endpoint_ms,9498.580
endpoint_ms,9412.832
endpoint_ms,9531.348
endpoint_ms,9533.239
endpoint_ms,9507.681
endpoint_ms,13578.854
endpoint_ms,9565.271
endpoint_ms,9578.259
endpoint_ms,9716.554
endpoint_ms,9675.720
endpoint_ms,13769.828
endpoint_ms,13788.489
endpoint_ms,13692.718
endpoint_ms,13666.364
endpoint_ms,9849.903
endpoint_ms,9838.365
endpoint_ms,9838.268
endpoint_ms,9858.482
endpoint_ms,9786.935
endpoint_ms,9878.837
endpoint_ms,10196.579
endpoint_ms,10262.251
endpoint_ms,14391.886
endpoint_ms,10278.698
endpoint_ms,10343.339
endpoint_ms,10334.611
endpoint_ms,10377.510
endpoint_ms,10313.701
endpoint_ms,10239.192
endpoint_ms,10278.091
endpoint_ms,10299.537
endpoint_ms,10304.308
endpoint_ms,10316.481
endpoint_ms,14644.399
endpoint_ms,10269.801
endpoint_ms,14663.649
endpoint_ms,10295.542
endpoint_ms,10318.390
endpoint_ms,10352.581
endpoint_ms,10446.576
endpoint_ms,10433.471
endpoint_ms,10329.893
endpoint_ms,10458.366
endpoint_ms,10387.721
endpoint_ms,10343.230
endpoint_ms,10457.191
endpoint_ms,10395.783
endpoint_ms,10461.291
endpoint_ms,10489.043
endpoint_ms,10562.264
endpoint_ms,10673.170
endpoint_ms,15114.870
endpoint_ms,10641.426
endpoint_ms,10570.225
endpoint_ms,10611.558
endpoint_ms,15080.875
endpoint_ms,10586.690
endpoint_ms,15136.991
endpoint_ms,10692.040
endpoint_ms,10600.189
endpoint_ms,10672.087
endpoint_ms,10803.003
endpoint_ms,10710.524
endpoint_ms,15386.506
endpoint_ms,15390.148
endpoint_ms,10735.500
endpoint_ms,10781.403
endpoint_ms,15619.548
endpoint_ms,10901.482
endpoint_ms,10832.327
endpoint_ms,10963.799
endpoint_ms,10955.069
endpoint_ms,10806.806
endpoint_ms,10919.481
endpoint_ms,10809.517
endpoint_ms,10918.216
endpoint_ms,10923.095
endpoint_ms,10965.471
endpoint_ms,10807.323
endpoint_ms,10722.051
endpoint_ms,15902.649
endpoint_ms,10881.673
endpoint_ms,10987.634
endpoint_ms,15766.023
endpoint_ms,10902.153
endpoint_ms,10901.704
endpoint_ms,10979.298
endpoint_ms,10984.177
endpoint_ms,10892.214
endpoint_ms,10964.458
endpoint_ms,10963.111
endpoint_ms,10975.685
endpoint_ms,16079.892
endpoint_ms,16156.096
endpoint_ms,10992.335
endpoint_ms,11013.652
endpoint_ms,11080.954
endpoint_ms,11072.252
endpoint_ms,10996.561
endpoint_ms,10989.329
endpoint_ms,10991.675
endpoint_ms,11012.061
endpoint_ms,15982.025
endpoint_ms,16047.206
endpoint_ms,16157.496
endpoint_ms,11120.875
endpoint_ms,11142.126
endpoint_ms,11177.216
endpoint_ms,11142.276
endpoint_ms,11214.981
endpoint_ms,11177.875
endpoint_ms,11172.425
endpoint_ms,11115.525
endpoint_ms,16394.864
endpoint_ms,11253.262
endpoint_ms,11262.338
endpoint_ms,11259.006
endpoint_ms,11184.120
endpoint_ms,11177.903
endpoint_ms,11185.611
endpoint_ms,11275.153
endpoint_ms,11375.374
endpoint_ms,11486.301
endpoint_ms,11518.141
endpoint_ms,11437.141
endpoint_ms,11450.401
endpoint_ms,11469.845
endpoint_ms,11395.474
endpoint_ms,11576.172
endpoint_ms,11412.861
endpoint_ms,16900.690
endpoint_ms,11501.168
endpoint_ms,11424.992
endpoint_ms,11472.716
endpoint_ms,16922.368
endpoint_ms,11566.512
endpoint_ms,17136.001
endpoint_ms,16945.517
endpoint_ms,11563.691
endpoint_ms,11684.125
endpoint_ms,11688.243
endpoint_ms,11699.439
endpoint_ms,11590.433
endpoint_ms,11627.813
endpoint_ms,11751.601
endpoint_ms,11685.474
endpoint_ms,17353.654
endpoint_ms,11706.826
endpoint_ms,11777.659
endpoint_ms,17381.236
endpoint_ms,11791.673
endpoint_ms,17555.061
endpoint_ms,11849.210
endpoint_ms,11894.925
endpoint_ms,11964.620
endpoint_ms,11815.837
endpoint_ms,11980.954
endpoint_ms,11918.935
endpoint_ms,17605.665
endpoint_ms,11998.042
endpoint_ms,11986.878
endpoint_ms,17968.515
endpoint_ms,12363.147
endpoint_ms,12351.803
endpoint_ms,18288.834
endpoint_ms,12456.493
endpoint_ms,12507.086
endpoint_ms,12507.564
endpoint_ms,12593.286
endpoint_ms,12590.269
endpoint_ms,12589.617
endpoint_ms,18571.458
endpoint_ms,12672.892
endpoint_ms,12717.970
endpoint_ms,12847.764
endpoint_ms,12790.828
endpoint_ms,12811.469
endpoint_ms,18840.229
endpoint_ms,13033.715
endpoint_ms,13030.151
endpoint_ms,13054.382
endpoint_ms,13054.781
endpoint_ms,13105.985
endpoint_ms,13042.733
endpoint_ms,13161.633
endpoint_ms,13179.582
endpoint_ms,13124.878
endpoint_ms,13196.947
endpoint_ms,19267.614
endpoint_ms,13291.729
endpoint_ms,19358.737
endpoint_ms,13351.354
endpoint_ms,13352.771
endpoint_ms,13376.517
endpoint_ms,13376.529
endpoint_ms,13313.038
endpoint_ms,13374.435
endpoint_ms,13431.250
endpoint_ms,19392.282
endpoint_ms,19450.863
endpoint_ms,13506.068
endpoint_ms,13540.105
endpoint_ms,13618.562
endpoint_ms,13551.706
endpoint_ms,13518.335
endpoint_ms,13599.527
endpoint_ms,19704.592
endpoint_ms,19708.445
endpoint_ms,13690.331
endpoint_ms,13692.631
endpoint_ms,13603.397
endpoint_ms,13678.707
endpoint_ms,13685.194
endpoint_ms,13724.260
endpoint_ms,19879.134
endpoint_ms,19803.052
endpoint_ms,19804.000
endpoint_ms,13674.340
endpoint_ms,13685.625
endpoint_ms,13727.262
endpoint_ms,13735.949
endpoint_ms,13913.853
endpoint_ms,13782.799
endpoint_ms,13832.460
endpoint_ms,13953.187
endpoint_ms,13966.215
endpoint_ms,13971.121
endpoint_ms,14016.688
endpoint_ms,14002.735
endpoint_ms,14012.580
endpoint_ms,13945.561
endpoint_ms,14164.630
endpoint_ms,14196.247
endpoint_ms,14192.962
endpoint_ms,14310.409
endpoint_ms,14194.112
endpoint_ms,14273.408
endpoint_ms,14199.852
endpoint_ms,14192.703
endpoint_ms,14359.622
endpoint_ms,14285.308
endpoint_ms,20484.867
endpoint_ms,20489.509
endpoint_ms,14228.739
endpoint_ms,20555.043
endpoint_ms,14219.836
endpoint_ms,20644.729
endpoint_ms,20702.221
endpoint_ms,20717.419
endpoint_ms,20742.537
endpoint_ms,14329.329
endpoint_ms,14394.084
endpoint_ms,14485.677
endpoint_ms,14480.611
endpoint_ms,14439.650
endpoint_ms,20770.152
endpoint_ms,14495.257
endpoint_ms,14191.982
endpoint_ms,14194.418
endpoint_ms,14184.643
endpoint_ms,14122.566
endpoint_ms,14190.789
endpoint_ms,14119.571
endpoint_ms,20966.842
endpoint_ms,14240.115
endpoint_ms,21023.494
endpoint_ms,14380.840
endpoint_ms,14391.215
endpoint_ms,21150.737
endpoint_ms,14563.748
endpoint_ms,14505.827
endpoint_ms,14445.460
endpoint_ms,14486.969
endpoint_ms,14508.806
endpoint_ms,14524.214
endpoint_ms,14509.822
endpoint_ms,14665.086
endpoint_ms,21362.454
endpoint_ms,14630.926
endpoint_ms,14680.454
endpoint_ms,21395.713
endpoint_ms,14639.177
endpoint_ms,21402.826
endpoint_ms,21486.262
endpoint_ms,21479.162
endpoint_ms,14781.183
endpoint_ms,22070.947
endpoint_ms,22084.779
endpoint_ms,21960.151
endpoint_ms,15152.969
endpoint_ms,15171.442
endpoint_ms,15130.387
endpoint_ms,21843.210
endpoint_ms,15152.912
endpoint_ms,21868.231
endpoint_ms,15214.702
endpoint_ms,15109.560
endpoint_ms,15236.676
endpoint_ms,15035.387
endpoint_ms,15041.419
endpoint_ms,15117.226
endpoint_ms,15087.362
endpoint_ms,15181.354
endpoint_ms,15003.110
endpoint_ms,15094.690
endpoint_ms,22278.481
endpoint_ms,15215.786
endpoint_ms,15214.786
endpoint_ms,15332.158
endpoint_ms,22465.702
endpoint_ms,15399.986
endpoint_ms,15389.145
endpoint_ms,15575.995
endpoint_ms,15563.111
endpoint_ms,15584.637
endpoint_ms,15546.677
endpoint_ms,15480.050
endpoint_ms,15509.321
endpoint_ms,15528.419
endpoint_ms,15492.968
endpoint_ms,15517.299
endpoint_ms,22557.009
endpoint_ms,15504.721
endpoint_ms,15602.472
endpoint_ms,15491.039
endpoint_ms,15588.732
endpoint_ms,22634.899
endpoint_ms,15681.701
endpoint_ms,15635.459
endpoint_ms,15742.373
endpoint_ms,15598.348
endpoint_ms,15677.357
endpoint_ms,15767.532
endpoint_ms,15716.911
endpoint_ms,15695.240
endpoint_ms,15698.006
endpoint_ms,23115.386
endpoint_ms,22820.902
endpoint_ms,23095.329
endpoint_ms,22956.956
endpoint_ms,23050.030
endpoint_ms,15896.672
endpoint_ms,15902.131
endpoint_ms,15865.673
endpoint_ms,15886.322
endpoint_ms,15814.674
endpoint_ms,23138.622
endpoint_ms,15887.671
endpoint_ms,15977.071
endpoint_ms,15980.997
endpoint_ms,16013.223
endpoint_ms,16064.985
endpoint_ms,15897.010
endpoint_ms,16077.815
endpoint_ms,16087.414
endpoint_ms,16011.556
endpoint_ms,15908.624
endpoint_ms,15950.462
endpoint_ms,16033.043
endpoint_ms,23600.406
endpoint_ms,23584.693
endpoint_ms,23796.037
endpoint_ms,16103.120
endpoint_ms,23710.090
endpoint_ms,16079.276
endpoint_ms,23720.232
endpoint_ms,16165.731
endpoint_ms,16192.933
endpoint_ms,16173.069
endpoint_ms,23580.627
endpoint_ms,16190.232
endpoint_ms,23593.656
endpoint_ms,16221.279
endpoint_ms,16146.788
endpoint_ms,23664.393
endpoint_ms,16201.357
endpoint_ms,16207.502
endpoint_ms,16217.989
endpoint_ms,23762.160
endpoint_ms,16346.134
endpoint_ms,16385.655
endpoint_ms,16483.737
endpoint_ms,16411.834
endpoint_ms,16593.150
endpoint_ms,24591.316
endpoint_ms,16651.895
endpoint_ms,16606.742
endpoint_ms,16662.413
endpoint_ms,16651.789
endpoint_ms,16712.688
endpoint_ms,16707.586
endpoint_ms,16698.972
endpoint_ms,16742.881
endpoint_ms,16679.124
endpoint_ms,16801.545
endpoint_ms,16826.994
endpoint_ms,16807.564
endpoint_ms,16788.210
endpoint_ms,16790.570
endpoint_ms,24781.584
endpoint_ms,16911.917
endpoint_ms,16757.634
endpoint_ms,16777.643
endpoint_ms,16757.442
endpoint_ms,16820.778
endpoint_ms,16877.671
endpoint_ms,25013.762
endpoint_ms,16808.144
endpoint_ms,16876.585
endpoint_ms,24940.805
endpoint_ms,25103.012
endpoint_ms,25166.849
endpoint_ms,16844.869
endpoint_ms,24971.422
endpoint_ms,16892.285
endpoint_ms,16999.836
endpoint_ms,17072.472
endpoint_ms,17084.999
endpoint_ms,17000.829
endpoint_ms,17066.137
endpoint_ms,17105.930
endpoint_ms,17164.234
endpoint_ms,17117.729
endpoint_ms,17211.745
endpoint_ms,17209.600
endpoint_ms,17665.114
endpoint_ms,25968.236
endpoint_ms,17610.977
endpoint_ms,17597.294
endpoint_ms,25925.206
endpoint_ms,17606.091
endpoint_ms,17679.232
endpoint_ms,26081.768
endpoint_ms,17712.657
endpoint_ms,25996.958
endpoint_ms,17778.505
endpoint_ms,25984.072
endpoint_ms,17722.414
endpoint_ms,25851.699
endpoint_ms,17724.661
endpoint_ms,17790.186
endpoint_ms,17775.698
endpoint_ms,17790.342
endpoint_ms,17780.580
endpoint_ms,17763.389
endpoint_ms,17815.564
endpoint_ms,26113.223
endpoint_ms,17816.514
endpoint_ms,17749.614
endpoint_ms,26120.774
endpoint_ms,17778.513
endpoint_ms,17801.623
endpoint_ms,17816.534
endpoint_ms,17786.140
endpoint_ms,17794.571
endpoint_ms,17876.468
endpoint_ms,17786.140
endpoint_ms,17880.071
endpoint_ms,17782.861
endpoint_ms,17694.693
endpoint_ms,26466.836
endpoint_ms,26325.501
endpoint_ms,17779.871
endpoint_ms,17786.419
endpoint_ms,17796.016
endpoint_ms,26266.795
endpoint_ms,17481.233
endpoint_ms,17480.516
endpoint_ms,17471.515
endpoint_ms,17506.233
endpoint_ms,17422.118
endpoint_ms,17520.803
endpoint_ms,26605.363
endpoint_ms,17539.211
endpoint_ms,17448.388
endpoint_ms,17470.972
endpoint_ms,26139.647
endpoint_ms,26151.663
endpoint_ms,26158.874
endpoint_ms,17575.978
endpoint_ms,26117.155
endpoint_ms,17427.105
endpoint_ms,26153.661
endpoint_ms,17641.980
endpoint_ms,17579.414
endpoint_ms,17475.152
endpoint_ms,17509.455
endpoint_ms,17512.755
endpoint_ms,17423.867
endpoint_ms,17316.482
endpoint_ms,17567.582
endpoint_ms,17335.367
endpoint_ms,17350.465
endpoint_ms,17289.829
endpoint_ms,17293.301
endpoint_ms,17312.078
endpoint_ms,17215.912
endpoint_ms,17315.458
endpoint_ms,26408.931
endpoint_ms,17225.689
endpoint_ms,17241.551
endpoint_ms,26489.456
endpoint_ms,26391.602
endpoint_ms,26378.946
endpoint_ms,17249.869
endpoint_ms,17246.929
endpoint_ms,26234.706
endpoint_ms,26149.370
endpoint_ms,26183.734
endpoint_ms,17210.935
endpoint_ms,17139.377
endpoint_ms,17191.546
endpoint_ms,17193.335
endpoint_ms,17014.712
endpoint_ms,5427.960
endpoint_ms,5446.956
endpoint_ms,5339.444
endpoint_ms,5330.718
endpoint_ms,5256.176
endpoint_ms,3223.330
endpoint_ms,4934.745
endpoint_ms,4558.771
endpoint_ms,4556.951
endpoint_ms,4133.696
endpoint_ms,3668.604
endpoint_ms,3622.801
endpoint_ms,3361.100
endpoint_ms,3361.543
endpoint_ms,8756.902
endpoint_ms,4852.637
endpoint_ms,8751.880
endpoint_ms,16161.230
endpoint_ms,15043.358
endpoint_ms,13843.194
endpoint_ms,12734.751
endpoint_ms,8729.697
endpoint_ms,6157.263
endpoint_ms,12666.675
endpoint_ms,12761.925
endpoint_ms,26410.944
endpoint_ms,13826.940
endpoint_ms,26236.966
endpoint_ms,16150.832
endpoint_ms,11146.162
endpoint_ms,25942.065
endpoint_ms,26061.841
endpoint_ms,13878.754
endpoint_ms,14955.804
endpoint_ms,8741.499
endpoint_ms,9900.621
endpoint_ms,4757.281
endpoint_ms,25688.438
endpoint_ms,13850.747
endpoint_ms,6064.687
endpoint_ms,18079.109
endpoint_ms,6144.266
endpoint_ms,25668.239
endpoint_ms,25586.096
endpoint_ms,14857.047
endpoint_ms,25544.721
endpoint_ms,9910.134
endpoint_ms,10079.203
endpoint_ms,4760.289
endpoint_ms,3555.132
endpoint_ms,13751.030
endpoint_ms,9906.254
endpoint_ms,9921.062
endpoint_ms,6092.755
endpoint_ms,12581.147
endpoint_ms,8677.383
endpoint_ms,4678.845
endpoint_ms,8698.445
endpoint_ms,9889.025
endpoint_ms,7490.738
endpoint_ms,9944.645
endpoint_ms,6129.144
endpoint_ms,10125.578
endpoint_ms,14810.638
endpoint_ms,7456.405
endpoint_ms,4703.026
endpoint_ms,12601.848
