edge_get,0.00295
prepare_header,0.00004
prepare_iterator,0.00004
body[edge],0.00557
edge_get,0.00393
prepare_header,0.00004
prepare_iterator,0.00002
body[edge],0.01118
edge_get,0.00099
cloud_get,0.00619
prepare_header,0.00002
prepare_iterator,0.00001
body[cloud-http],0.00534
edge_get,0.00216
cloud_get,0.01416
prepare_header,0.00003
prepare_iterator,0.00001
body[cloud-http],0.00501
edge_get,0.00469
prepare_header,0.00005
prepare_iterator,0.00003
body[edge],0.00999
edge_get,0.00425
prepare_header,0.00005
prepare_iterator,0.00003
body[edge],0.01223
edge_get,0.00639
prepare_header,0.00007
prepare_iterator,0.00003
body[edge],0.00905
edge_get,0.00213
prepare_header,0.00002
prepare_iterator,0.00001
body[edge],0.00696
edge_get,0.00209
prepare_header,0.00002
prepare_iterator,0.00001
body[edge],0.00610
edge_get,0.00234
prepare_header,0.00002
prepare_iterator,0.00001
body[edge],0.00682
edge_get,0.00827
prepare_header,0.00003
prepare_iterator,0.00001
body[edge],0.02670
edge_get,0.00253
prepare_header,0.00002
prepare_iterator,0.00001
body[edge],0.00619
edge_get,0.00147
cloud_get,0.00804
prepare_header,0.00004
prepare_iterator,0.00001
body[cloud-http],0.00772
edge_get,0.00262
prepare_header,0.00002
prepare_iterator,0.00001
body[edge],0.00787
edge_get,0.00312
prepare_header,0.00002
prepare_iterator,0.00009
body[edge],0.00807
edge_get,0.00392
prepare_header,0.00004
prepare_iterator,0.00002
body[edge],0.01215
edge_get,0.00481
prepare_header,0.00004
prepare_iterator,0.00002
body[edge],0.01177
edge_get,0.00168
cloud_get,0.01172
prepare_header,0.00003
prepare_iterator,0.00001
body[cloud-http],0.00794
edge_get,0.00164
cloud_get,0.01254
prepare_header,0.00006
prepare_iterator,0.00002
body[cloud-http],0.00745
edge_get,0.00410
prepare_header,0.00004
prepare_iterator,0.00003
body[edge],0.01226
edge_get,0.00361
prepare_header,0.00004
prepare_iterator,0.00002
body[edge],0.01269
edge_get,0.00397
prepare_header,0.00004
prepare_iterator,0.00002
body[edge],0.01114
edge_get,0.00376
prepare_header,0.00004
prepare_iterator,0.00002
body[edge],0.01131
edge_get,0.00205
prepare_header,0.00002
prepare_iterator,0.00001
body[edge],0.00549
edge_get,0.00218
prepare_header,0.00002
prepare_iterator,0.00001
body[edge],0.01273
edge_get,0.00361
prepare_header,0.00004
prepare_iterator,0.00002
body[edge],0.00614
edge_get,0.00293
cloud_get,0.01183
prepare_header,0.00002
prepare_iterator,0.00001
body[cloud-http],0.00552
edge_get,0.00381
prepare_header,0.00004
prepare_iterator,0.00002
body[edge],0.00846
edge_get,0.00480
prepare_header,0.00004
prepare_iterator,0.00002
body[edge],0.00913
edge_get,0.00733
prepare_header,0.00002
prepare_iterator,0.00001
body[edge],0.00730
edge_get,0.00403
prepare_header,0.00005
prepare_iterator,0.00002
body[edge],0.01000
edge_get,0.00149
cloud_get,0.00994
prepare_header,0.00003
prepare_iterator,0.00001
body[cloud-http],0.01322
edge_get,0.00215
prepare_header,0.00002
prepare_iterator,0.00001
body[edge],0.00542
edge_get,0.00257
prepare_header,0.00003
prepare_iterator,0.00001
body[edge],0.00723
edge_get,0.00197
prepare_header,0.00002
prepare_iterator,0.00001
body[edge],0.00591
edge_get,0.00259
prepare_header,0.00002
prepare_iterator,0.00001
body[edge],0.01105
edge_get,0.00255
prepare_header,0.00002
prepare_iterator,0.00001
body[edge],0.00601
edge_get,0.00166
cloud_get,0.00618
prepare_header,0.00002
prepare_iterator,0.00002
body[cloud-http],0.00518
edge_get,0.00250
prepare_header,0.00002
prepare_iterator,0.00001
body[edge],0.00571
edge_get,0.00201
prepare_header,0.00002
prepare_iterator,0.00001
body[edge],0.00598
edge_get,0.00232
prepare_header,0.00002
prepare_iterator,0.00001
body[edge],0.00927
edge_get,0.00256
prepare_header,0.00002
prepare_iterator,0.00001
body[edge],0.00552
edge_get,0.00236
prepare_header,0.00002
prepare_iterator,0.00001
body[edge],0.00641
edge_get,0.00085
cloud_get,0.00705
prepare_header,0.00016
prepare_iterator,0.00002
body[cloud-http],0.00391
edge_get,0.00268
prepare_header,0.00002
prepare_iterator,0.00001
body[edge],0.00544
edge_get,0.00196
prepare_header,0.00002
prepare_iterator,0.00001
body[edge],0.00594
edge_get,0.00131
cloud_get,0.01499
prepare_header,0.00020
prepare_iterator,0.00001
body[cloud-http],0.01120
edge_get,0.00206
prepare_header,0.00002
prepare_iterator,0.00001
body[edge],0.00543
edge_get,0.00456
prepare_header,0.00004
prepare_iterator,0.00002
body[edge],0.01184
edge_get,0.00160
cloud_get,0.01175
prepare_header,0.00005
prepare_iterator,0.00002
body[cloud-http],0.01216
edge_get,0.00260
prepare_header,0.00002
prepare_iterator,0.00001
body[edge],0.00605
edge_get,0.00491
prepare_header,0.00012
prepare_iterator,0.00002
body[edge],0.00942
edge_get,0.00488
cloud_get,0.01503
prepare_header,0.00003
prepare_iterator,0.00001
body[cloud-http],0.00715
edge_get,0.00480
prepare_header,0.00002
prepare_iterator,0.00001
body[edge],0.00683
edge_get,0.00459
prepare_header,0.00006
prepare_iterator,0.00003
body[edge],0.00928
edge_get,0.00362
prepare_header,0.00004
prepare_iterator,0.00002
body[edge],0.01229
edge_get,0.00435
prepare_header,0.00005
prepare_iterator,0.00002
body[edge],0.00938
edge_get,0.00162
cloud_get,0.00984
prepare_header,0.00003
prepare_iterator,0.00001
body[cloud-http],0.00593
edge_get,0.00177
cloud_get,0.01187
prepare_header,0.00005
prepare_iterator,0.00002
body[cloud-http],0.00788
edge_get,0.00178
cloud_get,0.01108
prepare_header,0.00005
prepare_iterator,0.00001
body[cloud-http],0.00593
edge_get,0.00202
prepare_header,0.00002
prepare_iterator,0.00001
body[edge],0.00618
edge_get,0.00754
prepare_header,0.00004
prepare_iterator,0.00002
body[edge],0.01664
edge_get,0.00230
prepare_header,0.00002
prepare_iterator,0.00001
body[edge],0.00716
edge_get,0.00381
prepare_header,0.00005
prepare_iterator,0.00003
body[edge],0.01182
edge_get,0.00444
prepare_header,0.00004
prepare_iterator,0.00002
body[edge],0.01193
edge_get,0.00164
cloud_get,0.01188
prepare_header,0.00005
prepare_iterator,0.00002
body[cloud-http],0.00629
edge_get,0.00216
cloud_get,0.01200
prepare_header,0.00011
prepare_iterator,0.00032
body[cloud-http],0.00561
edge_get,0.00386
prepare_header,0.00005
prepare_iterator,0.00003
body[edge],0.01257
edge_get,0.00670
prepare_header,0.00004
prepare_iterator,0.00002
body[edge],0.01525
edge_get,0.00284
prepare_header,0.00002
prepare_iterator,0.00001
body[edge],0.00673
edge_get,0.00196
prepare_header,0.00002
prepare_iterator,0.00001
body[edge],0.00636
edge_get,0.00167
cloud_get,0.01229
prepare_header,0.00003
prepare_iterator,0.00001
body[cloud-http],0.00677
edge_get,0.00185
cloud_get,0.02170
prepare_header,0.00002
prepare_iterator,0.00010
body[cloud-http],0.00674
edge_get,0.00183
prepare_header,0.00002
prepare_iterator,0.00001
body[edge],0.00686
edge_get,0.00218
prepare_header,0.00002
prepare_iterator,0.00001
body[edge],0.00884
edge_get,0.00302
prepare_header,0.00002
prepare_iterator,0.00001
body[edge],0.00734
edge_get,0.00397
prepare_header,0.00004
prepare_iterator,0.00002
body[edge],0.01266
edge_get,0.00191
prepare_header,0.00002
prepare_iterator,0.00001
body[edge],0.00592
edge_get,0.00124
cloud_get,0.00605
prepare_header,0.00002
prepare_iterator,0.00001
body[cloud-http],0.00372
edge_get,0.00122
cloud_get,0.00744
prepare_header,0.00002
prepare_iterator,0.00001
body[cloud-http],0.00490
edge_get,0.00088
cloud_get,0.00664
prepare_header,0.00002
prepare_iterator,0.00001
body[cloud-http],0.00563
edge_get,0.00151
cloud_get,0.01173
prepare_header,0.00003
prepare_iterator,0.00001
body[cloud-http],0.00564
edge_get,0.00270
cloud_get,0.01068
prepare_header,0.00003
prepare_iterator,0.00001
body[cloud-http],0.00466
edge_get,0.00177
cloud_get,0.01282
prepare_header,0.00008
prepare_iterator,0.00002
body[cloud-http],0.00468
edge_get,0.00377
prepare_header,0.00005
prepare_iterator,0.00002
body[edge],0.01069
edge_get,0.00193
cloud_get,0.01203
prepare_header,0.00012
prepare_iterator,0.00005
body[cloud-http],0.00539
edge_get,0.00462
prepare_header,0.00006
prepare_iterator,0.00003
body[edge],0.00896
edge_get,0.00337
prepare_header,0.00005
prepare_iterator,0.00003
body[edge],0.00701
edge_get,0.00425
prepare_header,0.00003
prepare_iterator,0.00001
body[edge],0.00746
edge_get,0.00374
prepare_header,0.00005
prepare_iterator,0.00002
body[edge],0.01122
edge_get,0.00111
cloud_get,0.00828
prepare_header,0.00003
prepare_iterator,0.00001
body[cloud-http],0.00515
edge_get,0.00357
prepare_header,0.00004
prepare_iterator,0.00002
body[edge],0.01052
edge_get,0.00423
prepare_header,0.00005
prepare_iterator,0.00004
body[edge],0.00843
edge_get,0.00223
prepare_header,0.00002
prepare_iterator,0.00001
body[edge],0.00712
edge_get,0.00090
cloud_get,0.00721
prepare_header,0.00002
prepare_iterator,0.00001
body[cloud-http],0.00381
edge_get,0.00486
prepare_header,0.00006
prepare_iterator,0.00005
body[edge],0.00946
edge_get,0.00348
prepare_header,0.00005
prepare_iterator,0.00004
body[edge],0.01381
edge_get,0.00489
prepare_header,0.00005
prepare_iterator,0.00002
body[edge],0.00980
edge_get,0.00373
prepare_header,0.00005
prepare_iterator,0.00003
body[edge],0.01177
edge_get,0.00386
prepare_header,0.00004
prepare_iterator,0.00004
body[edge],0.01326
edge_get,0.00349
prepare_header,0.00004
prepare_iterator,0.00003
body[edge],0.01172
edge_get,0.00250
cloud_get,0.01117
prepare_header,0.00005
prepare_iterator,0.00002
body[cloud-http],0.00845
edge_get,0.00284
prepare_header,0.00002
prepare_iterator,0.00001
body[edge],0.00703
edge_get,0.00369
prepare_header,0.00005
prepare_iterator,0.00003
body[edge],0.01037
edge_get,0.00440
prepare_header,0.00004
prepare_iterator,0.00003
body[edge],0.01131
edge_get,0.00427
prepare_header,0.00002
prepare_iterator,0.00001
body[edge],0.01238
edge_get,0.00173
prepare_header,0.00002
prepare_iterator,0.00001
body[edge],0.00785
edge_get,0.00229
prepare_header,0.00002
prepare_iterator,0.00002
body[edge],0.00620
edge_get,0.00238
prepare_header,0.00002
prepare_iterator,0.00001
body[edge],0.00536
edge_get,0.00171
cloud_get,0.00671
prepare_header,0.00002
prepare_iterator,0.00001
body[cloud-http],0.00632
edge_get,0.00198
prepare_header,0.00002
prepare_iterator,0.00001
body[edge],0.00651
edge_get,0.00153
cloud_get,0.00663
prepare_header,0.00003
prepare_iterator,0.00001
body[cloud-http],0.00466
edge_get,0.00257
prepare_header,0.00002
prepare_iterator,0.00001
body[edge],0.00662
edge_get,0.00169
cloud_get,0.01205
prepare_header,0.00003
prepare_iterator,0.00001
body[cloud-http],0.00458
edge_get,0.00179
cloud_get,0.01256
prepare_header,0.00004
prepare_iterator,0.00002
body[cloud-http],0.00727
edge_get,0.00203
prepare_header,0.00002
prepare_iterator,0.00001
body[edge],0.01814
edge_get,0.00393
prepare_header,0.00005
prepare_iterator,0.00003
body[edge],0.01393
edge_get,0.00414
prepare_header,0.00004
prepare_iterator,0.00002
body[edge],0.01021
edge_get,0.00524
prepare_header,0.00009
prepare_iterator,0.00002
body[edge],0.01088
edge_get,0.00435
prepare_header,0.00004
prepare_iterator,0.00002
body[edge],0.01113
edge_get,0.00355
prepare_header,0.00007
prepare_iterator,0.00013
body[edge],0.00765
edge_get,0.00183
cloud_get,0.01254
prepare_header,0.00013
prepare_iterator,0.00003
body[cloud-http],0.00589
edge_get,0.00204
cloud_get,0.00655
prepare_header,0.00038
prepare_iterator,0.00019
body[cloud-http],0.01998
edge_get,0.00255
prepare_header,0.00002
prepare_iterator,0.00001
body[edge],0.00652
edge_get,0.00260
cloud_get,0.01973
prepare_header,0.00004
prepare_iterator,0.00002
body[cloud-http],0.00706
edge_get,0.01357
prepare_header,0.00003
prepare_iterator,0.00001
body[edge],0.00976
edge_get,0.00386
prepare_header,0.00004
prepare_iterator,0.00002
body[edge],0.00863
edge_get,0.00433
prepare_header,0.00004
prepare_iterator,0.00002
body[edge],0.00880
edge_get,0.00241
prepare_header,0.00002
prepare_iterator,0.00001
body[edge],0.00594
edge_get,0.00411
prepare_header,0.00009
prepare_iterator,0.00003
body[edge],0.01023
edge_get,0.00365
prepare_header,0.00004
prepare_iterator,0.00003
body[edge],0.01218
edge_get,0.00411
prepare_header,0.00004
prepare_iterator,0.00002
body[edge],0.02629
edge_get,0.00165
cloud_get,0.00838
prepare_header,0.00002
prepare_iterator,0.00001
body[cloud-http],0.00618
edge_get,0.00542
prepare_header,0.00005
prepare_iterator,0.00002
body[edge],0.01136
edge_get,0.00406
prepare_header,0.00004
prepare_iterator,0.00002
body[edge],0.00751
edge_get,0.00193
cloud_get,0.01255
prepare_header,0.00008
prepare_iterator,0.00002
body[cloud-http],0.00631
edge_get,0.00367
prepare_header,0.00004
prepare_iterator,0.00002
body[edge],0.01097
edge_get,0.00172
cloud_get,0.01138
prepare_header,0.00005
prepare_iterator,0.00002
body[cloud-http],0.00548
edge_get,0.00432
prepare_header,0.00004
prepare_iterator,0.00002
body[edge],0.01879
edge_get,0.00197
prepare_header,0.00005
prepare_iterator,0.00001
body[edge],0.00621
edge_get,0.00204
cloud_get,0.01023
prepare_header,0.00002
prepare_iterator,0.00001
body[cloud-http],0.00615
edge_get,0.00173
cloud_get,0.00797
prepare_header,0.00002
prepare_iterator,0.00001
body[cloud-http],0.01463
edge_get,0.00163
cloud_get,0.00913
prepare_header,0.00002
prepare_iterator,0.00001
body[cloud-http],0.00556
edge_get,0.00099
cloud_get,0.00805
prepare_header,0.00003
prepare_iterator,0.00001
body[cloud-http],0.00742
edge_get,0.00082
cloud_get,0.00627
prepare_header,0.00002
prepare_iterator,0.00001
body[cloud-http],0.00470
edge_get,0.00249
prepare_header,0.00002
prepare_iterator,0.00001
body[edge],0.00537
edge_get,0.00294
prepare_header,0.00002
prepare_iterator,0.00001
body[edge],0.00884
edge_get,0.00213
prepare_header,0.00002
prepare_iterator,0.00001
body[edge],0.00724
edge_get,0.00186
prepare_header,0.00002
prepare_iterator,0.00001
body[edge],0.00611
edge_get,0.00162
cloud_get,0.01730
prepare_header,0.00003
prepare_iterator,0.00001
body[cloud-http],0.00563
edge_get,0.00166
cloud_get,0.01394
prepare_header,0.00014
prepare_iterator,0.00014
body[cloud-http],0.00537
edge_get,0.00431
prepare_header,0.00018
prepare_iterator,0.00002
body[edge],0.00971
edge_get,0.00530
prepare_header,0.00004
prepare_iterator,0.00003
body[edge],0.01278
edge_get,0.00608
prepare_header,0.00004
prepare_iterator,0.00002
body[edge],0.01201
edge_get,0.00398
prepare_header,0.00004
prepare_iterator,0.00002
body[edge],0.01111
edge_get,0.00366
prepare_header,0.00044
prepare_iterator,0.00002
body[edge],0.01088
edge_get,0.00159
cloud_get,0.01245
prepare_header,0.00011
prepare_iterator,0.00002
body[cloud-http],0.00523
edge_get,0.00270
prepare_header,0.00003
prepare_iterator,0.00001
body[edge],0.01192
edge_get,0.00375
prepare_header,0.00005
prepare_iterator,0.00003
body[edge],0.00957
edge_get,0.00134
cloud_get,0.00584
prepare_header,0.00003
prepare_iterator,0.00003
body[cloud-http],0.00453
edge_get,0.00222
prepare_header,0.00002
prepare_iterator,0.00001
body[edge],0.00635
edge_get,0.00186
cloud_get,0.01093
prepare_header,0.00005
prepare_iterator,0.00003
body[cloud-http],0.00673
edge_get,0.00455
prepare_header,0.00007
prepare_iterator,0.00002
body[edge],0.01242
edge_get,0.00393
prepare_header,0.00005
prepare_iterator,0.00003
body[edge],0.01323
edge_get,0.00564
prepare_header,0.00005
prepare_iterator,0.00003
body[edge],0.01017
edge_get,0.00103
cloud_get,0.00797
prepare_header,0.00003
prepare_iterator,0.00001
body[cloud-http],0.00682
edge_get,0.00258
prepare_header,0.00002
prepare_iterator,0.00001
body[edge],0.00631
edge_get,0.00193
prepare_header,0.00002
prepare_iterator,0.00001
body[edge],0.00664
edge_get,0.00467
prepare_header,0.00003
prepare_iterator,0.00002
body[edge],0.01123
edge_get,0.00176
cloud_get,0.01139
prepare_header,0.00004
prepare_iterator,0.00002
body[cloud-http],0.00472
edge_get,0.00470
prepare_header,0.00004
prepare_iterator,0.00002
body[edge],0.01134
edge_get,0.00393
prepare_header,0.00006
prepare_iterator,0.00003
body[edge],0.01266
edge_get,0.00430
prepare_header,0.00004
prepare_iterator,0.00002
body[edge],0.00608
edge_get,0.00088
cloud_get,0.00704
prepare_header,0.00077
prepare_iterator,0.00031
body[cloud-http],0.00402
edge_get,0.00232
prepare_header,0.00002
prepare_iterator,0.00001
body[edge],0.01316
edge_get,0.00210
prepare_header,0.00002
prepare_iterator,0.00001
body[edge],0.00628
edge_get,0.00118
cloud_get,0.00685
prepare_header,0.00002
prepare_iterator,0.00001
body[cloud-http],0.00419
edge_get,0.00210
prepare_header,0.00002
prepare_iterator,0.00001
body[edge],0.01348
edge_get,0.00439
prepare_header,0.00005
prepare_iterator,0.00002
body[edge],0.01036
edge_get,0.00390
prepare_header,0.00005
prepare_iterator,0.00003
body[edge],0.00874
edge_get,0.00132
cloud_get,0.00703
prepare_header,0.00003
prepare_iterator,0.00001
body[cloud-http],0.00543
edge_get,0.00396
prepare_header,0.00004
prepare_iterator,0.00002
body[edge],0.00636
edge_get,0.00639
prepare_header,0.00005
prepare_iterator,0.00002
body[edge],0.01538
edge_get,0.00267
prepare_header,0.00002
prepare_iterator,0.00001
body[edge],0.01458
edge_get,0.00676
prepare_header,0.00005
prepare_iterator,0.00002
body[edge],0.01141
edge_get,0.00086
cloud_get,0.00649
prepare_header,0.00003
prepare_iterator,0.00001
body[cloud-http],0.00412
edge_get,0.00378
prepare_header,0.00004
prepare_iterator,0.00003
body[edge],0.01551
edge_get,0.00384
prepare_header,0.00004
prepare_iterator,0.00002
body[edge],0.01040
edge_get,0.01472
prepare_header,0.00004
prepare_iterator,0.00002
body[edge],0.02616
edge_get,0.00262
prepare_header,0.00002
prepare_iterator,0.00001
body[edge],0.00573
edge_get,0.00518
prepare_header,0.00004
prepare_iterator,0.00002
body[edge],0.00961
edge_get,0.00133
cloud_get,0.00657
prepare_header,0.00002
prepare_iterator,0.00001
body[cloud-http],0.00449
edge_get,0.00109
cloud_get,0.00868
prepare_header,0.00003
prepare_iterator,0.00001
body[cloud-http],0.00565
edge_get,0.00374
prepare_header,0.00002
prepare_iterator,0.00001
body[edge],0.00699
edge_get,0.00241
prepare_header,0.00002
prepare_iterator,0.00001
body[edge],0.00659
edge_get,0.00362
prepare_header,0.00005
prepare_iterator,0.00002
body[edge],0.01082
edge_get,0.00382
prepare_header,0.00004
prepare_iterator,0.00003
body[edge],0.01176
edge_get,0.00369
prepare_header,0.00004
prepare_iterator,0.00002
body[edge],0.01235
edge_get,0.00229
prepare_header,0.00002
prepare_iterator,0.00001
body[edge],0.00619
edge_get,0.00196
prepare_header,0.00002
prepare_iterator,0.00001
body[edge],0.00691
edge_get,0.00492
prepare_header,0.00005
prepare_iterator,0.00005
body[edge],0.00641
edge_get,0.00406
prepare_header,0.00005
prepare_iterator,0.00003
body[edge],0.01425
edge_get,0.00404
prepare_header,0.00003
prepare_iterator,0.00001
body[edge],0.01074
edge_get,0.00556
prepare_header,0.00005
prepare_iterator,0.00003
body[edge],0.00665
edge_get,0.00154
cloud_get,0.01328
prepare_header,0.00007
prepare_iterator,0.00002
body[cloud-http],0.00867
edge_get,0.00526
prepare_header,0.00004
prepare_iterator,0.00002
body[edge],0.01930
edge_get,0.00454
prepare_header,0.00004
prepare_iterator,0.00008
body[edge],0.01149
edge_get,0.00204
prepare_header,0.00002
prepare_iterator,0.00001
body[edge],0.01140
edge_get,0.00206
prepare_header,0.00002
prepare_iterator,0.00001
body[edge],0.00590
edge_get,0.00126
cloud_get,0.00666
prepare_header,0.00002
prepare_iterator,0.00001
body[cloud-http],0.00538
edge_get,0.00272
prepare_header,0.00002
prepare_iterator,0.00001
body[edge],0.00655
edge_get,0.00412
prepare_header,0.00005
prepare_iterator,0.00002
body[edge],0.01263
edge_get,0.00149
cloud_get,0.01221
prepare_header,0.00003
prepare_iterator,0.00001
body[cloud-http],0.00473
edge_get,0.00167
cloud_get,0.01162
prepare_header,0.00003
prepare_iterator,0.00011
body[cloud-http],0.00689
edge_get,0.00128
cloud_get,0.00753
prepare_header,0.00003
prepare_iterator,0.00001
body[cloud-http],0.00587
edge_get,0.00363
prepare_header,0.00004
prepare_iterator,0.00002
body[edge],0.01182
edge_get,0.00191
prepare_header,0.00002
prepare_iterator,0.00001
body[edge],0.00644
edge_get,0.00384
prepare_header,0.00004
prepare_iterator,0.00002
body[edge],0.01120
edge_get,0.00255
prepare_header,0.00002
prepare_iterator,0.00001
body[edge],0.00616
edge_get,0.00131
cloud_get,0.00724
prepare_header,0.00003
prepare_iterator,0.00001
body[cloud-http],0.00433
edge_get,0.00393
prepare_header,0.00004
prepare_iterator,0.00002
body[edge],0.01213
edge_get,0.00392
prepare_header,0.00004
prepare_iterator,0.00002
body[edge],0.00854
edge_get,0.00351
prepare_header,0.00005
prepare_iterator,0.00003
body[edge],0.01238
edge_get,0.00179
cloud_get,0.01164
prepare_header,0.00005
prepare_iterator,0.00005
body[cloud-http],0.00598
edge_get,0.00391
prepare_header,0.00004
prepare_iterator,0.00003
body[edge],0.01527
edge_get,0.00453
prepare_header,0.00005
prepare_iterator,0.00002
body[edge],0.02197
edge_get,0.00293
prepare_header,0.00002
prepare_iterator,0.00001
body[edge],0.00611
edge_get,0.00175
cloud_get,0.01129
prepare_header,0.00005
prepare_iterator,0.00002
body[cloud-http],0.00697
edge_get,0.00343
prepare_header,0.00004
prepare_iterator,0.00003
body[edge],0.01305
edge_get,0.00360
prepare_header,0.00004
prepare_iterator,0.00002
body[edge],0.01356
edge_get,0.00375
prepare_header,0.00004
prepare_iterator,0.00003
body[edge],0.01163
edge_get,0.00193
prepare_header,0.00002
prepare_iterator,0.00001
body[edge],0.00707
edge_get,0.00403
prepare_header,0.00004
prepare_iterator,0.00005
body[edge],0.00970
edge_get,0.00379
prepare_header,0.00004
prepare_iterator,0.00002
body[edge],0.01317
edge_get,0.00083
cloud_get,0.00583
prepare_header,0.00003
prepare_iterator,0.00001
body[cloud-http],0.00518
edge_get,0.01093
prepare_header,0.00007
prepare_iterator,0.00006
body[edge],0.01626
edge_get,0.00206
prepare_header,0.00002
prepare_iterator,0.00001
body[edge],0.00571
edge_get,0.00431
prepare_header,0.00005
prepare_iterator,0.00002
body[edge],0.01161
edge_get,0.00399
prepare_header,0.00004
prepare_iterator,0.00003
body[edge],0.01109
edge_get,0.00472
prepare_header,0.00004
prepare_iterator,0.00002
body[edge],0.01357
edge_get,0.00297
cloud_get,0.01106
prepare_header,0.00010
prepare_iterator,0.00001
body[cloud-http],0.00500
edge_get,0.00178
cloud_get,0.00847
prepare_header,0.00002
prepare_iterator,0.00001
body[cloud-http],0.00502
edge_get,0.00251
prepare_header,0.00002
prepare_iterator,0.00001
body[edge],0.00681
edge_get,0.00457
prepare_header,0.00004
prepare_iterator,0.00003
body[edge],0.01132
edge_get,0.00184
cloud_get,0.00928
prepare_header,0.00002
prepare_iterator,0.00001
body[cloud-http],0.00587
edge_get,0.00244
prepare_header,0.00002
prepare_iterator,0.00001
body[edge],0.00496
edge_get,0.00131
cloud_get,0.00609
prepare_header,0.00002
prepare_iterator,0.00001
body[cloud-http],0.00525
edge_get,0.00225
prepare_header,0.00002
prepare_iterator,0.00001
body[edge],0.00642
edge_get,0.00401
prepare_header,0.00002
prepare_iterator,0.00001
body[edge],0.00695
edge_get,0.00452
prepare_header,0.00002
prepare_iterator,0.00001
body[edge],0.00638
edge_get,0.00475
prepare_header,0.00008
prepare_iterator,0.00003
body[edge],0.01161
edge_get,0.00573
prepare_header,0.00006
prepare_iterator,0.00002
body[edge],0.01174
edge_get,0.00248
prepare_header,0.00002
prepare_iterator,0.00001
body[edge],0.01222
edge_get,0.00179
cloud_get,0.01147
prepare_header,0.00003
prepare_iterator,0.00001
body[cloud-http],0.00435
edge_get,0.00405
prepare_header,0.00003
prepare_iterator,0.00001
body[edge],0.00735
edge_get,0.00416
prepare_header,0.00004
prepare_iterator,0.00002
body[edge],0.00995
edge_get,0.00080
cloud_get,0.00688
prepare_header,0.00005
prepare_iterator,0.00001
body[cloud-http],0.00735
edge_get,0.00424
prepare_header,0.00002
prepare_iterator,0.00001
body[edge],0.00664
edge_get,0.00733
cloud_get,0.01697
prepare_header,0.00002
prepare_iterator,0.00001
body[cloud-http],0.00469
edge_get,0.00116
cloud_get,0.00674
prepare_header,0.00003
prepare_iterator,0.00001
body[cloud-http],0.00442
edge_get,0.00352
prepare_header,0.00004
prepare_iterator,0.00002
body[edge],0.00834
edge_get,0.00382
prepare_header,0.00004
prepare_iterator,0.00003
body[edge],0.01080
edge_get,0.00428
prepare_header,0.00006
prepare_iterator,0.00002
body[edge],0.01269
edge_get,0.00257
prepare_header,0.00002
prepare_iterator,0.00001
body[edge],0.00702
edge_get,0.00369
prepare_header,0.00004
prepare_iterator,0.00003
body[edge],0.02033
edge_get,0.00145
cloud_get,0.00996
prepare_header,0.00003
prepare_iterator,0.00001
body[cloud-http],0.00536
edge_get,0.00169
cloud_get,0.01061
prepare_header,0.00003
prepare_iterator,0.00001
body[cloud-http],0.00567
edge_get,0.00159
cloud_get,0.01304
prepare_header,0.00005
prepare_iterator,0.00005
body[cloud-http],0.00748
edge_get,0.00264
prepare_header,0.00002
prepare_iterator,0.00001
body[edge],0.00558
edge_get,0.00462
prepare_header,0.00005
prepare_iterator,0.00003
body[edge],0.00812
edge_get,0.00419
prepare_header,0.00009
prepare_iterator,0.00002
body[edge],0.01325
edge_get,0.00287
prepare_header,0.00002
prepare_iterator,0.00001
body[edge],0.00475
edge_get,0.00444
prepare_header,0.00004
prepare_iterator,0.00002
body[edge],0.00909
edge_get,0.00418
prepare_header,0.00007
prepare_iterator,0.00003
body[edge],0.01257
edge_get,0.00271
prepare_header,0.00002
prepare_iterator,0.00001
body[edge],0.00529
edge_get,0.00208
prepare_header,0.00002
prepare_iterator,0.00001
body[edge],0.00541
edge_get,0.00236
prepare_header,0.00002
prepare_iterator,0.00001
body[edge],0.00713
edge_get,0.00163
cloud_get,0.00910
prepare_header,0.00002
prepare_iterator,0.00001
body[cloud-http],0.00526
edge_get,0.00547
prepare_header,0.00004
prepare_iterator,0.00002
body[edge],0.00782
edge_get,0.00096
cloud_get,0.00708
prepare_header,0.00002
prepare_iterator,0.00001
body[cloud-http],0.00479
edge_get,0.00184
prepare_header,0.00002
prepare_iterator,0.00011
body[edge],0.00573
edge_get,0.00253
prepare_header,0.00002
prepare_iterator,0.00001
body[edge],0.00848
edge_get,0.00247
prepare_header,0.00002
prepare_iterator,0.00001
body[edge],0.00800
edge_get,0.00196
prepare_header,0.00002
prepare_iterator,0.00001
body[edge],0.00827
edge_get,0.00386
prepare_header,0.00005
prepare_iterator,0.00002
body[edge],0.02430
edge_get,0.00167
cloud_get,0.00718
prepare_header,0.00003
prepare_iterator,0.00001
body[cloud-http],0.00358
edge_get,0.00268
prepare_header,0.00002
prepare_iterator,0.00001
body[edge],0.00729
edge_get,0.00259
prepare_header,0.00002
prepare_iterator,0.00001
body[edge],0.00857
edge_get,0.00170
prepare_header,0.00002
prepare_iterator,0.00001
body[edge],0.00965
edge_get,0.00200
cloud_get,0.01002
prepare_header,0.00002
prepare_iterator,0.00001
body[cloud-http],0.00779
edge_get,0.00178
cloud_get,0.00892
prepare_header,0.00004
prepare_iterator,0.00001
body[cloud-http],0.00552
edge_get,0.00379
prepare_header,0.00004
prepare_iterator,0.00002
body[edge],0.00702
edge_get,0.00340
prepare_header,0.00006
prepare_iterator,0.00002
body[edge],0.01063
edge_get,0.00359
prepare_header,0.00004
prepare_iterator,0.00002
body[edge],0.01281
edge_get,0.00385
prepare_header,0.00004
prepare_iterator,0.00002
body[edge],0.01137
edge_get,0.00198
cloud_get,0.01257
prepare_header,0.00007
prepare_iterator,0.00001
body[cloud-http],0.00601
edge_get,0.00161
cloud_get,0.01147
prepare_header,0.00002
prepare_iterator,0.00001
body[cloud-http],0.00591
edge_get,0.00240
cloud_get,0.01250
prepare_header,0.00009
prepare_iterator,0.00003
body[cloud-http],0.00509
edge_get,0.00398
prepare_header,0.00005
prepare_iterator,0.00003
body[edge],0.01144
edge_get,0.00111
cloud_get,0.00636
prepare_header,0.00004
prepare_iterator,0.00001
body[cloud-http],0.00443
edge_get,0.00198
cloud_get,0.01118
prepare_header,0.00004
prepare_iterator,0.00001
body[cloud-http],0.00533
edge_get,0.00159
cloud_get,0.00742
prepare_header,0.00005
prepare_iterator,0.00001
body[cloud-http],0.00497
edge_get,0.00499
prepare_header,0.00004
prepare_iterator,0.00003
body[edge],0.00810
edge_get,0.00271
prepare_header,0.00002
prepare_iterator,0.00002
body[edge],0.00627
edge_get,0.00203
cloud_get,0.01173
prepare_header,0.00004
prepare_iterator,0.00004
body[cloud-http],0.00937
edge_get,0.00340
prepare_header,0.00003
prepare_iterator,0.00002
body[edge],0.00967
edge_get,0.00512
prepare_header,0.00005
prepare_iterator,0.00002
body[edge],0.01087
edge_get,0.00191
prepare_header,0.00002
prepare_iterator,0.00001
body[edge],0.00763
edge_get,0.00317
prepare_header,0.00002
prepare_iterator,0.00001
body[edge],0.00610
edge_get,0.00158
prepare_header,0.00001
prepare_iterator,0.00001
body[edge],0.00626
edge_get,0.00426
prepare_header,0.00004
prepare_iterator,0.00002
body[edge],0.01220
edge_get,0.00358
prepare_header,0.00003
prepare_iterator,0.00001
body[edge],0.00777
edge_get,0.00366
prepare_header,0.00004
prepare_iterator,0.00002
body[edge],0.00879
edge_get,0.00196
prepare_header,0.00002
prepare_iterator,0.00001
body[edge],0.00536
edge_get,0.00227
cloud_get,0.01185
prepare_header,0.00005
prepare_iterator,0.00002
body[cloud-http],0.00806
edge_get,0.00160
cloud_get,0.01179
prepare_header,0.00005
prepare_iterator,0.00002
body[cloud-http],0.00750
edge_get,0.00375
prepare_header,0.00005
prepare_iterator,0.00002
body[edge],0.01211
edge_get,0.00131
cloud_get,0.00768
prepare_header,0.00013
prepare_iterator,0.00001
body[cloud-http],0.00644
edge_get,0.00166
cloud_get,0.00744
prepare_header,0.00002
prepare_iterator,0.00001
body[cloud-http],0.00489
edge_get,0.00106
cloud_get,0.00654
prepare_header,0.00002
prepare_iterator,0.00001
body[cloud-http],0.00382
edge_get,0.00129
cloud_get,0.00606
prepare_header,0.00002
prepare_iterator,0.00001
body[cloud-http],0.00500
edge_get,0.00162
cloud_get,0.01197
prepare_header,0.00005
prepare_iterator,0.00002
body[cloud-http],0.00654
edge_get,0.00370
prepare_header,0.00005
prepare_iterator,0.00003
body[edge],0.01210
edge_get,0.00396
prepare_header,0.00004
prepare_iterator,0.00002
body[edge],0.01164
edge_get,0.00103
cloud_get,0.00722
prepare_header,0.00023
prepare_iterator,0.00001
body[cloud-http],0.00495
edge_get,0.00164
prepare_header,0.00002
prepare_iterator,0.00001
body[edge],0.00607
edge_get,0.00366
prepare_header,0.00004
prepare_iterator,0.00002
body[edge],0.00545
edge_get,0.00237
cloud_get,0.01162
prepare_header,0.00005
prepare_iterator,0.00002
body[cloud-http],0.00629
edge_get,0.01744
prepare_header,0.00006
prepare_iterator,0.00001
body[edge],0.01560
edge_get,0.00101
cloud_get,0.00614
prepare_header,0.00003
prepare_iterator,0.00001
body[cloud-http],0.00496
edge_get,0.00440
prepare_header,0.00004
prepare_iterator,0.00002
body[edge],0.01202
edge_get,0.00398
prepare_header,0.00004
prepare_iterator,0.00003
body[edge],0.01307
edge_get,0.00178
cloud_get,0.00996
prepare_header,0.00005
prepare_iterator,0.00003
body[cloud-http],0.00628
edge_get,0.00197
prepare_header,0.00002
prepare_iterator,0.00001
body[edge],0.00572
edge_get,0.00423
prepare_header,0.00002
prepare_iterator,0.00001
body[edge],0.00606
edge_get,0.00382
prepare_header,0.00004
prepare_iterator,0.00003
body[edge],0.00763
edge_get,0.00386
prepare_header,0.00003
prepare_iterator,0.00002
body[edge],0.01169
edge_get,0.00084
cloud_get,0.00701
prepare_header,0.00002
prepare_iterator,0.00001
body[cloud-http],0.00552
edge_get,0.00420
prepare_header,0.00002
prepare_iterator,0.00001
body[edge],0.00847
edge_get,0.00205
cloud_get,0.01201
prepare_header,0.00007
prepare_iterator,0.00001
body[cloud-http],0.00460
edge_get,0.00125
cloud_get,0.00587
prepare_header,0.00002
prepare_iterator,0.00001
body[cloud-http],0.00481
edge_get,0.00175
cloud_get,0.01177
prepare_header,0.00005
prepare_iterator,0.00002
body[cloud-http],0.00604
edge_get,0.00227
prepare_header,0.00002
prepare_iterator,0.00001
body[edge],0.00822
edge_get,0.00201
prepare_header,0.00003
prepare_iterator,0.00001
body[edge],0.00583
edge_get,0.00318
prepare_header,0.00002
prepare_iterator,0.00001
body[edge],0.00772
edge_get,0.00285
prepare_header,0.00002
prepare_iterator,0.00001
body[edge],0.00548
edge_get,0.00428
prepare_header,0.00004
prepare_iterator,0.00002
body[edge],0.00813
edge_get,0.00407
prepare_header,0.00002
prepare_iterator,0.00001
body[edge],0.01189
edge_get,0.00399
prepare_header,0.00004
prepare_iterator,0.00002
body[edge],0.00777
edge_get,0.00227
prepare_header,0.00002
prepare_iterator,0.00001
body[edge],0.00696
edge_get,0.00113
cloud_get,0.00694
prepare_header,0.00002
prepare_iterator,0.00001
body[cloud-http],0.00418
edge_get,0.00149
cloud_get,0.00927
prepare_header,0.00003
prepare_iterator,0.00001
body[cloud-http],0.00449
edge_get,0.00384
prepare_header,0.00004
prepare_iterator,0.00002
body[edge],0.01249
edge_get,0.00153
cloud_get,0.01042
prepare_header,0.00005
prepare_iterator,0.00002
body[cloud-http],0.00664
edge_get,0.00758
prepare_header,0.00005
prepare_iterator,0.00002
body[edge],0.00935
edge_get,0.00401
prepare_header,0.00004
prepare_iterator,0.00002
body[edge],0.01277
edge_get,0.00205
prepare_header,0.00002
prepare_iterator,0.00001
body[edge],0.00618
edge_get,0.00428
prepare_header,0.00004
prepare_iterator,0.00002
body[edge],0.01146
edge_get,0.00212
prepare_header,0.00002
prepare_iterator,0.00001
body[edge],0.00576
edge_get,0.00366
prepare_header,0.00005
prepare_iterator,0.00002
body[edge],0.01223
edge_get,0.00917
prepare_header,0.00004
prepare_iterator,0.00002
body[edge],0.02125
edge_get,0.00403
prepare_header,0.00004
prepare_iterator,0.00002
body[edge],0.01226
edge_get,0.00239
cloud_get,0.01014
prepare_header,0.00005
prepare_iterator,0.00002
body[cloud-http],0.00613
edge_get,0.00112
cloud_get,0.00655
prepare_header,0.00002
prepare_iterator,0.00001
body[cloud-http],0.00506
edge_get,0.00106
cloud_get,0.00801
prepare_header,0.00008
prepare_iterator,0.00001
body[cloud-http],0.00425
edge_get,0.00491
prepare_header,0.00007
prepare_iterator,0.00003
body[edge],0.00930
edge_get,0.00423
prepare_header,0.00004
prepare_iterator,0.00002
body[edge],0.01141
edge_get,0.00409
prepare_header,0.00004
prepare_iterator,0.00002
body[edge],0.01102
edge_get,0.00432
prepare_header,0.00006
prepare_iterator,0.00003
body[edge],0.01234
edge_get,0.00086
cloud_get,0.00774
prepare_header,0.00005
prepare_iterator,0.00001
body[cloud-http],0.00539
edge_get,0.00262
prepare_header,0.00002
prepare_iterator,0.00001
body[edge],0.00615
edge_get,0.00173
prepare_header,0.00002
prepare_iterator,0.00001
body[edge],0.00552
edge_get,0.00501
prepare_header,0.00004
prepare_iterator,0.00002
body[edge],0.00657
edge_get,0.00215
prepare_header,0.00002
prepare_iterator,0.00001
body[edge],0.00728
edge_get,0.00207
prepare_header,0.00002
prepare_iterator,0.00002
body[edge],0.00700
edge_get,0.00177
cloud_get,0.01324
prepare_header,0.00061
prepare_iterator,0.00001
body[cloud-http],0.00457
edge_get,0.00251
prepare_header,0.00002
prepare_iterator,0.00001
body[edge],0.00612
edge_get,0.00394
prepare_header,0.00004
prepare_iterator,0.00002
body[edge],0.01153
edge_get,0.00212
prepare_header,0.00002
prepare_iterator,0.00001
body[edge],0.00584
edge_get,0.00355
prepare_header,0.00003
prepare_iterator,0.00003
body[edge],0.01235
edge_get,0.00190
prepare_header,0.00002
prepare_iterator,0.00001
body[edge],0.00660
edge_get,0.00192
cloud_get,0.01215
prepare_header,0.00005
prepare_iterator,0.00002
body[cloud-http],0.00707
edge_get,0.00148
cloud_get,0.00957
prepare_header,0.00003
prepare_iterator,0.00001
body[cloud-http],0.00545
edge_get,0.00405
prepare_header,0.00005
prepare_iterator,0.00002
body[edge],0.04650
edge_get,0.00089
cloud_get,0.00668
prepare_header,0.00003
prepare_iterator,0.00001
body[cloud-http],0.00536
edge_get,0.00358
prepare_header,0.00004
prepare_iterator,0.00002
body[edge],0.02177
edge_get,0.00215
prepare_header,0.00002
prepare_iterator,0.00001
body[edge],0.00723
edge_get,0.00159
cloud_get,0.01229
prepare_header,0.00005
prepare_iterator,0.00002
body[cloud-http],0.00600
edge_get,0.00450
prepare_header,0.00004
prepare_iterator,0.00002
body[edge],0.01122
edge_get,0.00401
prepare_header,0.00004
prepare_iterator,0.00002
body[edge],0.01252
edge_get,0.00279
cloud_get,0.01131
prepare_header,0.00002
prepare_iterator,0.00001
body[cloud-http],0.00579
edge_get,0.00193
prepare_header,0.00002
prepare_iterator,0.00001
body[edge],0.00469
edge_get,0.00357
prepare_header,0.00005
prepare_iterator,0.00003
body[edge],0.01205
edge_get,0.00159
cloud_get,0.00586
prepare_header,0.00003
prepare_iterator,0.00009
body[cloud-http],0.00647
edge_get,0.00514
prepare_header,0.00006
prepare_iterator,0.00003
body[edge],0.00964
edge_get,0.00380
prepare_header,0.00004
prepare_iterator,0.00002
body[edge],0.00794
edge_get,0.00510
prepare_header,0.00003
prepare_iterator,0.00002
body[edge],0.00905
edge_get,0.00078
cloud_get,0.00763
prepare_header,0.00002
prepare_iterator,0.00001
body[cloud-http],0.00460
edge_get,0.00245
prepare_header,0.00002
prepare_iterator,0.00001
body[edge],0.00584
edge_get,0.00648
prepare_header,0.00005
prepare_iterator,0.00003
body[edge],0.01051
edge_get,0.00554
prepare_header,0.00006
prepare_iterator,0.00002
body[edge],0.01158
edge_get,0.00340
prepare_header,0.00004
prepare_iterator,0.00002
body[edge],0.01185
edge_get,0.00439
prepare_header,0.00005
prepare_iterator,0.00013
body[edge],0.00992
edge_get,0.00418
prepare_header,0.00004
prepare_iterator,0.00002
body[edge],0.00771
edge_get,0.00174
cloud_get,0.01032
prepare_header,0.00002
prepare_iterator,0.00001
body[cloud-http],0.00527
edge_get,0.00643
prepare_header,0.00008
prepare_iterator,0.00002
body[edge],0.01005
edge_get,0.00130
cloud_get,0.00670
prepare_header,0.00002
prepare_iterator,0.00001
body[cloud-http],0.00493
edge_get,0.00197
prepare_header,0.00002
prepare_iterator,0.00001
body[edge],0.00632
edge_get,0.00292
prepare_header,0.00003
prepare_iterator,0.00001
body[edge],0.00789
edge_get,0.00285
prepare_header,0.00004
prepare_iterator,0.00002
body[edge],0.00703
edge_get,0.00171
cloud_get,0.01465
prepare_header,0.00003
prepare_iterator,0.00001
body[cloud-http],0.00768
edge_get,0.00437
prepare_header,0.00004
prepare_iterator,0.00003
body[edge],0.01252
edge_get,0.00341
prepare_header,0.00008
prepare_iterator,0.00002
body[edge],0.01297
edge_get,0.00363
prepare_header,0.00004
prepare_iterator,0.00002
body[edge],0.02513
edge_get,0.00188
prepare_header,0.00002
prepare_iterator,0.00001
body[edge],0.00600
edge_get,0.00281
prepare_header,0.00002
prepare_iterator,0.00001
body[edge],0.00665
edge_get,0.00258
prepare_header,0.00002
prepare_iterator,0.00001
body[edge],0.01146
edge_get,0.00281
prepare_header,0.00002
prepare_iterator,0.00001
body[edge],0.01177
edge_get,0.00225
prepare_header,0.00002
prepare_iterator,0.00001
body[edge],0.00693
edge_get,0.00177
prepare_header,0.00002
prepare_iterator,0.00001
body[edge],0.00855
edge_get,0.00103
cloud_get,0.00596
prepare_header,0.00002
prepare_iterator,0.00001
body[cloud-http],0.00412
edge_get,0.00208
prepare_header,0.00002
prepare_iterator,0.00001
body[edge],0.00661
edge_get,0.00407
prepare_header,0.00004
prepare_iterator,0.00002
body[edge],0.01262
edge_get,0.00149
cloud_get,0.01179
prepare_header,0.00008
prepare_iterator,0.00002
body[cloud-http],0.00958
edge_get,0.00492
prepare_header,0.00004
prepare_iterator,0.00003
body[edge],0.00825
edge_get,0.00298
prepare_header,0.00002
prepare_iterator,0.00001
body[edge],0.00561
edge_get,0.00301
prepare_header,0.00003
prepare_iterator,0.00001
body[edge],0.00653
edge_get,0.00182
cloud_get,0.01157
prepare_header,0.00007
prepare_iterator,0.00002
body[cloud-http],0.00886
edge_get,0.00417
prepare_header,0.00005
prepare_iterator,0.00002
body[edge],0.00803
edge_get,0.00160
cloud_get,0.01410
prepare_header,0.00003
prepare_iterator,0.00003
body[cloud-http],0.00677
edge_get,0.00430
prepare_header,0.00004
prepare_iterator,0.00002
body[edge],0.01095
edge_get,0.00401
prepare_header,0.00004
prepare_iterator,0.00004
body[edge],0.01239
edge_get,0.00490
prepare_header,0.00004
prepare_iterator,0.00002
body[edge],0.01040
edge_get,0.00167
cloud_get,0.01143
prepare_header,0.00005
prepare_iterator,0.00002
body[cloud-http],0.00657
edge_get,0.00146
cloud_get,0.01169
prepare_header,0.00004
prepare_iterator,0.00003
body[cloud-http],0.00848
edge_get,0.00214
prepare_header,0.00002
prepare_iterator,0.00001
body[edge],0.00675
edge_get,0.00160
cloud_get,0.01118
prepare_header,0.00005
prepare_iterator,0.00002
body[cloud-http],0.00769
edge_get,0.00395
prepare_header,0.00005
prepare_iterator,0.00002
body[edge],0.01147
edge_get,0.00345
prepare_header,0.00005
prepare_iterator,0.00003
body[edge],0.01198
edge_get,0.00273
prepare_header,0.00002
prepare_iterator,0.00001
body[edge],0.00589
edge_get,0.00163
prepare_header,0.00002
prepare_iterator,0.00001
body[edge],0.00649
edge_get,0.00250
prepare_header,0.00002
prepare_iterator,0.00001
body[edge],0.00651
edge_get,0.00151
cloud_get,0.00704
prepare_header,0.00004
prepare_iterator,0.00002
body[cloud-http],0.00621
edge_get,0.00402
prepare_header,0.00005
prepare_iterator,0.00002
body[edge],0.01118
edge_get,0.00166
prepare_header,0.00002
prepare_iterator,0.00001
body[edge],0.00620
edge_get,0.00094
cloud_get,0.00677
prepare_header,0.00004
prepare_iterator,0.00002
body[cloud-http],0.00365
edge_get,0.00243
prepare_header,0.00002
prepare_iterator,0.00001
body[edge],0.01247
edge_get,0.00265
prepare_header,0.00002
prepare_iterator,0.00001
body[edge],0.00608
edge_get,0.00161
cloud_get,0.00678
prepare_header,0.00002
prepare_iterator,0.00001
body[cloud-http],0.01600
edge_get,0.00440
prepare_header,0.00005
prepare_iterator,0.00002
body[edge],0.01139
edge_get,0.00414
prepare_header,0.00006
prepare_iterator,0.00002
body[edge],0.03135
edge_get,0.00165
cloud_get,0.00760
prepare_header,0.00002
prepare_iterator,0.00001
body[cloud-http],0.00648
edge_get,0.00247
prepare_header,0.00002
prepare_iterator,0.00001
body[edge],0.00596
edge_get,0.00238
prepare_header,0.00005
prepare_iterator,0.00005
body[edge],0.01164
edge_get,0.00207
prepare_header,0.00003
prepare_iterator,0.00001
body[edge],0.00716
edge_get,0.00315
prepare_header,0.00002
prepare_iterator,0.00001
body[edge],0.00605
edge_get,0.00224
prepare_header,0.00002
prepare_iterator,0.00002
body[edge],0.01075
edge_get,0.00273
prepare_header,0.00002
prepare_iterator,0.00001
body[edge],0.00555
edge_get,0.00102
cloud_get,0.00595
prepare_header,0.00002
prepare_iterator,0.00001
body[cloud-http],0.00662
edge_get,0.00343
prepare_header,0.00004
prepare_iterator,0.00002
body[edge],0.01034
edge_get,0.00105
cloud_get,0.00878
prepare_header,0.00002
prepare_iterator,0.00001
body[cloud-http],0.00544
edge_get,0.00530
prepare_header,0.00005
prepare_iterator,0.00002
body[edge],0.00900
edge_get,0.00461
prepare_header,0.00005
prepare_iterator,0.00005
body[edge],0.01694
edge_get,0.00206
prepare_header,0.00002
prepare_iterator,0.00001
body[edge],0.00613
edge_get,0.00260
prepare_header,0.00002
prepare_iterator,0.00001
body[edge],0.00805
edge_get,0.00154
cloud_get,0.00950
prepare_header,0.00002
prepare_iterator,0.00001
body[cloud-http],0.00663
edge_get,0.00428
prepare_header,0.00011
prepare_iterator,0.00002
body[edge],0.01137
edge_get,0.00217
prepare_header,0.00002
prepare_iterator,0.00001
body[edge],0.00519
edge_get,0.00414
prepare_header,0.00003
prepare_iterator,0.00003
body[edge],0.00739
edge_get,0.00342
prepare_header,0.00004
prepare_iterator,0.00002
body[edge],0.00915
edge_get,0.00459
prepare_header,0.00004
prepare_iterator,0.00002
body[edge],0.01434
edge_get,0.00150
cloud_get,0.00906
prepare_header,0.00002
prepare_iterator,0.00001
body[cloud-http],0.00579
edge_get,0.00201
cloud_get,0.01122
prepare_header,0.00003
prepare_iterator,0.00001
body[cloud-http],0.00534
edge_get,0.00364
prepare_header,0.00005
prepare_iterator,0.00004
body[edge],0.01211
edge_get,0.00390
prepare_header,0.00003
prepare_iterator,0.00002
body[edge],0.01246
edge_get,0.00179
cloud_get,0.00876
prepare_header,0.00003
prepare_iterator,0.00001
body[cloud-http],0.00619
edge_get,0.00118
cloud_get,0.00907
prepare_header,0.00002
prepare_iterator,0.00001
body[cloud-http],0.00599
edge_get,0.00274
prepare_header,0.00002
prepare_iterator,0.00001
body[edge],0.00847
edge_get,0.00545
prepare_header,0.00004
prepare_iterator,0.00002
body[edge],0.00808
edge_get,0.00182
prepare_header,0.00002
prepare_iterator,0.00001
body[edge],0.00781
edge_get,0.00191
prepare_header,0.00002
prepare_iterator,0.00001
body[edge],0.01666
edge_get,0.00089
cloud_get,0.00718
prepare_header,0.00002
prepare_iterator,0.00001
body[cloud-http],0.00483
edge_get,0.00527
prepare_header,0.00007
prepare_iterator,0.00003
body[edge],0.00580
edge_get,0.00085
cloud_get,0.00641
prepare_header,0.00002
prepare_iterator,0.00001
body[cloud-http],0.00466
edge_get,0.00454
prepare_header,0.00004
prepare_iterator,0.00002
body[edge],0.01142
edge_get,0.00367
prepare_header,0.00004
prepare_iterator,0.00003
body[edge],0.01222
edge_get,0.00109
cloud_get,0.00680
prepare_header,0.00007
prepare_iterator,0.00001
body[cloud-http],0.00528
edge_get,0.00186
prepare_header,0.00003
prepare_iterator,0.00001
body[edge],0.00602
edge_get,0.00107
cloud_get,0.00806
prepare_header,0.00002
prepare_iterator,0.00001
body[cloud-http],0.00486
edge_get,0.00527
prepare_header,0.00004
prepare_iterator,0.00003
body[edge],0.01456
edge_get,0.00350
prepare_header,0.00002
prepare_iterator,0.00001
body[edge],0.00685
edge_get,0.00226
prepare_header,0.00002
prepare_iterator,0.00001
body[edge],0.00730
edge_get,0.00192
prepare_header,0.00002
prepare_iterator,0.00001
body[edge],0.00566
edge_get,0.00269
cloud_get,0.01177
prepare_header,0.00012
prepare_iterator,0.00005
body[cloud-http],0.00473
edge_get,0.00329
prepare_header,0.00004
prepare_iterator,0.00002
body[edge],0.00620
edge_get,0.00174
cloud_get,0.01154
prepare_header,0.00005
prepare_iterator,0.00002
body[cloud-http],0.00665
edge_get,0.00371
prepare_header,0.00003
prepare_iterator,0.00002
body[edge],0.01175
edge_get,0.00413
prepare_header,0.00004
prepare_iterator,0.00006
body[edge],0.01119
edge_get,0.00269
prepare_header,0.00002
prepare_iterator,0.00001
body[edge],0.00680
edge_get,0.00232
prepare_header,0.00002
prepare_iterator,0.00001
body[edge],0.00733
edge_get,0.00247
prepare_header,0.00002
prepare_iterator,0.00001
body[edge],0.01304
edge_get,0.00172
cloud_get,0.01142
prepare_header,0.00008
prepare_iterator,0.00002
body[cloud-http],0.00552
edge_get,0.00126
cloud_get,0.00590
prepare_header,0.00003
prepare_iterator,0.00001
body[cloud-http],0.00412
edge_get,0.00219
prepare_header,0.00003
prepare_iterator,0.00001
body[edge],0.00514
edge_get,0.00360
prepare_header,0.00005
prepare_iterator,0.00005
body[edge],0.00760
edge_get,0.00184
prepare_header,0.00002
prepare_iterator,0.00001
body[edge],0.00516
edge_get,0.00390
prepare_header,0.00003
prepare_iterator,0.00002
body[edge],0.01210
edge_get,0.00431
prepare_header,0.00006
prepare_iterator,0.00003
body[edge],0.01127
edge_get,0.00424
prepare_header,0.00004
prepare_iterator,0.00002
body[edge],0.01173
edge_get,0.00204
prepare_header,0.00002
prepare_iterator,0.00001
body[edge],0.00546
edge_get,0.00096
cloud_get,0.00646
prepare_header,0.00002
prepare_iterator,0.00001
body[cloud-http],0.00588
edge_get,0.00177
prepare_header,0.00001
prepare_iterator,0.00001
body[edge],0.00692
edge_get,0.00379
prepare_header,0.00004
prepare_iterator,0.00002
body[edge],0.01123
edge_get,0.00458
prepare_header,0.00006
prepare_iterator,0.00003
body[edge],0.01168
edge_get,0.00214
prepare_header,0.00002
prepare_iterator,0.00001
body[edge],0.00814
edge_get,0.00429
prepare_header,0.00006
prepare_iterator,0.00003
body[edge],0.01155
edge_get,0.00487
prepare_header,0.00005
prepare_iterator,0.00002
body[edge],0.00887
edge_get,0.00112
cloud_get,0.00575
prepare_header,0.00002
prepare_iterator,0.00001
body[cloud-http],0.00445
edge_get,0.00314
prepare_header,0.00002
prepare_iterator,0.00001
body[edge],0.00541
edge_get,0.00314
prepare_header,0.00002
prepare_iterator,0.00001
body[edge],0.00468
edge_get,0.00094
cloud_get,0.00630
prepare_header,0.00002
prepare_iterator,0.00001
body[cloud-http],0.00438
edge_get,0.00244
prepare_header,0.00002
prepare_iterator,0.00001
body[edge],0.00731
edge_get,0.00366
prepare_header,0.00006
prepare_iterator,0.00002
body[edge],0.00645
edge_get,0.00377
prepare_header,0.00004
prepare_iterator,0.00003
body[edge],0.01240
edge_get,0.00102
cloud_get,0.00615
prepare_header,0.00003
prepare_iterator,0.00001
body[cloud-http],0.00455
edge_get,0.00285
prepare_header,0.00002
prepare_iterator,0.00001
body[edge],0.00789
edge_get,0.00151
cloud_get,0.01078
prepare_header,0.00005
prepare_iterator,0.00002
body[cloud-http],0.00829
edge_get,0.00786
prepare_header,0.00002
prepare_iterator,0.00001
body[edge],0.00493
edge_get,0.00272
prepare_header,0.00002
prepare_iterator,0.00001
body[edge],0.00723
edge_get,0.00455
prepare_header,0.00004
prepare_iterator,0.00002
body[edge],0.00767
edge_get,0.00387
prepare_header,0.00002
prepare_iterator,0.00001
body[edge],0.00727
edge_get,0.00220
prepare_header,0.00002
prepare_iterator,0.00001
body[edge],0.00709
edge_get,0.00350
prepare_header,0.00005
prepare_iterator,0.00003
body[edge],0.01215
edge_get,0.00441
prepare_header,0.00004
prepare_iterator,0.00002
body[edge],0.01246
edge_get,0.00398
prepare_header,0.00005
prepare_iterator,0.00002
body[edge],0.01267
edge_get,0.00411
prepare_header,0.00004
prepare_iterator,0.00002
body[edge],0.00832
edge_get,0.00432
prepare_header,0.00005
prepare_iterator,0.00002
body[edge],0.01226
edge_get,0.00136
cloud_get,0.00834
prepare_header,0.00003
prepare_iterator,0.00001
body[cloud-http],0.00583
edge_get,0.00161
cloud_get,0.01097
prepare_header,0.00002
prepare_iterator,0.00001
body[cloud-http],0.00488
edge_get,0.00092
cloud_get,0.00781
prepare_header,0.00003
prepare_iterator,0.00001
body[cloud-http],0.00588
edge_get,0.00202
prepare_header,0.00002
prepare_iterator,0.00001
body[edge],0.00590
edge_get,0.00321
prepare_header,0.00002
prepare_iterator,0.00001
body[edge],0.00652
edge_get,0.00351
prepare_header,0.00002
prepare_iterator,0.00001
body[edge],0.00505
edge_get,0.00170
cloud_get,0.01416
prepare_header,0.00007
prepare_iterator,0.00001
body[cloud-http],0.00628
edge_get,0.00334
prepare_header,0.00002
prepare_iterator,0.00001
body[edge],0.00524
edge_get,0.00226
prepare_header,0.00002
prepare_iterator,0.00001
body[edge],0.00592
edge_get,0.00422
prepare_header,0.00008
prepare_iterator,0.00002
body[edge],0.00827
edge_get,0.00105
cloud_get,0.00829
prepare_header,0.00002
prepare_iterator,0.00001
body[cloud-http],0.00540
edge_get,0.00206
prepare_header,0.00002
prepare_iterator,0.00001
body[edge],0.00795
edge_get,0.00267
prepare_header,0.00002
prepare_iterator,0.00001
body[edge],0.00715
edge_get,0.00164
cloud_get,0.00763
prepare_header,0.00002
prepare_iterator,0.00001
body[cloud-http],0.00718
edge_get,0.00224
prepare_header,0.00002
prepare_iterator,0.00001
body[edge],0.01368
edge_get,0.00295
prepare_header,0.00002
prepare_iterator,0.00001
body[edge],0.00582
edge_get,0.00091
cloud_get,0.00682
prepare_header,0.00007
prepare_iterator,0.00002
body[cloud-http],0.00404
edge_get,0.00362
prepare_header,0.00004
prepare_iterator,0.00002
body[edge],0.01428
edge_get,0.00283
prepare_header,0.00002
prepare_iterator,0.00001
body[edge],0.00645
edge_get,0.00366
prepare_header,0.00004
prepare_iterator,0.00003
body[edge],0.01314
edge_get,0.00154
cloud_get,0.01012
prepare_header,0.00002
prepare_iterator,0.00001
body[cloud-http],0.00551
edge_get,0.00359
prepare_header,0.00004
prepare_iterator,0.00005
body[edge],0.01975
edge_get,0.00446
prepare_header,0.00004
prepare_iterator,0.00002
body[edge],0.01102
edge_get,0.00403
prepare_header,0.00005
prepare_iterator,0.00002
body[edge],0.01060
edge_get,0.00310
prepare_header,0.00002
prepare_iterator,0.00001
body[edge],0.00668
edge_get,0.00403
prepare_header,0.00004
prepare_iterator,0.00002
body[edge],0.01015
edge_get,0.00375
prepare_header,0.00004
prepare_iterator,0.00002
body[edge],0.01118
edge_get,0.00157
cloud_get,0.00796
prepare_header,0.00002
prepare_iterator,0.00001
body[cloud-http],0.00439
edge_get,0.00594
prepare_header,0.00005
prepare_iterator,0.00003
body[edge],0.00889
edge_get,0.00124
cloud_get,0.00622
prepare_header,0.00003
prepare_iterator,0.00001
body[cloud-http],0.00410
edge_get,0.00102
cloud_get,0.00621
prepare_header,0.00002
prepare_iterator,0.00001
body[cloud-http],0.00430
edge_get,0.00386
prepare_header,0.00004
prepare_iterator,0.00002
body[edge],0.00914
edge_get,0.00356
prepare_header,0.00004
prepare_iterator,0.00002
body[edge],0.01047
edge_get,0.00390
prepare_header,0.00004
prepare_iterator,0.00002
body[edge],0.00742
edge_get,0.00185
cloud_get,0.02306
prepare_header,0.00002
prepare_iterator,0.00001
body[cloud-http],0.00676
edge_get,0.00180
prepare_header,0.00002
prepare_iterator,0.00001
body[edge],0.00776
edge_get,0.00265
prepare_header,0.00002
prepare_iterator,0.00001
body[edge],0.00757
edge_get,0.00232
prepare_header,0.00002
prepare_iterator,0.00001
body[edge],0.00685
edge_get,0.00373
prepare_header,0.00005
prepare_iterator,0.00002
body[edge],0.01240
edge_get,0.00341
prepare_header,0.00005
prepare_iterator,0.00003
body[edge],0.01056
edge_get,0.00360
prepare_header,0.00004
prepare_iterator,0.00003
body[edge],0.01248
edge_get,0.00393
prepare_header,0.00002
prepare_iterator,0.00001
body[edge],0.00580
edge_get,0.00357
prepare_header,0.00003
prepare_iterator,0.00002
body[edge],0.00867
edge_get,0.00192
prepare_header,0.00002
prepare_iterator,0.00001
body[edge],0.00654
edge_get,0.00083
cloud_get,0.00603
prepare_header,0.00002
prepare_iterator,0.00001
body[cloud-http],0.00502
edge_get,0.00094
cloud_get,0.00575
prepare_header,0.00002
prepare_iterator,0.00001
body[cloud-http],0.00498
edge_get,0.00305
prepare_header,0.00002
prepare_iterator,0.00001
body[edge],0.00668
edge_get,0.00163
prepare_header,0.00002
prepare_iterator,0.00001
body[edge],0.00746
edge_get,0.00151
cloud_get,0.00789
prepare_header,0.00029
prepare_iterator,0.00001
body[cloud-http],0.00489
edge_get,0.00504
prepare_header,0.00002
prepare_iterator,0.00001
body[edge],0.00830
edge_get,0.00276
prepare_header,0.00002
prepare_iterator,0.00001
body[edge],0.00487
edge_get,0.00179
prepare_header,0.00002
prepare_iterator,0.00001
body[edge],0.00531
edge_get,0.00384
prepare_header,0.00004
prepare_iterator,0.00002
body[edge],0.00915
edge_get,0.00415
prepare_header,0.00007
prepare_iterator,0.00003
body[edge],0.01081
edge_get,0.00354
prepare_header,0.00003
prepare_iterator,0.00002
body[edge],0.01172
edge_get,0.00296
prepare_header,0.00002
prepare_iterator,0.00001
body[edge],0.00672
edge_get,0.00235
prepare_header,0.00002
prepare_iterator,0.00001
body[edge],0.00662
edge_get,0.00102
cloud_get,0.00614
prepare_header,0.00002
prepare_iterator,0.00003
body[cloud-http],0.00521
edge_get,0.00095
cloud_get,0.00655
prepare_header,0.00002
prepare_iterator,0.00001
body[cloud-http],0.00406
edge_get,0.00428
prepare_header,0.00004
prepare_iterator,0.00002
body[edge],0.01291
edge_get,0.00362
prepare_header,0.00004
prepare_iterator,0.00002
body[edge],0.01179
edge_get,0.00178
cloud_get,0.01030
prepare_header,0.00005
prepare_iterator,0.00005
body[cloud-http],0.00767
edge_get,0.00397
prepare_header,0.00007
prepare_iterator,0.00002
body[edge],0.00899
edge_get,0.00485
prepare_header,0.00005
prepare_iterator,0.00002
body[edge],0.01347
