endpoint_ms,29.026
endpoint_ms,12.345
endpoint_ms,13.428
endpoint_ms,9.173
endpoint_ms,10.231
endpoint_ms,14.475
endpoint_ms,14.902
endpoint_ms,9.102
endpoint_ms,19.517
endpoint_ms,8.494
endpoint_ms,8.284
endpoint_ms,9.852
endpoint_ms,14.372
endpoint_ms,9.200
endpoint_ms,7.027
endpoint_ms,13.984
endpoint_ms,13.837
endpoint_ms,7.147
endpoint_ms,9.003
endpoint_ms,9.208
endpoint_ms,8.568
endpoint_ms,14.157
endpoint_ms,9.034
endpoint_ms,9.071
endpoint_ms,7.875
endpoint_ms,18.559
endpoint_ms,20.709
endpoint_ms,10.493
endpoint_ms,13.297
endpoint_ms,7.312
endpoint_ms,16.646
endpoint_ms,9.121
endpoint_ms,9.349
endpoint_ms,13.965
endpoint_ms,9.690
endpoint_ms,8.300
endpoint_ms,14.022
endpoint_ms,8.791
endpoint_ms,10.092
endpoint_ms,7.661
endpoint_ms,8.856
endpoint_ms,8.406
endpoint_ms,9.181
endpoint_ms,21.621
endpoint_ms,13.633
endpoint_ms,13.318
endpoint_ms,13.892
endpoint_ms,8.394
endpoint_ms,7.760
endpoint_ms,13.445
endpoint_ms,15.821
endpoint_ms,16.019
endpoint_ms,9.872
endpoint_ms,14.496
endpoint_ms,10.915
endpoint_ms,9.224
endpoint_ms,17.727
endpoint_ms,23.542
endpoint_ms,9.259
endpoint_ms,8.869
endpoint_ms,8.244
endpoint_ms,8.975
endpoint_ms,13.506
endpoint_ms,15.485
endpoint_ms,9.159
endpoint_ms,6.903
endpoint_ms,8.305
endpoint_ms,14.757
endpoint_ms,14.126
endpoint_ms,9.635
endpoint_ms,7.721
endpoint_ms,19.066
endpoint_ms,10.251
endpoint_ms,14.492
endpoint_ms,9.189
endpoint_ms,15.052
endpoint_ms,8.625
endpoint_ms,15.425
endpoint_ms,8.382
endpoint_ms,7.940
endpoint_ms,9.202
endpoint_ms,7.230
endpoint_ms,8.736
endpoint_ms,34.714
endpoint_ms,8.555
endpoint_ms,14.122
endpoint_ms,13.811
endpoint_ms,18.341
endpoint_ms,13.185
endpoint_ms,15.205
endpoint_ms,13.353
endpoint_ms,8.145
endpoint_ms,15.525
endpoint_ms,14.293
endpoint_ms,8.892
endpoint_ms,8.320
endpoint_ms,9.072
endpoint_ms,9.441
endpoint_ms,6.992
endpoint_ms,9.462
endpoint_ms,6.896
endpoint_ms,10.125
endpoint_ms,9.772
endpoint_ms,13.725
endpoint_ms,8.382
endpoint_ms,15.526
endpoint_ms,14.193
endpoint_ms,8.148
endpoint_ms,8.780
endpoint_ms,9.530
endpoint_ms,17.474
endpoint_ms,15.842
endpoint_ms,13.161
endpoint_ms,14.786
endpoint_ms,9.715
endpoint_ms,9.983
endpoint_ms,9.442
endpoint_ms,8.940
endpoint_ms,13.500
endpoint_ms,39.036
endpoint_ms,21.025
endpoint_ms,23.410
endpoint_ms,9.882
endpoint_ms,12.805
endpoint_ms,21.137
endpoint_ms,10.126
endpoint_ms,9.584
endpoint_ms,8.514
endpoint_ms,8.533
endpoint_ms,13.407
endpoint_ms,15.089
endpoint_ms,21.185
endpoint_ms,7.779
endpoint_ms,8.926
endpoint_ms,9.018
endpoint_ms,6.937
endpoint_ms,14.999
endpoint_ms,14.799
endpoint_ms,14.523
endpoint_ms,14.194
endpoint_ms,20.285
endpoint_ms,20.312
endpoint_ms,9.039
endpoint_ms,8.981
endpoint_ms,7.561
endpoint_ms,13.268
endpoint_ms,8.361
endpoint_ms,13.711
endpoint_ms,19.979
endpoint_ms,27.478
endpoint_ms,15.181
endpoint_ms,12.462
endpoint_ms,15.091
endpoint_ms,7.829
endpoint_ms,9.922
endpoint_ms,8.018
endpoint_ms,9.012
endpoint_ms,13.520
endpoint_ms,8.467
endpoint_ms,14.448
endpoint_ms,8.962
endpoint_ms,8.641
endpoint_ms,13.104
endpoint_ms,9.812
endpoint_ms,8.538
endpoint_ms,11.131
endpoint_ms,8.518
endpoint_ms,7.194
endpoint_ms,8.071
endpoint_ms,13.216
endpoint_ms,9.547
endpoint_ms,13.358
endpoint_ms,9.442
endpoint_ms,13.521
endpoint_ms,13.970
endpoint_ms,13.956
endpoint_ms,10.939
endpoint_ms,8.371
endpoint_ms,13.490
endpoint_ms,8.844
endpoint_ms,10.913
endpoint_ms,13.954
endpoint_ms,9.054
endpoint_ms,14.023
endpoint_ms,14.713
endpoint_ms,14.508
endpoint_ms,15.218
endpoint_ms,10.547
endpoint_ms,14.880
endpoint_ms,7.874
endpoint_ms,8.174
endpoint_ms,7.379
endpoint_ms,18.599
endpoint_ms,8.836
endpoint_ms,10.363
endpoint_ms,9.673
endpoint_ms,7.214
endpoint_ms,16.078
endpoint_ms,12.378
endpoint_ms,7.894
endpoint_ms,13.677
endpoint_ms,9.020
endpoint_ms,9.033
endpoint_ms,9.063
endpoint_ms,8.114
endpoint_ms,8.378
endpoint_ms,12.630
endpoint_ms,21.417
endpoint_ms,11.457
endpoint_ms,14.595
endpoint_ms,21.074
endpoint_ms,15.387
endpoint_ms,27.579
endpoint_ms,16.401
endpoint_ms,9.948
endpoint_ms,8.170
endpoint_ms,14.253
endpoint_ms,22.936
endpoint_ms,18.176
endpoint_ms,13.381
endpoint_ms,14.422
endpoint_ms,16.423
endpoint_ms,15.663
endpoint_ms,14.987
endpoint_ms,8.725
endpoint_ms,28.396
endpoint_ms,17.117
endpoint_ms,11.241
endpoint_ms,9.442
endpoint_ms,14.945
endpoint_ms,14.997
endpoint_ms,8.789
endpoint_ms,14.641
endpoint_ms,14.676
endpoint_ms,24.357
endpoint_ms,18.099
endpoint_ms,10.287
endpoint_ms,16.794
endpoint_ms,8.561
endpoint_ms,10.264
endpoint_ms,10.063
endpoint_ms,8.586
endpoint_ms,8.093
endpoint_ms,9.542
endpoint_ms,13.797
endpoint_ms,9.379
endpoint_ms,8.630
endpoint_ms,16.035
endpoint_ms,12.267
endpoint_ms,8.318
endpoint_ms,8.262
endpoint_ms,8.186
endpoint_ms,7.888
endpoint_ms,8.456
endpoint_ms,13.379
endpoint_ms,7.966
endpoint_ms,9.776
endpoint_ms,19.263
endpoint_ms,11.884
endpoint_ms,28.833
endpoint_ms,30.264
endpoint_ms,21.645
endpoint_ms,15.369
endpoint_ms,10.562
endpoint_ms,11.084
endpoint_ms,7.923
endpoint_ms,19.594
endpoint_ms,11.694
endpoint_ms,13.173
endpoint_ms,15.674
endpoint_ms,8.714
endpoint_ms,8.623
endpoint_ms,8.838
endpoint_ms,10.086
endpoint_ms,8.294
endpoint_ms,11.119
endpoint_ms,8.434
endpoint_ms,7.266
endpoint_ms,8.505
endpoint_ms,7.481
endpoint_ms,7.669
endpoint_ms,12.670
endpoint_ms,20.527
endpoint_ms,8.856
endpoint_ms,15.410
endpoint_ms,16.582
endpoint_ms,8.324
endpoint_ms,8.607
endpoint_ms,8.264
endpoint_ms,29.594
endpoint_ms,11.041
endpoint_ms,11.013
endpoint_ms,8.426
endpoint_ms,10.921
endpoint_ms,17.993
endpoint_ms,17.045
endpoint_ms,11.578
endpoint_ms,7.664
endpoint_ms,9.247
endpoint_ms,18.905
endpoint_ms,18.655
endpoint_ms,16.355
endpoint_ms,16.663
endpoint_ms,8.697
endpoint_ms,14.897
endpoint_ms,8.963
endpoint_ms,8.030
endpoint_ms,7.345
endpoint_ms,14.821
endpoint_ms,7.851
endpoint_ms,15.064
endpoint_ms,9.869
endpoint_ms,9.160
endpoint_ms,14.377
endpoint_ms,7.686
endpoint_ms,9.330
endpoint_ms,10.407
endpoint_ms,9.095
endpoint_ms,8.915
endpoint_ms,14.671
endpoint_ms,10.080
endpoint_ms,13.933
endpoint_ms,8.674
endpoint_ms,8.656
endpoint_ms,9.948
endpoint_ms,8.244
endpoint_ms,7.797
endpoint_ms,10.953
endpoint_ms,7.502
endpoint_ms,8.624
endpoint_ms,9.467
endpoint_ms,9.740
endpoint_ms,21.233
endpoint_ms,14.511
endpoint_ms,9.835
endpoint_ms,9.754
endpoint_ms,8.694
endpoint_ms,21.226
endpoint_ms,10.247
endpoint_ms,14.470
endpoint_ms,8.578
endpoint_ms,9.518
endpoint_ms,10.373
endpoint_ms,9.963
endpoint_ms,8.750
endpoint_ms,8.997
endpoint_ms,8.429
endpoint_ms,10.959
endpoint_ms,14.082
endpoint_ms,14.612
endpoint_ms,8.504
endpoint_ms,23.431
endpoint_ms,10.587
endpoint_ms,8.599
endpoint_ms,13.876
endpoint_ms,8.041
endpoint_ms,10.834
endpoint_ms,7.840
endpoint_ms,8.479
endpoint_ms,9.159
endpoint_ms,8.622
endpoint_ms,8.480
endpoint_ms,8.050
endpoint_ms,8.519
endpoint_ms,9.462
endpoint_ms,16.575
endpoint_ms,15.196
endpoint_ms,8.541
endpoint_ms,9.045
endpoint_ms,9.168
endpoint_ms,8.015
endpoint_ms,9.405
endpoint_ms,8.472
endpoint_ms,7.343
endpoint_ms,15.235
endpoint_ms,21.201
endpoint_ms,13.447
endpoint_ms,11.792
endpoint_ms,10.486
endpoint_ms,14.922
endpoint_ms,9.405
endpoint_ms,8.777
endpoint_ms,21.616
endpoint_ms,9.090
endpoint_ms,9.598
endpoint_ms,7.603
endpoint_ms,9.335
endpoint_ms,14.816
endpoint_ms,17.542
endpoint_ms,7.876
endpoint_ms,19.828
endpoint_ms,8.159
endpoint_ms,10.609
endpoint_ms,7.610
endpoint_ms,15.369
endpoint_ms,11.572
endpoint_ms,11.032
endpoint_ms,13.316
endpoint_ms,9.200
endpoint_ms,11.054
endpoint_ms,11.135
endpoint_ms,8.417
endpoint_ms,9.429
endpoint_ms,9.432
endpoint_ms,7.786
endpoint_ms,8.429
endpoint_ms,9.398
endpoint_ms,15.689
endpoint_ms,9.431
endpoint_ms,13.863
endpoint_ms,15.276
endpoint_ms,9.907
endpoint_ms,9.868
endpoint_ms,8.170
endpoint_ms,9.559
endpoint_ms,9.028
endpoint_ms,25.727
endpoint_ms,26.817
endpoint_ms,18.357
endpoint_ms,8.517
endpoint_ms,9.048
endpoint_ms,17.446
endpoint_ms,8.310
endpoint_ms,15.641
endpoint_ms,10.466
endpoint_ms,15.753
endpoint_ms,14.330
endpoint_ms,7.868
endpoint_ms,17.068
endpoint_ms,8.850
endpoint_ms,18.186
endpoint_ms,16.978
endpoint_ms,16.216
endpoint_ms,8.171
endpoint_ms,13.144
endpoint_ms,10.237
endpoint_ms,8.418
endpoint_ms,8.392
endpoint_ms,11.250
endpoint_ms,7.980
endpoint_ms,8.240
endpoint_ms,9.230
endpoint_ms,9.292
endpoint_ms,16.082
endpoint_ms,13.788
endpoint_ms,10.121
endpoint_ms,10.137
endpoint_ms,14.572
endpoint_ms,11.016
endpoint_ms,11.684
endpoint_ms,9.363
endpoint_ms,15.306
endpoint_ms,10.427
endpoint_ms,8.017
endpoint_ms,11.198
endpoint_ms,10.022
endpoint_ms,14.038
endpoint_ms,8.991
endpoint_ms,9.190
endpoint_ms,17.417
endpoint_ms,8.084
endpoint_ms,14.643
endpoint_ms,7.505
endpoint_ms,21.789
endpoint_ms,13.006
endpoint_ms,8.498
endpoint_ms,9.018
endpoint_ms,15.012
endpoint_ms,17.427
endpoint_ms,10.010
endpoint_ms,10.948
endpoint_ms,8.387
endpoint_ms,7.145
endpoint_ms,9.210
endpoint_ms,7.059
endpoint_ms,8.577
endpoint_ms,8.317
endpoint_ms,8.786
endpoint_ms,9.699
endpoint_ms,9.440
endpoint_ms,7.636
endpoint_ms,15.460
endpoint_ms,9.621
endpoint_ms,7.315
endpoint_ms,9.756
endpoint_ms,8.422
endpoint_ms,8.848
endpoint_ms,16.476
endpoint_ms,8.114
endpoint_ms,14.062
endpoint_ms,9.294
endpoint_ms,8.458
endpoint_ms,9.609
endpoint_ms,14.936
endpoint_ms,9.196
endpoint_ms,8.744
endpoint_ms,7.791
endpoint_ms,10.065
endpoint_ms,8.710
endpoint_ms,14.714
endpoint_ms,8.854
endpoint_ms,9.098
endpoint_ms,7.922
endpoint_ms,9.722
endpoint_ms,7.366
endpoint_ms,13.639
endpoint_ms,9.566
endpoint_ms,9.555
endpoint_ms,7.453
endpoint_ms,8.384
endpoint_ms,12.635
endpoint_ms,8.807
endpoint_ms,8.749
endpoint_ms,8.564
endpoint_ms,14.616
endpoint_ms,10.361
endpoint_ms,10.453
endpoint_ms,10.634
endpoint_ms,9.348
endpoint_ms,17.101
endpoint_ms,11.735
endpoint_ms,12.267
endpoint_ms,7.624
endpoint_ms,7.571
endpoint_ms,8.540
endpoint_ms,8.799
endpoint_ms,9.285
endpoint_ms,13.853
endpoint_ms,9.097
endpoint_ms,16.278
endpoint_ms,9.507
endpoint_ms,8.496
endpoint_ms,8.064
endpoint_ms,13.700
endpoint_ms,24.988
endpoint_ms,19.372
endpoint_ms,35.068
endpoint_ms,26.601
endpoint_ms,14.094
endpoint_ms,9.223
endpoint_ms,15.385
endpoint_ms,19.092
endpoint_ms,10.105
endpoint_ms,25.128
endpoint_ms,6.914
endpoint_ms,26.804
endpoint_ms,12.870
endpoint_ms,10.122
endpoint_ms,9.112
endpoint_ms,16.128
endpoint_ms,14.479
endpoint_ms,20.210
endpoint_ms,7.427
endpoint_ms,12.520
endpoint_ms,7.910
endpoint_ms,7.889
endpoint_ms,16.862
endpoint_ms,8.974
endpoint_ms,14.266
endpoint_ms,9.014
endpoint_ms,29.212
endpoint_ms,20.245
endpoint_ms,10.379
endpoint_ms,8.484
endpoint_ms,8.665
endpoint_ms,7.891
endpoint_ms,8.915
endpoint_ms,8.876
endpoint_ms,14.336
endpoint_ms,17.591
endpoint_ms,9.315
endpoint_ms,13.960
endpoint_ms,8.206
endpoint_ms,25.658
endpoint_ms,13.043
endpoint_ms,8.026
endpoint_ms,8.797
endpoint_ms,8.779
endpoint_ms,6.948
endpoint_ms,9.797
endpoint_ms,8.255
endpoint_ms,11.835
endpoint_ms,8.515
endpoint_ms,20.196
endpoint_ms,25.444
endpoint_ms,29.619
endpoint_ms,20.021
endpoint_ms,14.098
endpoint_ms,10.182
endpoint_ms,11.322
endpoint_ms,11.390
endpoint_ms,21.153
endpoint_ms,12.916
endpoint_ms,25.972
endpoint_ms,13.468
endpoint_ms,7.528
endpoint_ms,8.891
endpoint_ms,9.315
endpoint_ms,9.419
endpoint_ms,7.056
endpoint_ms,9.476
endpoint_ms,8.963
endpoint_ms,10.931
endpoint_ms,9.051
endpoint_ms,12.893
endpoint_ms,15.214
endpoint_ms,13.583
endpoint_ms,8.081
endpoint_ms,8.342
endpoint_ms,8.001
endpoint_ms,9.738
endpoint_ms,7.650
endpoint_ms,9.550
endpoint_ms,8.558
endpoint_ms,7.163
endpoint_ms,14.377
endpoint_ms,12.644
endpoint_ms,14.190
endpoint_ms,8.603
endpoint_ms,9.573
endpoint_ms,9.227
endpoint_ms,7.171
endpoint_ms,16.109
endpoint_ms,14.471
endpoint_ms,8.003
endpoint_ms,8.756
endpoint_ms,7.871
endpoint_ms,8.494
endpoint_ms,9.373
endpoint_ms,7.480
endpoint_ms,7.646
endpoint_ms,8.610
endpoint_ms,13.012
endpoint_ms,8.624
endpoint_ms,7.769
endpoint_ms,9.656
endpoint_ms,9.136
endpoint_ms,10.083
endpoint_ms,15.971
endpoint_ms,9.203
endpoint_ms,10.054
endpoint_ms,14.757
endpoint_ms,13.267
endpoint_ms,7.814
endpoint_ms,8.000
endpoint_ms,8.987
endpoint_ms,7.554
endpoint_ms,7.647
endpoint_ms,7.944
endpoint_ms,25.664
endpoint_ms,10.855
endpoint_ms,9.173
endpoint_ms,9.232
endpoint_ms,9.178
endpoint_ms,7.749
endpoint_ms,14.192
endpoint_ms,8.229
endpoint_ms,8.023
endpoint_ms,8.020
endpoint_ms,13.849
endpoint_ms,8.948
endpoint_ms,12.891
endpoint_ms,9.750
endpoint_ms,14.330
endpoint_ms,10.978
endpoint_ms,8.365
endpoint_ms,8.366
endpoint_ms,14.847
endpoint_ms,13.419
endpoint_ms,9.297
endpoint_ms,8.556
endpoint_ms,8.473
endpoint_ms,9.294
endpoint_ms,15.516
endpoint_ms,15.239
endpoint_ms,8.082
endpoint_ms,8.689
endpoint_ms,14.857
endpoint_ms,12.849
endpoint_ms,7.890
endpoint_ms,14.840
endpoint_ms,13.014
endpoint_ms,8.468
endpoint_ms,8.433
endpoint_ms,14.386
endpoint_ms,14.656
endpoint_ms,9.448
endpoint_ms,7.947
endpoint_ms,13.274
endpoint_ms,10.519
endpoint_ms,13.932
endpoint_ms,10.119
endpoint_ms,14.579
endpoint_ms,7.620
endpoint_ms,8.570
endpoint_ms,31.191
endpoint_ms,9.315
endpoint_ms,13.204
endpoint_ms,10.405
endpoint_ms,15.809
endpoint_ms,15.336
endpoint_ms,10.541
endpoint_ms,11.361
endpoint_ms,12.311
endpoint_ms,10.421
endpoint_ms,17.399
endpoint_ms,10.700
endpoint_ms,14.238
endpoint_ms,8.641
endpoint_ms,8.808
endpoint_ms,13.649
endpoint_ms,19.348
endpoint_ms,13.745
endpoint_ms,9.004
endpoint_ms,7.453
endpoint_ms,10.257
endpoint_ms,15.134
endpoint_ms,8.841
endpoint_ms,13.359
endpoint_ms,16.016
endpoint_ms,16.778
endpoint_ms,14.258
endpoint_ms,10.506
endpoint_ms,12.860
endpoint_ms,13.658
endpoint_ms,8.358
endpoint_ms,8.534
endpoint_ms,9.160
endpoint_ms,8.190
endpoint_ms,15.959
endpoint_ms,8.347
endpoint_ms,13.526
endpoint_ms,9.619
endpoint_ms,14.347
endpoint_ms,13.145
endpoint_ms,9.273
endpoint_ms,8.364
endpoint_ms,8.871
endpoint_ms,8.551
endpoint_ms,8.317
endpoint_ms,8.220
endpoint_ms,8.975
endpoint_ms,7.474
endpoint_ms,9.966
endpoint_ms,14.539
endpoint_ms,21.886
endpoint_ms,11.124
endpoint_ms,7.399
endpoint_ms,8.369
endpoint_ms,21.363
endpoint_ms,14.094
endpoint_ms,13.981
endpoint_ms,8.801
endpoint_ms,7.994
endpoint_ms,8.483
endpoint_ms,50.148
endpoint_ms,24.766
endpoint_ms,27.235
endpoint_ms,10.162
endpoint_ms,18.548
endpoint_ms,15.443
endpoint_ms,9.139
endpoint_ms,13.333
endpoint_ms,14.204
endpoint_ms,8.568
endpoint_ms,14.519
endpoint_ms,14.151
endpoint_ms,8.207
endpoint_ms,9.201
endpoint_ms,14.210
endpoint_ms,8.066
endpoint_ms,9.212
endpoint_ms,7.933
endpoint_ms,13.130
endpoint_ms,11.420
endpoint_ms,10.390
endpoint_ms,9.167
endpoint_ms,8.914
endpoint_ms,12.506
endpoint_ms,8.777
endpoint_ms,12.087
endpoint_ms,9.097
endpoint_ms,15.342
endpoint_ms,7.707
endpoint_ms,7.670
endpoint_ms,7.924
endpoint_ms,16.466
endpoint_ms,8.160
endpoint_ms,9.177
endpoint_ms,12.352
endpoint_ms,15.035
endpoint_ms,10.804
endpoint_ms,8.309
endpoint_ms,7.636
endpoint_ms,15.463
endpoint_ms,14.304
endpoint_ms,9.135
endpoint_ms,10.021
endpoint_ms,8.012
endpoint_ms,10.659
endpoint_ms,8.915
endpoint_ms,18.884
endpoint_ms,13.519
endpoint_ms,9.678
endpoint_ms,13.598
endpoint_ms,15.045
endpoint_ms,16.110
endpoint_ms,14.111
endpoint_ms,8.830
endpoint_ms,15.691
endpoint_ms,15.522
endpoint_ms,8.413
endpoint_ms,8.194
endpoint_ms,8.405
endpoint_ms,14.067
endpoint_ms,13.217
endpoint_ms,13.851
endpoint_ms,15.505
endpoint_ms,7.272
endpoint_ms,13.426
endpoint_ms,13.106
endpoint_ms,11.081
endpoint_ms,8.526
endpoint_ms,7.690
endpoint_ms,9.392
endpoint_ms,8.484
endpoint_ms,9.544
endpoint_ms,9.989
endpoint_ms,9.626
endpoint_ms,9.429
endpoint_ms,13.472
endpoint_ms,8.859
endpoint_ms,10.181
endpoint_ms,8.458
endpoint_ms,13.686
endpoint_ms,15.040
endpoint_ms,9.079
endpoint_ms,7.662
endpoint_ms,8.199
endpoint_ms,16.187
endpoint_ms,16.742
endpoint_ms,8.298
endpoint_ms,13.985
endpoint_ms,13.206
endpoint_ms,15.001
endpoint_ms,8.476
endpoint_ms,13.945
endpoint_ms,8.623
endpoint_ms,10.718
endpoint_ms,13.737
endpoint_ms,9.353
endpoint_ms,8.486
endpoint_ms,9.926
endpoint_ms,7.722
endpoint_ms,10.012
endpoint_ms,10.218
endpoint_ms,8.132
endpoint_ms,7.866
endpoint_ms,7.653
endpoint_ms,13.991
endpoint_ms,9.414
endpoint_ms,14.139
endpoint_ms,8.847
endpoint_ms,8.614
endpoint_ms,15.404
endpoint_ms,13.695
endpoint_ms,9.301
endpoint_ms,13.525
endpoint_ms,14.748
endpoint_ms,7.179
endpoint_ms,17.021
endpoint_ms,7.394
endpoint_ms,9.441
endpoint_ms,15.767
endpoint_ms,19.871
endpoint_ms,28.694
endpoint_ms,13.896
endpoint_ms,7.984
endpoint_ms,17.408
endpoint_ms,15.489
endpoint_ms,10.094
endpoint_ms,8.818
endpoint_ms,7.479
endpoint_ms,15.374
endpoint_ms,7.855
endpoint_ms,17.878
endpoint_ms,7.689
endpoint_ms,7.837
endpoint_ms,9.345
endpoint_ms,13.896
endpoint_ms,9.602
endpoint_ms,24.755
endpoint_ms,12.206
endpoint_ms,8.273
endpoint_ms,20.363
endpoint_ms,9.082
endpoint_ms,13.982
endpoint_ms,30.319
endpoint_ms,9.257
endpoint_ms,10.613
endpoint_ms,9.290
endpoint_ms,13.346
endpoint_ms,8.573
endpoint_ms,9.459
endpoint_ms,10.598
endpoint_ms,14.138
endpoint_ms,10.097
endpoint_ms,13.397
endpoint_ms,8.027
endpoint_ms,17.983
endpoint_ms,66.063
endpoint_ms,24.588
endpoint_ms,25.701
endpoint_ms,14.274
endpoint_ms,7.862
endpoint_ms,7.690
endpoint_ms,7.612
endpoint_ms,9.630
endpoint_ms,13.292
endpoint_ms,32.912
endpoint_ms,12.086
endpoint_ms,10.457
endpoint_ms,10.682
endpoint_ms,14.533
endpoint_ms,18.718
endpoint_ms,8.846
endpoint_ms,11.358
endpoint_ms,9.235
endpoint_ms,9.042
endpoint_ms,15.829
endpoint_ms,9.459
endpoint_ms,15.822
endpoint_ms,8.490
endpoint_ms,7.970
endpoint_ms,7.797
endpoint_ms,9.979
endpoint_ms,8.174
endpoint_ms,22.070
endpoint_ms,10.862
endpoint_ms,13.121
endpoint_ms,14.600
endpoint_ms,11.108
endpoint_ms,8.840
endpoint_ms,13.928
endpoint_ms,7.625
endpoint_ms,14.963
endpoint_ms,10.106
endpoint_ms,9.872
endpoint_ms,13.633
endpoint_ms,8.946
endpoint_ms,7.625
endpoint_ms,10.983
endpoint_ms,8.166
endpoint_ms,15.246
endpoint_ms,11.453
endpoint_ms,10.447
endpoint_ms,9.016
endpoint_ms,15.136
endpoint_ms,13.705
endpoint_ms,13.352
endpoint_ms,14.924
endpoint_ms,9.740
endpoint_ms,10.419
endpoint_ms,9.166
endpoint_ms,8.709
endpoint_ms,11.744
endpoint_ms,14.792
endpoint_ms,8.980
endpoint_ms,13.595
endpoint_ms,8.610
endpoint_ms,10.218
endpoint_ms,8.899
endpoint_ms,15.386
endpoint_ms,8.869
endpoint_ms,14.187
endpoint_ms,10.151
endpoint_ms,14.844
endpoint_ms,14.201
endpoint_ms,7.777
endpoint_ms,8.410
endpoint_ms,7.960
endpoint_ms,10.900
endpoint_ms,13.597
endpoint_ms,10.766
endpoint_ms,13.981
endpoint_ms,8.540
endpoint_ms,8.290
endpoint_ms,9.232
endpoint_ms,14.387
endpoint_ms,16.674
endpoint_ms,9.358
endpoint_ms,7.834
endpoint_ms,18.090
endpoint_ms,9.157
endpoint_ms,12.823
endpoint_ms,24.779
endpoint_ms,10.594
endpoint_ms,8.517
endpoint_ms,9.498
endpoint_ms,11.496
endpoint_ms,14.474
endpoint_ms,9.209
endpoint_ms,8.583
endpoint_ms,7.647
endpoint_ms,7.527
endpoint_ms,7.880
endpoint_ms,9.135
endpoint_ms,6.676
endpoint_ms,8.571
endpoint_ms,8.378
endpoint_ms,14.427
endpoint_ms,22.639
endpoint_ms,11.490
endpoint_ms,10.362
endpoint_ms,13.788
endpoint_ms,9.386
endpoint_ms,7.640
endpoint_ms,13.967
endpoint_ms,13.570
endpoint_ms,13.946
endpoint_ms,17.379
endpoint_ms,14.929
endpoint_ms,10.067
endpoint_ms,9.178
endpoint_ms,11.675
endpoint_ms,14.279
endpoint_ms,15.261
endpoint_ms,8.848
endpoint_ms,13.800
endpoint_ms,7.859
endpoint_ms,9.666
endpoint_ms,8.065
endpoint_ms,9.094
endpoint_ms,8.581
endpoint_ms,8.084
endpoint_ms,7.983
endpoint_ms,7.836
endpoint_ms,10.881
endpoint_ms,14.887
endpoint_ms,12.285
endpoint_ms,14.395
endpoint_ms,9.089
endpoint_ms,7.888
endpoint_ms,13.768
endpoint_ms,14.087
endpoint_ms,8.484
endpoint_ms,14.582
endpoint_ms,8.827
endpoint_ms,8.402
endpoint_ms,13.116
endpoint_ms,38.177
endpoint_ms,16.330
endpoint_ms,8.993
endpoint_ms,14.855
endpoint_ms,10.073
endpoint_ms,9.940
endpoint_ms,8.791
endpoint_ms,28.920
endpoint_ms,8.524
endpoint_ms,9.003
endpoint_ms,8.848
endpoint_ms,10.654
endpoint_ms,7.570
endpoint_ms,9.133
endpoint_ms,8.721
endpoint_ms,7.924
endpoint_ms,19.162
endpoint_ms,18.916
endpoint_ms,10.232
endpoint_ms,7.736
endpoint_ms,30.585
endpoint_ms,15.638
endpoint_ms,21.537
endpoint_ms,7.931
endpoint_ms,10.955
endpoint_ms,9.679
endpoint_ms,8.832
endpoint_ms,38.340
endpoint_ms,30.266
endpoint_ms,15.079
endpoint_ms,10.261
endpoint_ms,13.345
endpoint_ms,16.322
endpoint_ms,9.585
endpoint_ms,18.948
endpoint_ms,8.416
endpoint_ms,10.081
endpoint_ms,8.588
endpoint_ms,9.341
endpoint_ms,9.884
endpoint_ms,19.088
endpoint_ms,9.331
endpoint_ms,8.651
endpoint_ms,9.210
endpoint_ms,8.516
endpoint_ms,9.046
endpoint_ms,8.906
endpoint_ms,8.211
endpoint_ms,15.580
endpoint_ms,9.697
endpoint_ms,8.338
endpoint_ms,8.094
endpoint_ms,9.178
endpoint_ms,15.152
endpoint_ms,15.681
endpoint_ms,9.840
endpoint_ms,8.267
endpoint_ms,7.715
endpoint_ms,13.558
endpoint_ms,9.288
endpoint_ms,15.869
endpoint_ms,9.464
endpoint_ms,14.748
endpoint_ms,13.873
endpoint_ms,10.229
endpoint_ms,7.554
endpoint_ms,9.382
endpoint_ms,12.924
endpoint_ms,7.754
endpoint_ms,14.648
endpoint_ms,9.454
endpoint_ms,12.793
endpoint_ms,9.084
endpoint_ms,14.575
endpoint_ms,15.867
endpoint_ms,16.964
endpoint_ms,13.391
endpoint_ms,9.364
endpoint_ms,16.324
endpoint_ms,8.086
endpoint_ms,10.592
endpoint_ms,13.180
endpoint_ms,25.523
endpoint_ms,13.243
endpoint_ms,9.174
endpoint_ms,8.225
endpoint_ms,14.080
endpoint_ms,10.042
endpoint_ms,14.077
endpoint_ms,13.383
endpoint_ms,10.611
endpoint_ms,12.924
endpoint_ms,8.898
endpoint_ms,14.332
endpoint_ms,15.783
endpoint_ms,9.515
endpoint_ms,15.069
endpoint_ms,8.425
endpoint_ms,21.832
endpoint_ms,10.692
endpoint_ms,14.052
endpoint_ms,9.018
endpoint_ms,6.583
endpoint_ms,8.234
endpoint_ms,8.716
endpoint_ms,8.025
endpoint_ms,8.257
endpoint_ms,8.318
endpoint_ms,14.037
endpoint_ms,12.143
endpoint_ms,9.846
endpoint_ms,7.119
endpoint_ms,10.090
endpoint_ms,9.768
endpoint_ms,7.812
endpoint_ms,9.505
endpoint_ms,12.468
endpoint_ms,8.465
endpoint_ms,7.551
endpoint_ms,13.849
endpoint_ms,8.663
endpoint_ms,13.168
endpoint_ms,7.770
endpoint_ms,8.657
endpoint_ms,12.696
endpoint_ms,13.799
endpoint_ms,13.643
endpoint_ms,14.766
endpoint_ms,7.682
endpoint_ms,22.664
endpoint_ms,10.534
endpoint_ms,8.585
endpoint_ms,9.538
endpoint_ms,7.674
endpoint_ms,8.173
endpoint_ms,20.301
endpoint_ms,9.753
endpoint_ms,9.140
endpoint_ms,25.824
endpoint_ms,11.333
endpoint_ms,14.976
endpoint_ms,9.017
endpoint_ms,10.275
endpoint_ms,15.109
endpoint_ms,14.007
endpoint_ms,8.217
endpoint_ms,10.175
endpoint_ms,15.457
endpoint_ms,14.008
endpoint_ms,14.769
endpoint_ms,9.136
endpoint_ms,10.223
endpoint_ms,14.896
endpoint_ms,13.430
endpoint_ms,8.636
endpoint_ms,14.118
endpoint_ms,8.446
endpoint_ms,13.308
endpoint_ms,15.527
endpoint_ms,18.641
endpoint_ms,16.180
endpoint_ms,13.980
endpoint_ms,7.939
endpoint_ms,24.529
endpoint_ms,11.265
endpoint_ms,9.241
endpoint_ms,9.244
endpoint_ms,8.662
endpoint_ms,9.706
endpoint_ms,11.379
endpoint_ms,8.322
endpoint_ms,8.149
endpoint_ms,11.294
endpoint_ms,14.086
endpoint_ms,13.673
endpoint_ms,14.654
endpoint_ms,9.112
endpoint_ms,33.650
endpoint_ms,11.062
endpoint_ms,8.134
endpoint_ms,15.363
endpoint_ms,7.115
endpoint_ms,10.082
endpoint_ms,8.095
endpoint_ms,9.040
endpoint_ms,7.546
endpoint_ms,8.620
endpoint_ms,8.396
endpoint_ms,14.827
endpoint_ms,18.033
endpoint_ms,9.849
endpoint_ms,10.960
endpoint_ms,24.367
endpoint_ms,14.477
endpoint_ms,12.673
endpoint_ms,8.804
endpoint_ms,8.955
endpoint_ms,9.386
endpoint_ms,14.404
endpoint_ms,8.538
endpoint_ms,7.753
endpoint_ms,7.586
endpoint_ms,8.902
endpoint_ms,14.870
endpoint_ms,18.189
endpoint_ms,14.989
endpoint_ms,14.974
endpoint_ms,8.520
endpoint_ms,17.879
endpoint_ms,8.895
endpoint_ms,14.048
endpoint_ms,8.403
endpoint_ms,9.644
endpoint_ms,11.046
endpoint_ms,21.654
endpoint_ms,8.409
endpoint_ms,8.308
endpoint_ms,10.152
endpoint_ms,13.518
endpoint_ms,7.198
endpoint_ms,8.297
endpoint_ms,8.585
endpoint_ms,8.434
endpoint_ms,10.213
endpoint_ms,14.177
endpoint_ms,7.561
endpoint_ms,9.867
endpoint_ms,7.026
endpoint_ms,12.771
endpoint_ms,13.836
endpoint_ms,12.664
endpoint_ms,7.378
endpoint_ms,10.328
endpoint_ms,8.549
endpoint_ms,15.676
endpoint_ms,13.751
endpoint_ms,12.873
endpoint_ms,12.868
endpoint_ms,7.977
endpoint_ms,8.380
endpoint_ms,7.790
endpoint_ms,20.438
endpoint_ms,14.636
endpoint_ms,9.209
endpoint_ms,13.697
endpoint_ms,10.405
endpoint_ms,16.031
endpoint_ms,24.541
endpoint_ms,10.296
endpoint_ms,9.925
endpoint_ms,15.112
endpoint_ms,8.355
endpoint_ms,64.246
endpoint_ms,23.574
endpoint_ms,27.756
endpoint_ms,17.241
endpoint_ms,8.093
endpoint_ms,29.584
endpoint_ms,33.532
endpoint_ms,24.559
endpoint_ms,17.786
endpoint_ms,14.238
endpoint_ms,15.345
endpoint_ms,21.218
endpoint_ms,9.989
endpoint_ms,11.756
endpoint_ms,8.183
endpoint_ms,8.756
endpoint_ms,8.585
endpoint_ms,13.888
endpoint_ms,9.087
endpoint_ms,15.329
endpoint_ms,7.173
endpoint_ms,14.515
endpoint_ms,9.271
endpoint_ms,9.035
endpoint_ms,8.160
endpoint_ms,8.207
endpoint_ms,10.160
endpoint_ms,8.476
endpoint_ms,13.729
endpoint_ms,24.456
endpoint_ms,15.422
endpoint_ms,9.879
endpoint_ms,8.886
endpoint_ms,24.975
endpoint_ms,8.791
endpoint_ms,7.515
endpoint_ms,13.642
endpoint_ms,8.125
endpoint_ms,8.278
endpoint_ms,8.224
endpoint_ms,9.350
endpoint_ms,10.005
endpoint_ms,8.162
endpoint_ms,7.436
endpoint_ms,14.171
endpoint_ms,7.613
endpoint_ms,8.817
endpoint_ms,13.925
endpoint_ms,9.688
endpoint_ms,18.527
endpoint_ms,9.143
endpoint_ms,7.886
endpoint_ms,9.392
endpoint_ms,15.866
endpoint_ms,9.182
endpoint_ms,7.919
endpoint_ms,8.613
endpoint_ms,7.310
endpoint_ms,8.412
endpoint_ms,14.817
endpoint_ms,8.117
endpoint_ms,8.544
endpoint_ms,7.656
endpoint_ms,9.014
endpoint_ms,10.977
endpoint_ms,7.728
endpoint_ms,14.211
endpoint_ms,7.628
endpoint_ms,14.506
endpoint_ms,7.666
endpoint_ms,7.829
endpoint_ms,8.711
endpoint_ms,22.452
endpoint_ms,10.804
endpoint_ms,8.805
endpoint_ms,7.946
endpoint_ms,8.384
endpoint_ms,18.692
endpoint_ms,9.719
endpoint_ms,7.842
endpoint_ms,15.050
endpoint_ms,8.280
endpoint_ms,20.377
endpoint_ms,7.922
endpoint_ms,9.125
endpoint_ms,8.098
endpoint_ms,11.121
endpoint_ms,13.523
endpoint_ms,13.991
endpoint_ms,12.454
endpoint_ms,13.093
endpoint_ms,21.256
endpoint_ms,16.588
endpoint_ms,14.708
endpoint_ms,8.396
endpoint_ms,8.544
endpoint_ms,7.542
endpoint_ms,14.522
endpoint_ms,8.861
endpoint_ms,8.894
endpoint_ms,8.992
endpoint_ms,8.655
endpoint_ms,9.703
endpoint_ms,13.285
endpoint_ms,11.161
endpoint_ms,10.818
endpoint_ms,9.787
endpoint_ms,15.632
endpoint_ms,14.586
endpoint_ms,8.419
endpoint_ms,14.779
endpoint_ms,12.798
endpoint_ms,10.932
endpoint_ms,9.945
endpoint_ms,30.315
endpoint_ms,25.770
endpoint_ms,18.962
endpoint_ms,9.581
endpoint_ms,10.416
endpoint_ms,13.257
endpoint_ms,9.473
endpoint_ms,14.302
endpoint_ms,8.585
endpoint_ms,7.207
endpoint_ms,15.110
endpoint_ms,15.617
endpoint_ms,23.150
endpoint_ms,8.689
endpoint_ms,10.088
endpoint_ms,9.283
endpoint_ms,10.489
endpoint_ms,7.986
endpoint_ms,9.408
endpoint_ms,9.371
endpoint_ms,23.353
endpoint_ms,7.567
endpoint_ms,8.892
endpoint_ms,8.152
endpoint_ms,9.183
endpoint_ms,9.143
endpoint_ms,14.153
endpoint_ms,19.020
endpoint_ms,26.757
endpoint_ms,15.996
endpoint_ms,9.900
endpoint_ms,8.642
endpoint_ms,11.047
endpoint_ms,22.825
endpoint_ms,11.247
endpoint_ms,13.660
endpoint_ms,9.764
endpoint_ms,13.773
endpoint_ms,9.908
endpoint_ms,9.358
endpoint_ms,12.886
endpoint_ms,9.391
endpoint_ms,15.689
endpoint_ms,7.964
endpoint_ms,7.981
endpoint_ms,9.412
endpoint_ms,22.840
endpoint_ms,10.738
endpoint_ms,15.413
endpoint_ms,9.731
endpoint_ms,9.228
endpoint_ms,9.195
endpoint_ms,9.271
endpoint_ms,15.344
endpoint_ms,14.700
endpoint_ms,9.142
endpoint_ms,7.647
endpoint_ms,8.512
endpoint_ms,7.517
endpoint_ms,8.582
endpoint_ms,9.759
endpoint_ms,8.063
endpoint_ms,21.842
endpoint_ms,11.028
endpoint_ms,7.993
endpoint_ms,14.455
endpoint_ms,9.781
endpoint_ms,8.437
endpoint_ms,15.421
endpoint_ms,8.515
endpoint_ms,12.011
endpoint_ms,8.350
endpoint_ms,8.190
endpoint_ms,13.706
endpoint_ms,15.852
endpoint_ms,8.842
endpoint_ms,7.777
endpoint_ms,8.263
endpoint_ms,7.968
endpoint_ms,14.655
endpoint_ms,8.047
endpoint_ms,11.773
endpoint_ms,9.304
endpoint_ms,8.625
endpoint_ms,10.252
endpoint_ms,10.337
endpoint_ms,8.062
endpoint_ms,9.988
endpoint_ms,9.513
endpoint_ms,14.440
endpoint_ms,8.129
endpoint_ms,32.281
endpoint_ms,8.006
endpoint_ms,24.390
endpoint_ms,12.080
endpoint_ms,10.654
endpoint_ms,15.294
endpoint_ms,16.142
endpoint_ms,9.537
endpoint_ms,9.902
endpoint_ms,16.040
endpoint_ms,14.082
endpoint_ms,14.778
endpoint_ms,6.971
endpoint_ms,10.033
endpoint_ms,15.231
endpoint_ms,8.640
endpoint_ms,11.264
endpoint_ms,13.829
endpoint_ms,8.402
endpoint_ms,10.238
endpoint_ms,31.741
endpoint_ms,21.052
endpoint_ms,20.705
endpoint_ms,9.793
endpoint_ms,8.547
endpoint_ms,7.496
endpoint_ms,8.951
endpoint_ms,10.877
endpoint_ms,16.763
endpoint_ms,8.679
endpoint_ms,9.158
endpoint_ms,8.886
endpoint_ms,9.466
endpoint_ms,7.403
endpoint_ms,7.465
endpoint_ms,20.406
endpoint_ms,10.267
endpoint_ms,9.689
endpoint_ms,14.781
endpoint_ms,8.151
endpoint_ms,7.814
endpoint_ms,13.439
endpoint_ms,8.644
endpoint_ms,13.793
endpoint_ms,11.850
endpoint_ms,8.803
endpoint_ms,10.909
endpoint_ms,8.045
endpoint_ms,15.069
endpoint_ms,11.216
endpoint_ms,8.308
endpoint_ms,14.376
endpoint_ms,33.443
endpoint_ms,32.429
endpoint_ms,9.843
endpoint_ms,19.992
endpoint_ms,11.239
endpoint_ms,13.586
endpoint_ms,10.811
endpoint_ms,14.247
endpoint_ms,10.532
endpoint_ms,8.650
endpoint_ms,14.384
endpoint_ms,9.094
endpoint_ms,14.274
endpoint_ms,9.153
endpoint_ms,14.617
endpoint_ms,8.421
endpoint_ms,8.069
endpoint_ms,16.670
endpoint_ms,15.694
endpoint_ms,8.863
endpoint_ms,8.731
endpoint_ms,8.162
endpoint_ms,11.903
endpoint_ms,41.639
endpoint_ms,15.446
endpoint_ms,10.108
endpoint_ms,9.034
endpoint_ms,7.747
endpoint_ms,16.499
endpoint_ms,15.855
endpoint_ms,10.239
endpoint_ms,9.267
endpoint_ms,8.711
endpoint_ms,10.627
endpoint_ms,19.718
endpoint_ms,15.439
endpoint_ms,13.249
endpoint_ms,28.756
endpoint_ms,10.938
endpoint_ms,15.085
endpoint_ms,9.814
endpoint_ms,8.499
endpoint_ms,8.260
endpoint_ms,11.027
endpoint_ms,18.334
endpoint_ms,7.263
endpoint_ms,13.309
endpoint_ms,12.976
endpoint_ms,8.947
endpoint_ms,15.202
endpoint_ms,16.219
endpoint_ms,8.211
endpoint_ms,7.797
endpoint_ms,12.428
endpoint_ms,9.122
endpoint_ms,8.776
endpoint_ms,24.545
endpoint_ms,9.843
endpoint_ms,8.475
endpoint_ms,9.940
endpoint_ms,15.603
endpoint_ms,10.297
endpoint_ms,7.325
endpoint_ms,15.592
endpoint_ms,7.923
endpoint_ms,7.657
endpoint_ms,8.383
endpoint_ms,7.310
endpoint_ms,10.288
endpoint_ms,15.391
endpoint_ms,39.382
endpoint_ms,10.484
endpoint_ms,14.936
endpoint_ms,8.415
endpoint_ms,19.913
endpoint_ms,10.813
endpoint_ms,8.042
endpoint_ms,14.085
endpoint_ms,8.599
endpoint_ms,7.524
endpoint_ms,8.591
endpoint_ms,7.569
endpoint_ms,13.572
endpoint_ms,14.808
endpoint_ms,8.720
endpoint_ms,14.616
endpoint_ms,10.718
endpoint_ms,14.553
endpoint_ms,9.180
endpoint_ms,13.886
endpoint_ms,7.945
endpoint_ms,9.357
endpoint_ms,14.287
endpoint_ms,15.109
endpoint_ms,7.840
endpoint_ms,8.728
endpoint_ms,9.656
endpoint_ms,19.424
endpoint_ms,15.199
endpoint_ms,14.461
endpoint_ms,8.774
endpoint_ms,8.011
endpoint_ms,8.131
endpoint_ms,13.235
endpoint_ms,14.185
endpoint_ms,10.488
endpoint_ms,14.745
endpoint_ms,9.409
endpoint_ms,8.986
endpoint_ms,8.279
endpoint_ms,15.860
endpoint_ms,13.110
endpoint_ms,16.683
endpoint_ms,21.622
endpoint_ms,9.223
endpoint_ms,14.383
endpoint_ms,8.894
endpoint_ms,18.442
endpoint_ms,10.905
endpoint_ms,9.790
endpoint_ms,9.868
endpoint_ms,9.642
endpoint_ms,13.461
endpoint_ms,15.005
endpoint_ms,9.537
endpoint_ms,11.793
endpoint_ms,7.608
endpoint_ms,8.095
endpoint_ms,8.242
endpoint_ms,8.830
endpoint_ms,12.925
endpoint_ms,15.619
endpoint_ms,8.539
endpoint_ms,10.533
endpoint_ms,9.934
endpoint_ms,10.102
endpoint_ms,10.376
endpoint_ms,21.586
endpoint_ms,9.301
endpoint_ms,7.712
endpoint_ms,15.257
endpoint_ms,7.974
endpoint_ms,13.309
endpoint_ms,8.508
endpoint_ms,8.321
endpoint_ms,8.922
endpoint_ms,10.097
endpoint_ms,8.058
endpoint_ms,8.288
endpoint_ms,8.168
endpoint_ms,10.443
endpoint_ms,9.402
endpoint_ms,14.144
endpoint_ms,19.766
endpoint_ms,18.982
endpoint_ms,10.912
endpoint_ms,8.232
endpoint_ms,8.476
endpoint_ms,8.505
endpoint_ms,14.620
endpoint_ms,8.977
endpoint_ms,10.062
endpoint_ms,16.824
endpoint_ms,10.053
endpoint_ms,8.848
endpoint_ms,9.815
endpoint_ms,7.723
endpoint_ms,7.384
endpoint_ms,7.451
endpoint_ms,7.937
endpoint_ms,14.325
endpoint_ms,9.551
endpoint_ms,8.923
endpoint_ms,13.855
endpoint_ms,9.045
endpoint_ms,7.463
endpoint_ms,24.619
endpoint_ms,13.021
endpoint_ms,26.173
endpoint_ms,8.820
endpoint_ms,10.053
endpoint_ms,8.747
endpoint_ms,14.139
endpoint_ms,17.565
endpoint_ms,9.780
endpoint_ms,14.011
endpoint_ms,9.821
endpoint_ms,8.653
endpoint_ms,7.644
endpoint_ms,13.465
endpoint_ms,11.284
endpoint_ms,10.547
endpoint_ms,13.130
endpoint_ms,7.650
endpoint_ms,16.334
endpoint_ms,10.699
endpoint_ms,12.108
endpoint_ms,8.062
endpoint_ms,10.126
endpoint_ms,9.442
endpoint_ms,13.212
endpoint_ms,8.518
endpoint_ms,10.728
endpoint_ms,7.777
endpoint_ms,18.227
endpoint_ms,14.282
endpoint_ms,14.653
endpoint_ms,15.442
endpoint_ms,15.487
endpoint_ms,14.586
endpoint_ms,14.379
endpoint_ms,7.461
endpoint_ms,9.451
endpoint_ms,8.795
endpoint_ms,13.163
endpoint_ms,11.748
endpoint_ms,7.895
endpoint_ms,13.975
endpoint_ms,14.205
endpoint_ms,8.735
endpoint_ms,9.961
endpoint_ms,15.104
endpoint_ms,14.027
endpoint_ms,14.282
endpoint_ms,10.111
endpoint_ms,17.436
endpoint_ms,8.803
endpoint_ms,13.916
endpoint_ms,13.909
endpoint_ms,13.273
endpoint_ms,20.285
endpoint_ms,8.698
endpoint_ms,7.639
endpoint_ms,8.626
endpoint_ms,14.719
endpoint_ms,8.308
endpoint_ms,20.915
endpoint_ms,18.693
endpoint_ms,9.231
endpoint_ms,8.981
endpoint_ms,16.184
endpoint_ms,10.501
endpoint_ms,10.524
endpoint_ms,9.524
endpoint_ms,7.951
endpoint_ms,7.571
endpoint_ms,16.289
endpoint_ms,11.595
endpoint_ms,26.429
endpoint_ms,10.084
endpoint_ms,8.395
endpoint_ms,9.196
endpoint_ms,8.055
endpoint_ms,14.288
endpoint_ms,9.471
endpoint_ms,9.096
endpoint_ms,14.197
endpoint_ms,9.061
endpoint_ms,14.293
endpoint_ms,15.595
endpoint_ms,17.203
endpoint_ms,14.286
endpoint_ms,8.201
endpoint_ms,13.091
endpoint_ms,14.347
endpoint_ms,17.701
endpoint_ms,8.211
endpoint_ms,8.251
endpoint_ms,15.928
endpoint_ms,7.730
endpoint_ms,13.863
endpoint_ms,8.867
endpoint_ms,18.716
endpoint_ms,8.721
endpoint_ms,13.117
endpoint_ms,14.877
endpoint_ms,8.815
endpoint_ms,10.212
endpoint_ms,7.260
endpoint_ms,12.857
endpoint_ms,7.663
endpoint_ms,9.365
endpoint_ms,18.352
endpoint_ms,9.192
endpoint_ms,13.362
endpoint_ms,8.666
endpoint_ms,13.243
endpoint_ms,13.979
endpoint_ms,9.492
endpoint_ms,8.494
endpoint_ms,8.233
endpoint_ms,7.350
endpoint_ms,8.402
endpoint_ms,7.427
endpoint_ms,7.172
endpoint_ms,8.703
endpoint_ms,20.957
endpoint_ms,7.735
endpoint_ms,8.968
endpoint_ms,9.619
endpoint_ms,9.929
endpoint_ms,8.544
endpoint_ms,9.046
endpoint_ms,9.289
endpoint_ms,9.177
endpoint_ms,16.850
endpoint_ms,12.941
endpoint_ms,7.855
endpoint_ms,9.156
endpoint_ms,10.167
endpoint_ms,8.881
endpoint_ms,14.140
endpoint_ms,8.171
endpoint_ms,9.451
endpoint_ms,22.612
endpoint_ms,11.047
endpoint_ms,8.413
endpoint_ms,7.137
endpoint_ms,9.438
endpoint_ms,14.434
endpoint_ms,13.772
endpoint_ms,15.899
endpoint_ms,8.111
endpoint_ms,23.106
endpoint_ms,13.139
endpoint_ms,11.257
endpoint_ms,7.807
endpoint_ms,13.657
endpoint_ms,11.592
endpoint_ms,8.493
endpoint_ms,14.802
endpoint_ms,13.799
endpoint_ms,8.770
endpoint_ms,14.384
endpoint_ms,16.064
endpoint_ms,8.688
endpoint_ms,8.218
endpoint_ms,8.457
endpoint_ms,9.756
endpoint_ms,9.311
endpoint_ms,13.355
endpoint_ms,8.717
endpoint_ms,7.340
endpoint_ms,7.824
endpoint_ms,9.120
endpoint_ms,14.432
endpoint_ms,9.355
endpoint_ms,18.525
endpoint_ms,14.865
endpoint_ms,8.527
endpoint_ms,9.835
endpoint_ms,10.232
endpoint_ms,8.691
endpoint_ms,18.425
endpoint_ms,19.787
endpoint_ms,13.997
endpoint_ms,10.112
endpoint_ms,14.422
endpoint_ms,8.882
endpoint_ms,13.488
endpoint_ms,14.329
endpoint_ms,8.604
endpoint_ms,10.850
endpoint_ms,7.544
endpoint_ms,7.715
endpoint_ms,13.060
endpoint_ms,15.761
endpoint_ms,9.420
endpoint_ms,14.414
endpoint_ms,9.320
endpoint_ms,8.618
endpoint_ms,7.838
endpoint_ms,9.637
endpoint_ms,8.274
endpoint_ms,8.959
endpoint_ms,9.193
endpoint_ms,13.377
endpoint_ms,11.276
endpoint_ms,16.279
endpoint_ms,8.049
endpoint_ms,23.214
endpoint_ms,24.027
endpoint_ms,8.229
endpoint_ms,13.298
endpoint_ms,9.035
endpoint_ms,14.537
endpoint_ms,13.049
endpoint_ms,9.396
endpoint_ms,9.048
endpoint_ms,15.680
endpoint_ms,8.914
endpoint_ms,9.892
endpoint_ms,8.458
endpoint_ms,8.303
endpoint_ms,7.871
endpoint_ms,7.919
endpoint_ms,11.643
endpoint_ms,10.391
endpoint_ms,7.946
endpoint_ms,13.600
endpoint_ms,8.336
endpoint_ms,9.196
endpoint_ms,9.453
endpoint_ms,15.210
endpoint_ms,13.300
endpoint_ms,10.700
endpoint_ms,11.832
endpoint_ms,15.779
endpoint_ms,11.009
endpoint_ms,10.762
endpoint_ms,7.590
endpoint_ms,14.137
endpoint_ms,9.542
endpoint_ms,16.504
endpoint_ms,14.523
endpoint_ms,11.568
endpoint_ms,7.209
endpoint_ms,14.366
endpoint_ms,9.324
endpoint_ms,18.029
endpoint_ms,10.444
endpoint_ms,17.061
endpoint_ms,10.984
endpoint_ms,12.989
endpoint_ms,9.381
endpoint_ms,18.142
endpoint_ms,18.208
endpoint_ms,14.245
endpoint_ms,9.019
endpoint_ms,11.785
endpoint_ms,8.999
endpoint_ms,8.135
endpoint_ms,16.211
endpoint_ms,16.419
endpoint_ms,10.342
endpoint_ms,14.405
endpoint_ms,14.873
endpoint_ms,15.860
endpoint_ms,8.773
endpoint_ms,8.057
endpoint_ms,8.618
endpoint_ms,14.600
endpoint_ms,8.196
endpoint_ms,14.134
endpoint_ms,7.991
endpoint_ms,15.864
endpoint_ms,13.854
endpoint_ms,8.999
endpoint_ms,13.874
endpoint_ms,8.551
endpoint_ms,9.425
endpoint_ms,8.868
endpoint_ms,6.722
endpoint_ms,7.912
endpoint_ms,14.594
endpoint_ms,14.662
endpoint_ms,9.148
endpoint_ms,12.912
endpoint_ms,14.904
endpoint_ms,20.052
endpoint_ms,8.402
endpoint_ms,7.647
endpoint_ms,9.763
endpoint_ms,11.115
endpoint_ms,13.793
endpoint_ms,9.965
endpoint_ms,22.430
endpoint_ms,8.134
endpoint_ms,7.457
endpoint_ms,9.565
endpoint_ms,10.546
endpoint_ms,8.404
endpoint_ms,9.156
endpoint_ms,15.254
endpoint_ms,7.551
endpoint_ms,8.344
endpoint_ms,8.539
endpoint_ms,17.267
endpoint_ms,20.314
endpoint_ms,7.752
endpoint_ms,8.001
endpoint_ms,11.619
endpoint_ms,9.669
endpoint_ms,7.957
endpoint_ms,12.667
endpoint_ms,14.018
endpoint_ms,14.102
endpoint_ms,17.470
endpoint_ms,13.060
endpoint_ms,14.416
endpoint_ms,9.540
endpoint_ms,8.359
endpoint_ms,8.337
endpoint_ms,7.337
endpoint_ms,15.224
endpoint_ms,16.369
endpoint_ms,8.103
endpoint_ms,8.627
endpoint_ms,14.344
endpoint_ms,7.809
endpoint_ms,9.000
endpoint_ms,7.657
endpoint_ms,9.182
endpoint_ms,15.702
endpoint_ms,9.622
endpoint_ms,7.771
endpoint_ms,20.004
endpoint_ms,9.663
endpoint_ms,8.436
endpoint_ms,17.856
endpoint_ms,10.531
endpoint_ms,12.488
endpoint_ms,7.577
endpoint_ms,9.351
endpoint_ms,8.569
endpoint_ms,15.144
endpoint_ms,8.501
endpoint_ms,8.830
endpoint_ms,14.346
endpoint_ms,10.033
endpoint_ms,10.862
endpoint_ms,8.745
endpoint_ms,8.826
endpoint_ms,7.683
endpoint_ms,15.808
endpoint_ms,17.012
endpoint_ms,7.802
endpoint_ms,8.785
endpoint_ms,27.049
endpoint_ms,15.895
endpoint_ms,17.588
endpoint_ms,7.365
endpoint_ms,9.036
endpoint_ms,14.405
endpoint_ms,11.060
endpoint_ms,7.691
endpoint_ms,8.696
endpoint_ms,7.614
endpoint_ms,23.787
endpoint_ms,11.179
endpoint_ms,8.962
endpoint_ms,8.404
endpoint_ms,16.762
endpoint_ms,19.991
endpoint_ms,8.383
endpoint_ms,8.235
endpoint_ms,9.548
endpoint_ms,8.423
endpoint_ms,40.917
endpoint_ms,36.827
endpoint_ms,28.703
endpoint_ms,25.134
endpoint_ms,19.825
endpoint_ms,15.354
endpoint_ms,9.271
endpoint_ms,10.924
endpoint_ms,7.981
endpoint_ms,14.804
endpoint_ms,15.110
endpoint_ms,8.275
endpoint_ms,7.783
endpoint_ms,8.532
endpoint_ms,19.085
endpoint_ms,8.708
endpoint_ms,8.705
endpoint_ms,23.141
endpoint_ms,17.259
endpoint_ms,11.432
endpoint_ms,7.906
endpoint_ms,8.869
endpoint_ms,22.113
endpoint_ms,17.081
endpoint_ms,14.015
endpoint_ms,8.651
endpoint_ms,14.001
endpoint_ms,14.625
endpoint_ms,17.945
endpoint_ms,10.819
endpoint_ms,8.147
endpoint_ms,8.024
endpoint_ms,15.325
endpoint_ms,16.314
endpoint_ms,10.048
endpoint_ms,22.548
endpoint_ms,15.268
endpoint_ms,8.070
endpoint_ms,22.919
endpoint_ms,8.913
endpoint_ms,15.056
endpoint_ms,8.343
endpoint_ms,14.132
endpoint_ms,12.068
endpoint_ms,8.845
endpoint_ms,73.187
endpoint_ms,45.783
endpoint_ms,7.965
endpoint_ms,15.673
endpoint_ms,16.504
endpoint_ms,10.015
endpoint_ms,40.609
endpoint_ms,10.877
endpoint_ms,16.307
endpoint_ms,9.648
endpoint_ms,12.114
endpoint_ms,11.742
endpoint_ms,15.495
endpoint_ms,15.172
endpoint_ms,9.763
endpoint_ms,8.755
endpoint_ms,8.971
endpoint_ms,9.800
endpoint_ms,15.843
endpoint_ms,7.349
endpoint_ms,14.680
endpoint_ms,17.347
endpoint_ms,13.949
endpoint_ms,10.360
endpoint_ms,9.794
endpoint_ms,21.398
endpoint_ms,10.588
endpoint_ms,16.483
endpoint_ms,11.139
endpoint_ms,7.143
endpoint_ms,8.604
endpoint_ms,9.129
endpoint_ms,9.564
endpoint_ms,15.881
endpoint_ms,17.523
endpoint_ms,15.488
endpoint_ms,9.790
endpoint_ms,9.137
endpoint_ms,7.870
endpoint_ms,8.593
endpoint_ms,9.879
endpoint_ms,8.594
endpoint_ms,9.984
endpoint_ms,8.006
endpoint_ms,8.882
endpoint_ms,9.742
endpoint_ms,26.035
endpoint_ms,29.396
endpoint_ms,22.048
endpoint_ms,15.429
endpoint_ms,18.529
endpoint_ms,10.681
endpoint_ms,8.065
endpoint_ms,10.516
endpoint_ms,14.751
endpoint_ms,8.281
endpoint_ms,11.467
endpoint_ms,9.945
endpoint_ms,8.841
endpoint_ms,15.986
endpoint_ms,9.651
endpoint_ms,7.859
endpoint_ms,14.162
endpoint_ms,9.884
endpoint_ms,9.480
endpoint_ms,9.937
endpoint_ms,16.075
endpoint_ms,9.267
endpoint_ms,18.686
endpoint_ms,10.866
endpoint_ms,13.976
endpoint_ms,14.953
endpoint_ms,16.017
endpoint_ms,14.150
endpoint_ms,7.854
endpoint_ms,8.235
endpoint_ms,16.535
endpoint_ms,8.898
endpoint_ms,8.129
endpoint_ms,14.158
endpoint_ms,9.094
endpoint_ms,7.594
endpoint_ms,11.323
endpoint_ms,9.894
endpoint_ms,22.569
endpoint_ms,15.017
endpoint_ms,10.214
endpoint_ms,8.509
endpoint_ms,8.691
endpoint_ms,9.581
endpoint_ms,8.381
endpoint_ms,9.290
endpoint_ms,7.859
endpoint_ms,9.693
endpoint_ms,10.211
endpoint_ms,8.789
endpoint_ms,8.102
endpoint_ms,8.206
endpoint_ms,8.475
endpoint_ms,17.190
endpoint_ms,15.552
endpoint_ms,16.812
endpoint_ms,8.701
endpoint_ms,8.806
endpoint_ms,12.780
endpoint_ms,9.303
endpoint_ms,9.857
endpoint_ms,7.735
endpoint_ms,8.071
endpoint_ms,14.440
endpoint_ms,12.851
endpoint_ms,8.344
endpoint_ms,8.379
endpoint_ms,8.274
endpoint_ms,8.964
endpoint_ms,8.754
endpoint_ms,21.551
endpoint_ms,8.659
endpoint_ms,7.599
endpoint_ms,23.178
endpoint_ms,12.845
endpoint_ms,23.762
endpoint_ms,9.017
endpoint_ms,8.892
endpoint_ms,16.438
endpoint_ms,16.922
endpoint_ms,14.921
endpoint_ms,8.846
endpoint_ms,9.305
endpoint_ms,14.823
endpoint_ms,11.871
endpoint_ms,23.033
endpoint_ms,8.024
endpoint_ms,7.815
endpoint_ms,8.137
endpoint_ms,16.384
endpoint_ms,29.761
endpoint_ms,18.025
endpoint_ms,36.868
endpoint_ms,9.000
endpoint_ms,8.550
endpoint_ms,16.502
endpoint_ms,26.220
endpoint_ms,17.092
endpoint_ms,8.251
endpoint_ms,8.425
endpoint_ms,17.486
endpoint_ms,7.517
endpoint_ms,15.354
endpoint_ms,9.139
endpoint_ms,16.872
endpoint_ms,9.257
endpoint_ms,17.851
endpoint_ms,9.819
endpoint_ms,14.165
endpoint_ms,9.328
endpoint_ms,8.688
endpoint_ms,8.211
endpoint_ms,9.105
endpoint_ms,18.717
endpoint_ms,17.639
endpoint_ms,11.114
endpoint_ms,8.296
endpoint_ms,13.202
endpoint_ms,10.765
endpoint_ms,8.841
endpoint_ms,9.544
endpoint_ms,6.929
endpoint_ms,25.167
endpoint_ms,10.485
endpoint_ms,13.852
endpoint_ms,7.892
endpoint_ms,8.693
endpoint_ms,8.218
endpoint_ms,8.551
endpoint_ms,7.382
endpoint_ms,13.700
endpoint_ms,14.570
endpoint_ms,17.763
endpoint_ms,9.230
endpoint_ms,8.530
endpoint_ms,9.352
endpoint_ms,14.864
endpoint_ms,9.236
endpoint_ms,7.762
endpoint_ms,7.284
endpoint_ms,12.728
endpoint_ms,8.963
endpoint_ms,13.082
endpoint_ms,7.475
endpoint_ms,9.278
endpoint_ms,9.474
endpoint_ms,9.354
endpoint_ms,7.396
endpoint_ms,8.252
endpoint_ms,10.858
endpoint_ms,13.696
endpoint_ms,15.743
endpoint_ms,10.379
endpoint_ms,7.446
endpoint_ms,10.155
endpoint_ms,8.187
endpoint_ms,9.787
endpoint_ms,6.861
endpoint_ms,16.211
endpoint_ms,9.297
endpoint_ms,9.581
endpoint_ms,8.213
endpoint_ms,10.931
endpoint_ms,9.359
endpoint_ms,11.791
endpoint_ms,8.456
endpoint_ms,7.693
endpoint_ms,9.047
endpoint_ms,13.718
endpoint_ms,14.287
endpoint_ms,8.033
endpoint_ms,9.165
endpoint_ms,21.966
endpoint_ms,25.941
endpoint_ms,9.043
endpoint_ms,7.997
endpoint_ms,14.636
endpoint_ms,8.626
endpoint_ms,10.015
endpoint_ms,14.496
endpoint_ms,8.846
endpoint_ms,9.759
endpoint_ms,8.960
endpoint_ms,16.323
endpoint_ms,8.046
endpoint_ms,14.942
endpoint_ms,11.087
endpoint_ms,15.887
endpoint_ms,9.501
endpoint_ms,11.325
endpoint_ms,15.093
endpoint_ms,9.109
endpoint_ms,9.231
endpoint_ms,16.702
endpoint_ms,13.657
endpoint_ms,14.701
endpoint_ms,8.961
endpoint_ms,8.093
endpoint_ms,13.865
endpoint_ms,7.837
endpoint_ms,9.902
endpoint_ms,7.687
endpoint_ms,8.473
endpoint_ms,15.235
endpoint_ms,8.982
endpoint_ms,14.321
endpoint_ms,20.464
endpoint_ms,8.321
endpoint_ms,15.234
endpoint_ms,8.988
endpoint_ms,14.084
endpoint_ms,8.847
endpoint_ms,8.849
endpoint_ms,12.231
endpoint_ms,7.583
endpoint_ms,14.425
endpoint_ms,15.090
endpoint_ms,11.762
endpoint_ms,13.837
endpoint_ms,9.228
endpoint_ms,9.064
endpoint_ms,8.496
endpoint_ms,15.603
endpoint_ms,17.545
endpoint_ms,9.539
endpoint_ms,16.463
endpoint_ms,49.676
endpoint_ms,8.772
endpoint_ms,8.950
endpoint_ms,12.782
endpoint_ms,7.691
endpoint_ms,7.823
endpoint_ms,8.726
endpoint_ms,8.604
endpoint_ms,8.013
endpoint_ms,16.558
endpoint_ms,9.863
endpoint_ms,10.241
endpoint_ms,9.824
endpoint_ms,9.175
endpoint_ms,15.411
endpoint_ms,13.474
endpoint_ms,9.224
endpoint_ms,9.751
endpoint_ms,14.065
endpoint_ms,22.121
endpoint_ms,17.277
endpoint_ms,8.534
endpoint_ms,7.718
endpoint_ms,13.622
endpoint_ms,8.593
endpoint_ms,7.625
endpoint_ms,12.872
endpoint_ms,9.405
endpoint_ms,9.377
endpoint_ms,11.892
endpoint_ms,10.320
endpoint_ms,8.053
endpoint_ms,17.108
endpoint_ms,8.723
endpoint_ms,10.570
endpoint_ms,10.855
endpoint_ms,35.356
endpoint_ms,67.956
endpoint_ms,14.190
endpoint_ms,16.355
endpoint_ms,16.954
endpoint_ms,11.873
endpoint_ms,18.450
endpoint_ms,8.080
endpoint_ms,13.777
endpoint_ms,7.394
endpoint_ms,15.473
endpoint_ms,9.522
endpoint_ms,8.033
endpoint_ms,14.595
endpoint_ms,13.292
endpoint_ms,8.094
endpoint_ms,11.459
endpoint_ms,8.748
endpoint_ms,30.680
endpoint_ms,9.015
endpoint_ms,14.423
endpoint_ms,16.338
endpoint_ms,18.989
endpoint_ms,15.472
endpoint_ms,7.855
endpoint_ms,14.565
endpoint_ms,7.613
endpoint_ms,9.728
endpoint_ms,7.464
endpoint_ms,8.328
endpoint_ms,7.879
endpoint_ms,14.904
endpoint_ms,10.140
endpoint_ms,16.622
endpoint_ms,8.791
endpoint_ms,8.952
endpoint_ms,15.969
endpoint_ms,13.988
endpoint_ms,13.399
endpoint_ms,15.083
endpoint_ms,13.169
endpoint_ms,8.377
endpoint_ms,10.185
endpoint_ms,10.044
endpoint_ms,8.124
endpoint_ms,16.032
endpoint_ms,13.299
endpoint_ms,14.650
endpoint_ms,21.001
endpoint_ms,7.924
endpoint_ms,8.229
endpoint_ms,9.189
endpoint_ms,9.306
endpoint_ms,13.996
endpoint_ms,10.383
endpoint_ms,14.416
endpoint_ms,10.262
endpoint_ms,8.682
endpoint_ms,8.252
endpoint_ms,7.800
endpoint_ms,8.584
endpoint_ms,14.852
endpoint_ms,15.542
endpoint_ms,8.532
endpoint_ms,9.264
endpoint_ms,9.316
endpoint_ms,10.078
endpoint_ms,15.837
endpoint_ms,15.515
endpoint_ms,8.520
endpoint_ms,8.605
endpoint_ms,8.058
endpoint_ms,7.497
endpoint_ms,13.947
endpoint_ms,8.756
endpoint_ms,7.642
endpoint_ms,9.164
endpoint_ms,15.263
endpoint_ms,11.954
endpoint_ms,7.958
endpoint_ms,13.282
endpoint_ms,8.794
endpoint_ms,10.004
endpoint_ms,7.601
endpoint_ms,15.213
endpoint_ms,8.419
endpoint_ms,14.594
endpoint_ms,15.282
endpoint_ms,10.214
endpoint_ms,9.592
endpoint_ms,8.925
endpoint_ms,18.930
endpoint_ms,8.195
endpoint_ms,13.362
endpoint_ms,15.080
endpoint_ms,16.796
endpoint_ms,9.653
endpoint_ms,14.682
endpoint_ms,10.250
endpoint_ms,7.735
endpoint_ms,8.924
endpoint_ms,9.236
endpoint_ms,15.453
endpoint_ms,10.482
endpoint_ms,22.380
endpoint_ms,8.437
endpoint_ms,13.016
endpoint_ms,10.150
endpoint_ms,7.702
endpoint_ms,7.865
endpoint_ms,8.647
endpoint_ms,9.264
endpoint_ms,10.826
endpoint_ms,15.890
endpoint_ms,10.185
endpoint_ms,9.639
endpoint_ms,9.668
endpoint_ms,7.869
endpoint_ms,10.017
endpoint_ms,11.878
endpoint_ms,9.450
endpoint_ms,16.884
endpoint_ms,19.071
endpoint_ms,11.023
endpoint_ms,10.144
endpoint_ms,8.732
endpoint_ms,14.919
endpoint_ms,9.019
endpoint_ms,15.019
endpoint_ms,13.682
endpoint_ms,7.742
endpoint_ms,8.088
endpoint_ms,9.658
endpoint_ms,10.493
endpoint_ms,11.313
endpoint_ms,8.995
endpoint_ms,15.023
endpoint_ms,9.121
endpoint_ms,9.788
endpoint_ms,8.630
endpoint_ms,10.358
endpoint_ms,15.755
endpoint_ms,16.176
endpoint_ms,10.030
endpoint_ms,14.742
endpoint_ms,8.962
endpoint_ms,9.464
endpoint_ms,7.634
endpoint_ms,18.350
endpoint_ms,14.036
endpoint_ms,21.090
endpoint_ms,8.520
endpoint_ms,13.841
endpoint_ms,7.872
endpoint_ms,7.981
endpoint_ms,9.256
endpoint_ms,8.638
endpoint_ms,9.923
endpoint_ms,7.628
endpoint_ms,9.676
endpoint_ms,9.165
endpoint_ms,9.973
endpoint_ms,13.208
endpoint_ms,8.669
endpoint_ms,9.716
endpoint_ms,9.010
endpoint_ms,14.017
endpoint_ms,8.438
endpoint_ms,8.720
endpoint_ms,8.985
endpoint_ms,16.664
endpoint_ms,14.056
endpoint_ms,9.066
endpoint_ms,14.861
endpoint_ms,8.360
endpoint_ms,12.023
endpoint_ms,13.557
endpoint_ms,9.632
endpoint_ms,7.372
endpoint_ms,9.510
endpoint_ms,8.102
endpoint_ms,16.300
endpoint_ms,9.394
endpoint_ms,17.659
endpoint_ms,24.739
endpoint_ms,16.597
endpoint_ms,8.544
endpoint_ms,12.717
endpoint_ms,9.079
endpoint_ms,8.007
endpoint_ms,8.277
endpoint_ms,8.270
endpoint_ms,8.782
endpoint_ms,22.439
endpoint_ms,8.679
endpoint_ms,10.430
endpoint_ms,14.711
endpoint_ms,10.989
endpoint_ms,8.958
endpoint_ms,7.843
endpoint_ms,11.854
endpoint_ms,14.309
endpoint_ms,8.181
endpoint_ms,10.135
endpoint_ms,8.130
endpoint_ms,8.614
endpoint_ms,12.203
endpoint_ms,8.857
endpoint_ms,9.190
endpoint_ms,9.826
endpoint_ms,21.134
endpoint_ms,8.151
endpoint_ms,8.208
endpoint_ms,11.380
endpoint_ms,10.596
endpoint_ms,7.421
endpoint_ms,13.672
endpoint_ms,17.685
endpoint_ms,8.714
endpoint_ms,18.822
endpoint_ms,9.535
endpoint_ms,15.990
endpoint_ms,10.255
endpoint_ms,16.202
endpoint_ms,14.723
endpoint_ms,10.091
endpoint_ms,16.091
endpoint_ms,15.506
endpoint_ms,16.408
endpoint_ms,12.885
endpoint_ms,10.406
endpoint_ms,7.068
endpoint_ms,8.667
endpoint_ms,8.799
endpoint_ms,7.913
endpoint_ms,16.046
endpoint_ms,8.829
endpoint_ms,15.224
endpoint_ms,13.858
endpoint_ms,12.989
endpoint_ms,9.856
endpoint_ms,8.715
endpoint_ms,8.141
endpoint_ms,9.739
endpoint_ms,7.769
endpoint_ms,7.459
endpoint_ms,12.533
endpoint_ms,7.696
endpoint_ms,27.487
endpoint_ms,8.432
endpoint_ms,14.002
endpoint_ms,8.449
endpoint_ms,9.870
endpoint_ms,8.870
endpoint_ms,24.072
endpoint_ms,15.680
endpoint_ms,15.061
endpoint_ms,9.480
endpoint_ms,7.820
endpoint_ms,11.963
endpoint_ms,8.890
endpoint_ms,9.132
endpoint_ms,10.558
endpoint_ms,15.646
endpoint_ms,23.959
endpoint_ms,13.249
endpoint_ms,15.360
endpoint_ms,12.411
endpoint_ms,8.242
endpoint_ms,12.961
endpoint_ms,7.769
endpoint_ms,9.808
endpoint_ms,9.641
endpoint_ms,10.794
endpoint_ms,9.944
endpoint_ms,9.916
endpoint_ms,14.993
endpoint_ms,16.489
endpoint_ms,9.377
endpoint_ms,7.820
endpoint_ms,8.971
endpoint_ms,7.706
endpoint_ms,8.193
endpoint_ms,8.293
endpoint_ms,10.310
endpoint_ms,9.334
endpoint_ms,9.017
endpoint_ms,13.278
endpoint_ms,14.613
endpoint_ms,8.131
endpoint_ms,7.788
endpoint_ms,8.899
endpoint_ms,9.336
endpoint_ms,16.046
endpoint_ms,16.420
endpoint_ms,18.441
endpoint_ms,41.841
endpoint_ms,18.786
endpoint_ms,17.608
endpoint_ms,9.317
endpoint_ms,14.325
endpoint_ms,16.179
endpoint_ms,7.912
endpoint_ms,9.931
endpoint_ms,13.202
endpoint_ms,19.504
endpoint_ms,8.664
endpoint_ms,11.101
endpoint_ms,15.216
endpoint_ms,9.915
endpoint_ms,8.092
endpoint_ms,11.789
endpoint_ms,8.850
endpoint_ms,13.369
endpoint_ms,7.398
endpoint_ms,14.553
endpoint_ms,9.159
endpoint_ms,16.960
endpoint_ms,12.032
endpoint_ms,11.091
endpoint_ms,10.242
endpoint_ms,14.277
endpoint_ms,9.815
endpoint_ms,16.883
endpoint_ms,8.656
endpoint_ms,8.748
endpoint_ms,9.565
endpoint_ms,13.082
endpoint_ms,10.907
endpoint_ms,14.385
endpoint_ms,9.792
endpoint_ms,7.312
endpoint_ms,8.615
endpoint_ms,15.710
endpoint_ms,8.650
endpoint_ms,8.351
endpoint_ms,16.923
endpoint_ms,11.587
endpoint_ms,8.486
endpoint_ms,8.402
endpoint_ms,7.266
endpoint_ms,9.262
endpoint_ms,11.134
endpoint_ms,9.574
endpoint_ms,8.603
endpoint_ms,13.587
endpoint_ms,9.453
endpoint_ms,16.440
endpoint_ms,17.076
endpoint_ms,7.408
endpoint_ms,8.434
endpoint_ms,9.534
endpoint_ms,9.019
endpoint_ms,9.094
endpoint_ms,13.348
endpoint_ms,8.397
endpoint_ms,10.983
endpoint_ms,8.216
endpoint_ms,14.816
endpoint_ms,8.563
endpoint_ms,14.353
endpoint_ms,14.442
endpoint_ms,17.777
endpoint_ms,14.597
endpoint_ms,12.325
endpoint_ms,9.495
endpoint_ms,9.453
endpoint_ms,8.176
endpoint_ms,14.357
endpoint_ms,8.329
endpoint_ms,22.722
endpoint_ms,7.431
endpoint_ms,9.129
endpoint_ms,21.731
endpoint_ms,7.685
endpoint_ms,9.895
endpoint_ms,8.709
endpoint_ms,9.484
endpoint_ms,7.312
endpoint_ms,10.453
endpoint_ms,8.828
endpoint_ms,9.914
endpoint_ms,8.293
endpoint_ms,7.992
endpoint_ms,10.408
endpoint_ms,13.563
endpoint_ms,8.189
endpoint_ms,8.120
endpoint_ms,9.668
endpoint_ms,8.071
endpoint_ms,7.811
endpoint_ms,14.877
endpoint_ms,12.226
endpoint_ms,7.754
endpoint_ms,11.281
endpoint_ms,42.028
endpoint_ms,8.627
endpoint_ms,14.307
endpoint_ms,18.993
endpoint_ms,14.746
endpoint_ms,14.601
endpoint_ms,7.129
endpoint_ms,13.943
endpoint_ms,14.467
endpoint_ms,8.313
endpoint_ms,13.355
endpoint_ms,12.836
endpoint_ms,15.143
endpoint_ms,8.556
endpoint_ms,25.953
endpoint_ms,10.429
endpoint_ms,13.833
endpoint_ms,9.953
endpoint_ms,14.149
endpoint_ms,15.612
endpoint_ms,8.189
endpoint_ms,21.423
endpoint_ms,18.215
endpoint_ms,7.957
endpoint_ms,12.586
endpoint_ms,13.393
endpoint_ms,14.692
endpoint_ms,11.814
endpoint_ms,7.653
endpoint_ms,8.469
endpoint_ms,7.470
endpoint_ms,8.292
endpoint_ms,34.688
endpoint_ms,12.384
endpoint_ms,10.441
endpoint_ms,27.683
endpoint_ms,8.933
endpoint_ms,21.885
endpoint_ms,25.989
endpoint_ms,10.976
endpoint_ms,7.982
endpoint_ms,9.438
endpoint_ms,14.469
endpoint_ms,10.410
endpoint_ms,16.199
endpoint_ms,11.998
endpoint_ms,12.801
endpoint_ms,21.624
endpoint_ms,15.119
endpoint_ms,15.331
endpoint_ms,8.033
endpoint_ms,10.176
endpoint_ms,9.121
endpoint_ms,9.959
endpoint_ms,7.957
endpoint_ms,9.466
endpoint_ms,8.218
endpoint_ms,13.055
endpoint_ms,9.497
endpoint_ms,8.613
endpoint_ms,16.440
endpoint_ms,14.020
endpoint_ms,14.144
endpoint_ms,15.645
endpoint_ms,24.427
endpoint_ms,16.195
endpoint_ms,27.006
endpoint_ms,16.738
endpoint_ms,8.828
endpoint_ms,16.942
endpoint_ms,9.491
endpoint_ms,11.649
endpoint_ms,15.249
endpoint_ms,21.502
endpoint_ms,7.641
endpoint_ms,8.532
endpoint_ms,8.550
endpoint_ms,9.372
endpoint_ms,9.400
endpoint_ms,14.005
endpoint_ms,9.043
endpoint_ms,10.445
endpoint_ms,9.297
endpoint_ms,14.356
endpoint_ms,9.289
endpoint_ms,9.551
endpoint_ms,9.258
endpoint_ms,8.346
endpoint_ms,8.088
endpoint_ms,18.113
endpoint_ms,7.892
endpoint_ms,14.090
endpoint_ms,13.827
endpoint_ms,8.139
endpoint_ms,8.539
endpoint_ms,19.278
endpoint_ms,8.854
endpoint_ms,9.459
endpoint_ms,8.461
endpoint_ms,8.745
endpoint_ms,8.295
endpoint_ms,8.319
endpoint_ms,8.435
endpoint_ms,16.327
endpoint_ms,16.478
endpoint_ms,10.775
endpoint_ms,63.059
endpoint_ms,37.009
endpoint_ms,15.150
endpoint_ms,23.248
endpoint_ms,15.176
endpoint_ms,7.684
endpoint_ms,10.529
endpoint_ms,9.355
endpoint_ms,8.256
endpoint_ms,8.651
endpoint_ms,18.263
endpoint_ms,9.390
endpoint_ms,9.221
endpoint_ms,8.315
endpoint_ms,8.388
endpoint_ms,8.506
endpoint_ms,10.113
endpoint_ms,8.817
endpoint_ms,8.629
endpoint_ms,14.839
endpoint_ms,14.119
endpoint_ms,29.817
endpoint_ms,10.970
endpoint_ms,13.836
endpoint_ms,8.346
endpoint_ms,14.720
endpoint_ms,9.353
endpoint_ms,10.445
endpoint_ms,8.211
endpoint_ms,57.298
endpoint_ms,13.459
endpoint_ms,8.806
endpoint_ms,9.001
endpoint_ms,8.742
endpoint_ms,7.927
endpoint_ms,10.584
endpoint_ms,14.235
endpoint_ms,14.768
endpoint_ms,7.941
