edge_get,0.00719
prepare_header,0.00006
prepare_iterator,0.00003
body[edge],0.00823
edge_get,0.00095
cloud_get,0.00842
prepare_header,0.00008
prepare_iterator,0.00002
body[cloud-http],0.00547
edge_get,0.00080
cloud_get,0.00480
prepare_header,0.00002
prepare_iterator,0.00001
body[cloud-http],0.00516
edge_get,0.00191
prepare_header,0.00002
prepare_iterator,0.00001
body[edge],0.00619
edge_get,0.00159
prepare_header,0.00002
prepare_iterator,0.00001
body[edge],0.00726
edge_get,0.00169
prepare_header,0.00005
prepare_iterator,0.00001
body[edge],0.00590
edge_get,0.00082
cloud_get,0.00642
prepare_header,0.00002
prepare_iterator,0.00001
body[cloud-http],0.00597
edge_get,0.00185
prepare_header,0.00002
prepare_iterator,0.00001
body[edge],0.00982
edge_get,0.00081
cloud_get,0.00514
prepare_header,0.00002
prepare_iterator,0.00001
body[cloud-http],0.00571
edge_get,0.00180
prepare_header,0.00002
prepare_iterator,0.00001
body[edge],0.00636
edge_get,0.00164
prepare_header,0.00002
prepare_iterator,0.00001
body[edge],0.00573
edge_get,0.00231
prepare_header,0.00002
prepare_iterator,0.00001
body[edge],0.00673
edge_get,0.00157
prepare_header,0.00002
prepare_iterator,0.00001
body[edge],0.00629
edge_get,0.00166
prepare_header,0.00002
prepare_iterator,0.00001
body[edge],0.00661
edge_get,0.00082
cloud_get,0.00523
prepare_header,0.00002
prepare_iterator,0.00001
body[cloud-http],0.00512
edge_get,0.00109
cloud_get,0.00559
prepare_header,0.00002
prepare_iterator,0.00001
body[cloud-http],0.00843
edge_get,0.00085
cloud_get,0.00756
prepare_header,0.00002
prepare_iterator,0.00001
body[cloud-http],0.00619
edge_get,0.00097
cloud_get,0.00828
prepare_header,0.00002
prepare_iterator,0.00001
body[cloud-http],0.00605
edge_get,0.00092
cloud_get,0.00541
prepare_header,0.00002
prepare_iterator,0.00001
body[cloud-http],0.00575
edge_get,0.00155
prepare_header,0.00002
prepare_iterator,0.00001
body[edge],0.00621
edge_get,0.00162
prepare_header,0.00002
prepare_iterator,0.00001
body[edge],0.00661
edge_get,0.00186
prepare_header,0.00002
prepare_iterator,0.00001
body[edge],0.00618
edge_get,0.00206
prepare_header,0.00002
prepare_iterator,0.00001
body[edge],0.00601
edge_get,0.00082
cloud_get,0.00532
prepare_header,0.00002
prepare_iterator,0.00001
body[cloud-http],0.00568
edge_get,0.00079
cloud_get,0.00475
prepare_header,0.00003
prepare_iterator,0.00002
body[cloud-http],0.00636
edge_get,0.00245
prepare_header,0.00002
prepare_iterator,0.00001
body[edge],0.00719
edge_get,0.00088
cloud_get,0.00536
prepare_header,0.00002
prepare_iterator,0.00001
body[cloud-http],0.00520
edge_get,0.00155
prepare_header,0.00002
prepare_iterator,0.00001
body[edge],0.00608
edge_get,0.00164
prepare_header,0.00002
prepare_iterator,0.00002
body[edge],0.00679
edge_get,0.00085
cloud_get,0.00553
prepare_header,0.00002
prepare_iterator,0.00001
body[cloud-http],0.00503
edge_get,0.00102
cloud_get,0.00489
prepare_header,0.00002
prepare_iterator,0.00001
body[cloud-http],0.00520
edge_get,0.00175
prepare_header,0.00002
prepare_iterator,0.00001
body[edge],0.00649
edge_get,0.00083
cloud_get,0.00575
prepare_header,0.00002
prepare_iterator,0.00001
body[cloud-http],0.00605
edge_get,0.00161
prepare_header,0.00002
prepare_iterator,0.00001
body[edge],0.00635
edge_get,0.00159
prepare_header,0.00002
prepare_iterator,0.00001
body[edge],0.00669
edge_get,0.00082
cloud_get,0.00543
prepare_header,0.00005
prepare_iterator,0.00001
body[cloud-http],0.00566
edge_get,0.00165
prepare_header,0.00002
prepare_iterator,0.00001
body[edge],0.00632
edge_get,0.00154
prepare_header,0.00003
prepare_iterator,0.00001
body[edge],0.00701
edge_get,0.00081
cloud_get,0.00599
prepare_header,0.00002
prepare_iterator,0.00001
body[cloud-http],0.00536
edge_get,0.00081
cloud_get,0.00529
prepare_header,0.00002
prepare_iterator,0.00001
body[cloud-http],0.00523
edge_get,0.00105
cloud_get,0.00506
prepare_header,0.00002
prepare_iterator,0.00006
body[cloud-http],0.00529
edge_get,0.00082
cloud_get,0.00578
prepare_header,0.00002
prepare_iterator,0.00001
body[cloud-http],0.00827
edge_get,0.00173
prepare_header,0.00002
prepare_iterator,0.00001
body[edge],0.00625
edge_get,0.00084
cloud_get,0.00580
prepare_header,0.00002
prepare_iterator,0.00001
body[cloud-http],0.00468
edge_get,0.00161
prepare_header,0.00002
prepare_iterator,0.00002
body[edge],0.00697
edge_get,0.00090
cloud_get,0.00582
prepare_header,0.00002
prepare_iterator,0.00001
body[cloud-http],0.00533
edge_get,0.00079
cloud_get,0.00497
prepare_header,0.00002
prepare_iterator,0.00001
body[cloud-http],0.00523
edge_get,0.00081
cloud_get,0.00592
prepare_header,0.00007
prepare_iterator,0.00002
body[cloud-http],0.00472
edge_get,0.00109
cloud_get,0.00521
prepare_header,0.00002
prepare_iterator,0.00001
body[cloud-http],0.00543
edge_get,0.00162
prepare_header,0.00002
prepare_iterator,0.00001
body[edge],0.00612
edge_get,0.00103
cloud_get,0.00618
prepare_header,0.00002
prepare_iterator,0.00001
body[cloud-http],0.00505
edge_get,0.00219
prepare_header,0.00003
prepare_iterator,0.00001
body[edge],0.00617
edge_get,0.00162
prepare_header,0.00002
prepare_iterator,0.00001
body[edge],0.00662
edge_get,0.00080
cloud_get,0.00499
prepare_header,0.00002
prepare_iterator,0.00001
body[cloud-http],0.00549
edge_get,0.00162
prepare_header,0.00002
prepare_iterator,0.00001
body[edge],0.00599
edge_get,0.00081
cloud_get,0.00494
prepare_header,0.00002
prepare_iterator,0.00001
body[cloud-http],0.00558
edge_get,0.00107
cloud_get,0.00531
prepare_header,0.00002
prepare_iterator,0.00001
body[cloud-http],0.00566
edge_get,0.00172
prepare_header,0.00003
prepare_iterator,0.00001
body[edge],0.00658
edge_get,0.00084
cloud_get,0.00533
prepare_header,0.00003
prepare_iterator,0.00001
body[cloud-http],0.00508
edge_get,0.00155
prepare_header,0.00002
prepare_iterator,0.00001
body[edge],0.00627
edge_get,0.00084
cloud_get,0.00502
prepare_header,0.00002
prepare_iterator,0.00001
body[cloud-http],0.00559
edge_get,0.00160
prepare_header,0.00002
prepare_iterator,0.00001
body[edge],0.00630
edge_get,0.00152
prepare_header,0.00002
prepare_iterator,0.00001
body[edge],0.00671
edge_get,0.00164
prepare_header,0.00002
prepare_iterator,0.00001
body[edge],0.00658
edge_get,0.00247
prepare_header,0.00002
prepare_iterator,0.00001
body[edge],0.00653
edge_get,0.00167
prepare_header,0.00002
prepare_iterator,0.00001
body[edge],0.00660
edge_get,0.00171
prepare_header,0.00002
prepare_iterator,0.00001
body[edge],0.00614
edge_get,0.00084
cloud_get,0.00521
prepare_header,0.00019
prepare_iterator,0.00021
body[cloud-http],0.00498
edge_get,0.00163
prepare_header,0.00002
prepare_iterator,0.00001
body[edge],0.00675
edge_get,0.00078
cloud_get,0.00525
prepare_header,0.00002
prepare_iterator,0.00001
body[cloud-http],0.00540
edge_get,0.00080
cloud_get,0.00492
prepare_header,0.00002
prepare_iterator,0.00001
body[cloud-http],0.00536
edge_get,0.00156
prepare_header,0.00002
prepare_iterator,0.00001
body[edge],0.00659
edge_get,0.00198
prepare_header,0.00007
prepare_iterator,0.00001
body[edge],0.00627
edge_get,0.00085
cloud_get,0.00519
prepare_header,0.00002
prepare_iterator,0.00001
body[cloud-http],0.00478
edge_get,0.00171
prepare_header,0.00003
prepare_iterator,0.00001
body[edge],0.00677
edge_get,0.00077
cloud_get,0.00545
prepare_header,0.00002
prepare_iterator,0.00001
body[cloud-http],0.00533
edge_get,0.00082
cloud_get,0.00525
prepare_header,0.00002
prepare_iterator,0.00001
body[cloud-http],0.00528
edge_get,0.00148
prepare_header,0.00002
prepare_iterator,0.00001
body[edge],0.00664
edge_get,0.00168
prepare_header,0.00002
prepare_iterator,0.00001
body[edge],0.00654
edge_get,0.00089
cloud_get,0.00528
prepare_header,0.00002
prepare_iterator,0.00001
body[cloud-http],0.00502
edge_get,0.00359
cloud_get,0.02281
prepare_header,0.00004
prepare_iterator,0.00001
body[cloud-http],0.00471
edge_get,0.00156
prepare_header,0.00002
prepare_iterator,0.00001
body[edge],0.00630
edge_get,0.00080
cloud_get,0.00651
prepare_header,0.00002
prepare_iterator,0.00001
body[cloud-http],0.00501
edge_get,0.00151
prepare_header,0.00002
prepare_iterator,0.00001
body[edge],0.00642
edge_get,0.00162
prepare_header,0.00002
prepare_iterator,0.00001
body[edge],0.00615
edge_get,0.00078
cloud_get,0.00590
prepare_header,0.00002
prepare_iterator,0.00001
body[cloud-http],0.00577
edge_get,0.00155
prepare_header,0.00002
prepare_iterator,0.00001
body[edge],0.00643
edge_get,0.00159
prepare_header,0.00001
prepare_iterator,0.00001
body[edge],0.00632
edge_get,0.00119
cloud_get,0.00571
prepare_header,0.00002
prepare_iterator,0.00001
body[cloud-http],0.00509
edge_get,0.00153
prepare_header,0.00001
prepare_iterator,0.00001
body[edge],0.00629
edge_get,0.00221
prepare_header,0.00002
prepare_iterator,0.00001
body[edge],0.00673
edge_get,0.00076
cloud_get,0.00530
prepare_header,0.00002
prepare_iterator,0.00001
body[cloud-http],0.00496
edge_get,0.00086
cloud_get,0.00530
prepare_header,0.00002
prepare_iterator,0.00001
body[cloud-http],0.00550
edge_get,0.00121
cloud_get,0.00720
prepare_header,0.00003
prepare_iterator,0.00001
body[cloud-http],0.00745
edge_get,0.00091
cloud_get,0.00622
prepare_header,0.00002
prepare_iterator,0.00001
body[cloud-http],0.00566
edge_get,0.00080
cloud_get,0.00496
prepare_header,0.00002
prepare_iterator,0.00001
body[cloud-http],0.00562
edge_get,0.00150
prepare_header,0.00002
prepare_iterator,0.00001
body[edge],0.00677
edge_get,0.00156
prepare_header,0.00002
prepare_iterator,0.00001
body[edge],0.00625
edge_get,0.00181
prepare_header,0.00002
prepare_iterator,0.00001
body[edge],0.00632
edge_get,0.00126
cloud_get,0.00680
prepare_header,0.00002
prepare_iterator,0.00001
body[cloud-http],0.00557
edge_get,0.00154
prepare_header,0.00002
prepare_iterator,0.00003
body[edge],0.00621
edge_get,0.00087
cloud_get,0.00608
prepare_header,0.00002
prepare_iterator,0.00001
body[cloud-http],0.00559
edge_get,0.00080
cloud_get,0.00555
prepare_header,0.00002
prepare_iterator,0.00001
body[cloud-http],0.00518
edge_get,0.00158
prepare_header,0.00002
prepare_iterator,0.00001
body[edge],0.00636
edge_get,0.00209
prepare_header,0.00002
prepare_iterator,0.00001
body[edge],0.00853
edge_get,0.00080
cloud_get,0.00620
prepare_header,0.00002
prepare_iterator,0.00001
body[cloud-http],0.00542
edge_get,0.00171
prepare_header,0.00002
prepare_iterator,0.00001
body[edge],0.00654
edge_get,0.00091
cloud_get,0.00553
prepare_header,0.00002
prepare_iterator,0.00001
body[cloud-http],0.00461
edge_get,0.00178
prepare_header,0.00008
prepare_iterator,0.00001
body[edge],0.00749
edge_get,0.00086
cloud_get,0.00543
prepare_header,0.00002
prepare_iterator,0.00001
body[cloud-http],0.00827
edge_get,0.00089
cloud_get,0.00632
prepare_header,0.00003
prepare_iterator,0.00001
body[cloud-http],0.00543
edge_get,0.00207
prepare_header,0.00002
prepare_iterator,0.00001
body[edge],0.00674
edge_get,0.00082
cloud_get,0.00702
prepare_header,0.00003
prepare_iterator,0.00001
body[cloud-http],0.00521
edge_get,0.00154
prepare_header,0.00002
prepare_iterator,0.00001
body[edge],0.00635
edge_get,0.00166
prepare_header,0.00002
prepare_iterator,0.00007
body[edge],0.00649
edge_get,0.00079
cloud_get,0.00568
prepare_header,0.00002
prepare_iterator,0.00001
body[cloud-http],0.00522
edge_get,0.00101
cloud_get,0.00647
prepare_header,0.00002
prepare_iterator,0.00001
body[cloud-http],0.00540
edge_get,0.00077
cloud_get,0.00566
prepare_header,0.00002
prepare_iterator,0.00001
body[cloud-http],0.00525
edge_get,0.00157
prepare_header,0.00002
prepare_iterator,0.00001
body[edge],0.00665
edge_get,0.00161
prepare_header,0.00002
prepare_iterator,0.00001
body[edge],0.00660
edge_get,0.00176
prepare_header,0.00002
prepare_iterator,0.00001
body[edge],0.00663
edge_get,0.00153
prepare_header,0.00002
prepare_iterator,0.00001
body[edge],0.00588
edge_get,0.00085
cloud_get,0.00509
prepare_header,0.00002
prepare_iterator,0.00001
body[cloud-http],0.00567
edge_get,0.00095
cloud_get,0.00557
prepare_header,0.00006
prepare_iterator,0.00001
body[cloud-http],0.00529
edge_get,0.00081
cloud_get,0.00682
prepare_header,0.00002
prepare_iterator,0.00001
body[cloud-http],0.00495
edge_get,0.00173
prepare_header,0.00002
prepare_iterator,0.00001
body[edge],0.00671
edge_get,0.00078
cloud_get,0.00672
prepare_header,0.00002
prepare_iterator,0.00001
body[cloud-http],0.00513
edge_get,0.00194
prepare_header,0.00003
prepare_iterator,0.00001
body[edge],0.00683
edge_get,0.00204
prepare_header,0.00002
prepare_iterator,0.00001
body[edge],0.00699
edge_get,0.00081
cloud_get,0.00539
prepare_header,0.00002
prepare_iterator,0.00001
body[cloud-http],0.00536
edge_get,0.00089
cloud_get,0.00618
prepare_header,0.00003
prepare_iterator,0.00001
body[cloud-http],0.00567
edge_get,0.00087
cloud_get,0.00532
prepare_header,0.00002
prepare_iterator,0.00001
body[cloud-http],0.00486
edge_get,0.00089
cloud_get,0.00610
prepare_header,0.00002
prepare_iterator,0.00001
body[cloud-http],0.00457
edge_get,0.00084
cloud_get,0.00520
prepare_header,0.00002
prepare_iterator,0.00001
body[cloud-http],0.00532
edge_get,0.00156
prepare_header,0.00002
prepare_iterator,0.00001
body[edge],0.00629
edge_get,0.00092
cloud_get,0.00530
prepare_header,0.00002
prepare_iterator,0.00001
body[cloud-http],0.00540
edge_get,0.00180
prepare_header,0.00002
prepare_iterator,0.00001
body[edge],0.00618
edge_get,0.00081
cloud_get,0.00585
prepare_header,0.00002
prepare_iterator,0.00001
body[cloud-http],0.00545
edge_get,0.00151
prepare_header,0.00002
prepare_iterator,0.00001
body[edge],0.00679
edge_get,0.00079
cloud_get,0.00520
prepare_header,0.00038
prepare_iterator,0.00001
body[cloud-http],0.00502
edge_get,0.00168
prepare_header,0.00002
prepare_iterator,0.00001
body[edge],0.00690
edge_get,0.00093
cloud_get,0.00580
prepare_header,0.00002
prepare_iterator,0.00001
body[cloud-http],0.00590
edge_get,0.00085
cloud_get,0.00550
prepare_header,0.00002
prepare_iterator,0.00001
body[cloud-http],0.00676
edge_get,0.00163
prepare_header,0.00002
prepare_iterator,0.00002
body[edge],0.00681
edge_get,0.00085
cloud_get,0.00817
prepare_header,0.00002
prepare_iterator,0.00001
body[cloud-http],0.00566
edge_get,0.00172
prepare_header,0.00002
prepare_iterator,0.00001
body[edge],0.00616
edge_get,0.00162
prepare_header,0.00002
prepare_iterator,0.00001
body[edge],0.00628
edge_get,0.00080
cloud_get,0.00578
prepare_header,0.00002
prepare_iterator,0.00001
body[cloud-http],0.00517
edge_get,0.00197
prepare_header,0.00002
prepare_iterator,0.00001
body[edge],0.00717
edge_get,0.00194
prepare_header,0.00002
prepare_iterator,0.00001
body[edge],0.00647
edge_get,0.00254
prepare_header,0.00002
prepare_iterator,0.00001
body[edge],0.00637
edge_get,0.00080
cloud_get,0.00997
prepare_header,0.00002
prepare_iterator,0.00001
body[cloud-http],0.00516
edge_get,0.00232
prepare_header,0.00002
prepare_iterator,0.00001
body[edge],0.00678
edge_get,0.00083
cloud_get,0.00549
prepare_header,0.00003
prepare_iterator,0.00001
body[cloud-http],0.00465
edge_get,0.00079
cloud_get,0.00598
prepare_header,0.00003
prepare_iterator,0.00001
body[cloud-http],0.00490
edge_get,0.00074
cloud_get,0.00555
prepare_header,0.00002
prepare_iterator,0.00001
body[cloud-http],0.00544
edge_get,0.00167
prepare_header,0.00002
prepare_iterator,0.00001
body[edge],0.00639
edge_get,0.00080
cloud_get,0.00557
prepare_header,0.00003
prepare_iterator,0.00001
body[cloud-http],0.00483
edge_get,0.00156
prepare_header,0.00002
prepare_iterator,0.00001
body[edge],0.00608
edge_get,0.00183
prepare_header,0.00004
prepare_iterator,0.00001
body[edge],0.00681
edge_get,0.00150
prepare_header,0.00002
prepare_iterator,0.00001
body[edge],0.00651
edge_get,0.00205
prepare_header,0.00002
prepare_iterator,0.00001
body[edge],0.00605
edge_get,0.00080
cloud_get,0.00581
prepare_header,0.00003
prepare_iterator,0.00001
body[cloud-http],0.00519
edge_get,0.00081
cloud_get,0.00550
prepare_header,0.00003
prepare_iterator,0.00001
body[cloud-http],0.00722
edge_get,0.00091
cloud_get,0.00549
prepare_header,0.00002
prepare_iterator,0.00001
body[cloud-http],0.00556
edge_get,0.00153
prepare_header,0.00002
prepare_iterator,0.00001
body[edge],0.00597
edge_get,0.00087
cloud_get,0.00610
prepare_header,0.00002
prepare_iterator,0.00001
body[cloud-http],0.00513
edge_get,0.00084
cloud_get,0.00514
prepare_header,0.00002
prepare_iterator,0.00001
body[cloud-http],0.00487
edge_get,0.00087
cloud_get,0.00604
prepare_header,0.00002
prepare_iterator,0.00001
body[cloud-http],0.00455
edge_get,0.00223
prepare_header,0.00002
prepare_iterator,0.00001
body[edge],0.00627
edge_get,0.00087
cloud_get,0.00529
prepare_header,0.00005
prepare_iterator,0.00001
body[cloud-http],0.00468
edge_get,0.00173
prepare_header,0.00002
prepare_iterator,0.00001
body[edge],0.00639
edge_get,0.00083
cloud_get,0.00553
prepare_header,0.00002
prepare_iterator,0.00001
body[cloud-http],0.00584
edge_get,0.00202
prepare_header,0.00002
prepare_iterator,0.00001
body[edge],0.00662
edge_get,0.00179
prepare_header,0.00002
prepare_iterator,0.00001
body[edge],0.00797
edge_get,0.00178
prepare_header,0.00002
prepare_iterator,0.00001
body[edge],0.00628
edge_get,0.00083
cloud_get,0.00479
prepare_header,0.00004
prepare_iterator,0.00001
body[cloud-http],0.00526
edge_get,0.00082
cloud_get,0.00572
prepare_header,0.00002
prepare_iterator,0.00001
body[cloud-http],0.00786
edge_get,0.00212
prepare_header,0.00002
prepare_iterator,0.00001
body[edge],0.00655
edge_get,0.00081
cloud_get,0.00517
prepare_header,0.00002
prepare_iterator,0.00001
body[cloud-http],0.00480
edge_get,0.00163
prepare_header,0.00002
prepare_iterator,0.00002
body[edge],0.00671
edge_get,0.00195
prepare_header,0.00002
prepare_iterator,0.00001
body[edge],0.00617
edge_get,0.00080
cloud_get,0.00540
prepare_header,0.00002
prepare_iterator,0.00001
body[cloud-http],0.00563
edge_get,0.00079
cloud_get,0.00616
prepare_header,0.00002
prepare_iterator,0.00001
body[cloud-http],0.00454
edge_get,0.00081
cloud_get,0.01197
prepare_header,0.00003
prepare_iterator,0.00001
body[cloud-http],0.00510
edge_get,0.00083
cloud_get,0.00529
prepare_header,0.00002
prepare_iterator,0.00001
body[cloud-http],0.00531
edge_get,0.00152
prepare_header,0.00002
prepare_iterator,0.00001
body[edge],0.00647
edge_get,0.00174
prepare_header,0.00002
prepare_iterator,0.00001
body[edge],0.00723
edge_get,0.00181
prepare_header,0.00002
prepare_iterator,0.00002
body[edge],0.00635
edge_get,0.00077
cloud_get,0.00588
prepare_header,0.00002
prepare_iterator,0.00001
body[cloud-http],0.00563
edge_get,0.00080
cloud_get,0.00479
prepare_header,0.00002
prepare_iterator,0.00001
body[cloud-http],0.00522
edge_get,0.00158
prepare_header,0.00002
prepare_iterator,0.00001
body[edge],0.00692
edge_get,0.00080
cloud_get,0.00585
prepare_header,0.00002
prepare_iterator,0.00001
body[cloud-http],0.00531
edge_get,0.00175
prepare_header,0.00002
prepare_iterator,0.00001
body[edge],0.00623
edge_get,0.00168
prepare_header,0.00003
prepare_iterator,0.00001
body[edge],0.00677
edge_get,0.00149
cloud_get,0.00675
prepare_header,0.00002
prepare_iterator,0.00001
body[cloud-http],0.00868
edge_get,0.00082
cloud_get,0.00609
prepare_header,0.00002
prepare_iterator,0.00001
body[cloud-http],0.00595
edge_get,0.00083
cloud_get,0.00503
prepare_header,0.00008
prepare_iterator,0.00001
body[cloud-http],0.00513
edge_get,0.00190
prepare_header,0.00002
prepare_iterator,0.00001
body[edge],0.00682
edge_get,0.00173
cloud_get,0.00673
prepare_header,0.00002
prepare_iterator,0.00001
body[cloud-http],0.00713
edge_get,0.00087
cloud_get,0.00813
prepare_header,0.00002
prepare_iterator,0.00001
body[cloud-http],0.00662
edge_get,0.00166
prepare_header,0.00001
prepare_iterator,0.00001
body[edge],0.00577
edge_get,0.00183
prepare_header,0.00002
prepare_iterator,0.00001
body[edge],0.00521
edge_get,0.00173
prepare_header,0.00002
prepare_iterator,0.00001
body[edge],0.00512
edge_get,0.00083
cloud_get,0.00611
prepare_header,0.00002
prepare_iterator,0.00001
body[cloud-http],0.00437
edge_get,0.00079
cloud_get,0.00551
prepare_header,0.00024
prepare_iterator,0.00001
body[cloud-http],0.00439
edge_get,0.00191
prepare_header,0.00002
prepare_iterator,0.00004
body[edge],0.00547
edge_get,0.00160
prepare_header,0.00002
prepare_iterator,0.00001
body[edge],0.00571
edge_get,0.00087
cloud_get,0.00491
prepare_header,0.00002
prepare_iterator,0.00001
body[cloud-http],0.00631
edge_get,0.00086
cloud_get,0.00498
prepare_header,0.00002
prepare_iterator,0.00001
body[cloud-http],0.00437
edge_get,0.00081
cloud_get,0.00533
prepare_header,0.00002
prepare_iterator,0.00001
body[cloud-http],0.00430
edge_get,0.00154
prepare_header,0.00002
prepare_iterator,0.00001
body[edge],0.00503
edge_get,0.00089
cloud_get,0.00500
prepare_header,0.00002
prepare_iterator,0.00002
body[cloud-http],0.00632
edge_get,0.00157
prepare_header,0.00002
prepare_iterator,0.00001
body[edge],0.00523
edge_get,0.00860
prepare_header,0.00002
prepare_iterator,0.00001
body[edge],0.00550
edge_get,0.00489
prepare_header,0.00002
prepare_iterator,0.00001
body[edge],0.00916
edge_get,0.00157
prepare_header,0.00002
prepare_iterator,0.00001
body[edge],0.00609
edge_get,0.00215
prepare_header,0.00002
prepare_iterator,0.00001
body[edge],0.00623
edge_get,0.00181
prepare_header,0.00002
prepare_iterator,0.00001
body[edge],0.00600
edge_get,0.00193
prepare_header,0.00002
prepare_iterator,0.00001
body[edge],0.00623
edge_get,0.00198
prepare_header,0.00002
prepare_iterator,0.00001
body[edge],0.00822
edge_get,0.00157
prepare_header,0.00002
prepare_iterator,0.00001
body[edge],0.00618
edge_get,0.00172
prepare_header,0.00002
prepare_iterator,0.00001
body[edge],0.00634
edge_get,0.00078
cloud_get,0.00582
prepare_header,0.00002
prepare_iterator,0.00001
body[cloud-http],0.00540
edge_get,0.00160
prepare_header,0.00002
prepare_iterator,0.00001
body[edge],0.00557
edge_get,0.00191
prepare_header,0.00002
prepare_iterator,0.00001
body[edge],0.00484
edge_get,0.00164
prepare_header,0.00002
prepare_iterator,0.00001
body[edge],0.00552
edge_get,0.00195
prepare_header,0.00002
prepare_iterator,0.00001
body[edge],0.00535
edge_get,0.00154
prepare_header,0.00002
prepare_iterator,0.00001
body[edge],0.00535
edge_get,0.00085
cloud_get,0.00526
prepare_header,0.00002
prepare_iterator,0.00001
body[cloud-http],0.00469
edge_get,0.00189
prepare_header,0.00002
prepare_iterator,0.00001
body[edge],0.00580
edge_get,0.00168
prepare_header,0.00002
prepare_iterator,0.00001
body[edge],0.00501
edge_get,0.00080
cloud_get,0.00619
prepare_header,0.00002
prepare_iterator,0.00001
body[cloud-http],0.00448
edge_get,0.00080
cloud_get,0.00607
prepare_header,0.00002
prepare_iterator,0.00001
body[cloud-http],0.00494
edge_get,0.00154
prepare_header,0.00002
prepare_iterator,0.00001
body[edge],0.00563
edge_get,0.00173
prepare_header,0.00002
prepare_iterator,0.00001
body[edge],0.00496
edge_get,0.00087
cloud_get,0.00551
prepare_header,0.00002
prepare_iterator,0.00001
body[cloud-http],0.00445
edge_get,0.00083
cloud_get,0.00672
prepare_header,0.00002
prepare_iterator,0.00001
body[cloud-http],0.00495
edge_get,0.00145
prepare_header,0.00001
prepare_iterator,0.00001
body[edge],0.00519
edge_get,0.00120
cloud_get,0.00534
prepare_header,0.00003
prepare_iterator,0.00001
body[cloud-http],0.00620
edge_get,0.00083
cloud_get,0.00512
prepare_header,0.00002
prepare_iterator,0.00001
body[cloud-http],0.00603
edge_get,0.00206
prepare_header,0.00002
prepare_iterator,0.00001
body[edge],0.00513
edge_get,0.00198
prepare_header,0.00002
prepare_iterator,0.00001
body[edge],0.00534
edge_get,0.00152
prepare_header,0.00002
prepare_iterator,0.00001
body[edge],0.00506
edge_get,0.00080
cloud_get,0.00574
prepare_header,0.00002
prepare_iterator,0.00001
body[cloud-http],0.00440
edge_get,0.00133
cloud_get,0.00536
prepare_header,0.00002
prepare_iterator,0.00001
body[cloud-http],0.00428
edge_get,0.00193
prepare_header,0.00002
prepare_iterator,0.00001
body[edge],0.00523
edge_get,0.00153
prepare_header,0.00002
prepare_iterator,0.00001
body[edge],0.00533
edge_get,0.00206
prepare_header,0.00002
prepare_iterator,0.00001
body[edge],0.00618
edge_get,0.00160
prepare_header,0.00002
prepare_iterator,0.00001
body[edge],0.00520
edge_get,0.00179
prepare_header,0.00001
prepare_iterator,0.00001
body[edge],0.00505
edge_get,0.00087
cloud_get,0.00529
prepare_header,0.00002
prepare_iterator,0.00001
body[cloud-http],0.00682
edge_get,0.00162
prepare_header,0.00007
prepare_iterator,0.00001
body[edge],0.00572
edge_get,0.00160
prepare_header,0.00002
prepare_iterator,0.00001
body[edge],0.00611
edge_get,0.00090
cloud_get,0.00562
prepare_header,0.00002
prepare_iterator,0.00001
body[cloud-http],0.00517
edge_get,0.00091
cloud_get,0.00539
prepare_header,0.00002
prepare_iterator,0.00001
body[cloud-http],0.00528
edge_get,0.00173
prepare_header,0.00002
prepare_iterator,0.00001
body[edge],0.00528
edge_get,0.00086
cloud_get,0.00570
prepare_header,0.00002
prepare_iterator,0.00002
body[cloud-http],0.00505
edge_get,0.00293
prepare_header,0.00002
prepare_iterator,0.00005
body[edge],0.00544
edge_get,0.00077
cloud_get,0.00637
prepare_header,0.00002
prepare_iterator,0.00001
body[cloud-http],0.00482
edge_get,0.00095
cloud_get,0.00523
prepare_header,0.00002
prepare_iterator,0.00007
body[cloud-http],0.00461
edge_get,0.00078
cloud_get,0.00613
prepare_header,0.00004
prepare_iterator,0.00001
body[cloud-http],0.00411
edge_get,0.00239
prepare_header,0.00002
prepare_iterator,0.00001
body[edge],0.00533
edge_get,0.00189
prepare_header,0.00002
prepare_iterator,0.00001
body[edge],0.04086
edge_get,0.00280
prepare_header,0.00002
prepare_iterator,0.00001
body[edge],0.00577
edge_get,0.00199
prepare_header,0.00002
prepare_iterator,0.00001
body[edge],0.00540
edge_get,0.00099
cloud_get,0.00616
prepare_header,0.00002
prepare_iterator,0.00001
body[cloud-http],0.00513
edge_get,0.00079
cloud_get,0.00563
prepare_header,0.00002
prepare_iterator,0.00001
body[cloud-http],0.00567
edge_get,0.00092
cloud_get,0.00534
prepare_header,0.00017
prepare_iterator,0.00001
body[cloud-http],0.00485
edge_get,0.00167
prepare_header,0.00002
prepare_iterator,0.00001
body[edge],0.00560
edge_get,0.00082
cloud_get,0.00586
prepare_header,0.00003
prepare_iterator,0.00003
body[cloud-http],0.00827
edge_get,0.00079
cloud_get,0.00532
prepare_header,0.00002
prepare_iterator,0.00001
body[cloud-http],0.00464
edge_get,0.00087
cloud_get,0.00541
prepare_header,0.00003
prepare_iterator,0.00001
body[cloud-http],0.00446
edge_get,0.00168
prepare_header,0.00002
prepare_iterator,0.00001
body[edge],0.00546
edge_get,0.00168
prepare_header,0.00002
prepare_iterator,0.00001
body[edge],0.00555
edge_get,0.00239
prepare_header,0.00002
prepare_iterator,0.00001
body[edge],0.00762
edge_get,0.00097
cloud_get,0.00697
prepare_header,0.00002
prepare_iterator,0.00040
body[cloud-http],0.00397
edge_get,0.00560
prepare_header,0.00003
prepare_iterator,0.00001
body[edge],0.00633
edge_get,0.00169
prepare_header,0.00002
prepare_iterator,0.00002
body[edge],0.00567
edge_get,0.00083
cloud_get,0.00521
prepare_header,0.00002
prepare_iterator,0.00001
body[cloud-http],0.00477
edge_get,0.00164
prepare_header,0.00002
prepare_iterator,0.00001
body[edge],0.00547
edge_get,0.00079
cloud_get,0.01261
prepare_header,0.00002
prepare_iterator,0.00001
body[cloud-http],0.00471
edge_get,0.00085
cloud_get,0.00541
prepare_header,0.00002
prepare_iterator,0.00001
body[cloud-http],0.00458
edge_get,0.00156
prepare_header,0.00013
prepare_iterator,0.00001
body[edge],0.00539
edge_get,0.00148
prepare_header,0.00002
prepare_iterator,0.00001
body[edge],0.00561
edge_get,0.00151
prepare_header,0.00002
prepare_iterator,0.00001
body[edge],0.00507
edge_get,0.00150
prepare_header,0.00001
prepare_iterator,0.00001
body[edge],0.00641
edge_get,0.00157
prepare_header,0.00002
prepare_iterator,0.00001
body[edge],0.00578
edge_get,0.00117
cloud_get,0.00644
prepare_header,0.00002
prepare_iterator,0.00001
body[cloud-http],0.00440
edge_get,0.00251
prepare_header,0.00002
prepare_iterator,0.00001
body[edge],0.00546
edge_get,0.00077
cloud_get,0.00522
prepare_header,0.00006
prepare_iterator,0.00001
body[cloud-http],0.00459
edge_get,0.00189
prepare_header,0.00002
prepare_iterator,0.00001
body[edge],0.00787
edge_get,0.00171
prepare_header,0.00004
prepare_iterator,0.00001
body[edge],0.00806
edge_get,0.00161
prepare_header,0.00002
prepare_iterator,0.00001
body[edge],0.00523
edge_get,0.00172
prepare_header,0.00002
prepare_iterator,0.00001
body[edge],0.00539
edge_get,0.00157
prepare_header,0.00002
prepare_iterator,0.00001
body[edge],0.00570
edge_get,0.00161
prepare_header,0.00002
prepare_iterator,0.00001
body[edge],0.00562
edge_get,0.00153
prepare_header,0.00002
prepare_iterator,0.00001
body[edge],0.00723
edge_get,0.00092
cloud_get,0.00648
prepare_header,0.00011
prepare_iterator,0.00001
body[cloud-http],0.00621
edge_get,0.00158
prepare_header,0.00002
prepare_iterator,0.00001
body[edge],0.00570
edge_get,0.00082
cloud_get,0.00583
prepare_header,0.00002
prepare_iterator,0.00001
body[cloud-http],0.00538
edge_get,0.00158
prepare_header,0.00002
prepare_iterator,0.00001
body[edge],0.00639
edge_get,0.00161
prepare_header,0.00002
prepare_iterator,0.00001
body[edge],0.00647
edge_get,0.00158
prepare_header,0.00002
prepare_iterator,0.00001
body[edge],0.00675
edge_get,0.00081
cloud_get,0.00572
prepare_header,0.00005
prepare_iterator,0.00019
body[cloud-http],0.00415
edge_get,0.00225
prepare_header,0.00002
prepare_iterator,0.00001
body[edge],0.00562
edge_get,0.00081
cloud_get,0.00576
prepare_header,0.00014
prepare_iterator,0.00001
body[cloud-http],0.00430
edge_get,0.00085
cloud_get,0.00502
prepare_header,0.00002
prepare_iterator,0.00001
body[cloud-http],0.00401
edge_get,0.00078
cloud_get,0.00537
prepare_header,0.00002
prepare_iterator,0.00001
body[cloud-http],0.00489
edge_get,0.00085
cloud_get,0.00669
prepare_header,0.00002
prepare_iterator,0.00001
body[cloud-http],0.00823
edge_get,0.00095
cloud_get,0.00677
prepare_header,0.00002
prepare_iterator,0.00001
body[cloud-http],0.00437
edge_get,0.00081
cloud_get,0.00635
prepare_header,0.00002
prepare_iterator,0.00013
body[cloud-http],0.00432
edge_get,0.00151
prepare_header,0.00003
prepare_iterator,0.00001
body[edge],0.00529
edge_get,0.00209
prepare_header,0.00002
prepare_iterator,0.00001
body[edge],0.00756
edge_get,0.00165
prepare_header,0.00003
prepare_iterator,0.00001
body[edge],0.00680
edge_get,0.00187
prepare_header,0.00002
prepare_iterator,0.00001
body[edge],0.00607
edge_get,0.00174
prepare_header,0.00002
prepare_iterator,0.00001
body[edge],0.00667
edge_get,0.00182
prepare_header,0.00002
prepare_iterator,0.00001
body[edge],0.00569
edge_get,0.00149
prepare_header,0.00002
prepare_iterator,0.00001
body[edge],0.00567
edge_get,0.00157
prepare_header,0.00002
prepare_iterator,0.00001
body[edge],0.00570
edge_get,0.00086
cloud_get,0.00710
prepare_header,0.00003
prepare_iterator,0.00001
body[cloud-http],0.00500
edge_get,0.00077
cloud_get,0.00625
prepare_header,0.00002
prepare_iterator,0.00001
body[cloud-http],0.00424
edge_get,0.00183
prepare_header,0.00002
prepare_iterator,0.00002
body[edge],0.00646
edge_get,0.00156
prepare_header,0.00002
prepare_iterator,0.00001
body[edge],0.00600
edge_get,0.00151
prepare_header,0.00002
prepare_iterator,0.00004
body[edge],0.00638
edge_get,0.00083
cloud_get,0.00560
prepare_header,0.00002
prepare_iterator,0.00001
body[cloud-http],0.00451
edge_get,0.00078
cloud_get,0.00590
prepare_header,0.00002
prepare_iterator,0.00001
body[cloud-http],0.00455
edge_get,0.00099
cloud_get,0.00645
prepare_header,0.00014
prepare_iterator,0.00012
body[cloud-http],0.00468
edge_get,0.00084
cloud_get,0.00565
prepare_header,0.00004
prepare_iterator,0.00001
body[cloud-http],0.00475
edge_get,0.00079
cloud_get,0.00546
prepare_header,0.00002
prepare_iterator,0.00001
body[cloud-http],0.00494
edge_get,0.00158
prepare_header,0.00002
prepare_iterator,0.00001
body[edge],0.00519
edge_get,0.00160
prepare_header,0.00002
prepare_iterator,0.00001
body[edge],0.00573
edge_get,0.00090
cloud_get,0.00534
prepare_header,0.00002
prepare_iterator,0.00001
body[cloud-http],0.00759
edge_get,0.00164
prepare_header,0.00002
prepare_iterator,0.00001
body[edge],0.00578
edge_get,0.00079
cloud_get,0.00520
prepare_header,0.00002
prepare_iterator,0.00001
body[cloud-http],0.00569
edge_get,0.00083
cloud_get,0.00687
prepare_header,0.00002
prepare_iterator,0.00001
body[cloud-http],0.00433
edge_get,0.00165
prepare_header,0.00002
prepare_iterator,0.00001
body[edge],0.00594
edge_get,0.00082
cloud_get,0.00565
prepare_header,0.00006
prepare_iterator,0.00001
body[cloud-http],0.00507
edge_get,0.00172
prepare_header,0.00001
prepare_iterator,0.00001
body[edge],0.00562
edge_get,0.00170
prepare_header,0.00002
prepare_iterator,0.00001
body[edge],0.00543
edge_get,0.00085
cloud_get,0.00504
prepare_header,0.00002
prepare_iterator,0.00001
body[cloud-http],0.00545
edge_get,0.00095
cloud_get,0.00579
prepare_header,0.00002
prepare_iterator,0.00001
body[cloud-http],0.00401
edge_get,0.00078
cloud_get,0.00515
prepare_header,0.00002
prepare_iterator,0.00001
body[cloud-http],0.00496
edge_get,0.00099
cloud_get,0.00871
prepare_header,0.00002
prepare_iterator,0.00001
body[cloud-http],0.00439
edge_get,0.00094
cloud_get,0.00595
prepare_header,0.00002
prepare_iterator,0.00001
body[cloud-http],0.00544
edge_get,0.00112
cloud_get,0.00516
prepare_header,0.00002
prepare_iterator,0.00001
body[cloud-http],0.00962
edge_get,0.00206
prepare_header,0.00010
prepare_iterator,0.00001
body[edge],0.00606
edge_get,0.00122
cloud_get,0.00616
prepare_header,0.00010
prepare_iterator,0.00002
body[cloud-http],0.00727
edge_get,0.00079
cloud_get,0.00528
prepare_header,0.00002
prepare_iterator,0.00001
body[cloud-http],0.00569
edge_get,0.00082
cloud_get,0.00559
prepare_header,0.00002
prepare_iterator,0.00001
body[cloud-http],0.00733
edge_get,0.00330
cloud_get,0.01273
prepare_header,0.00002
prepare_iterator,0.00001
body[cloud-http],0.00412
edge_get,0.00188
prepare_header,0.00002
prepare_iterator,0.00001
body[edge],0.00529
edge_get,0.00086
cloud_get,0.00648
prepare_header,0.00005
prepare_iterator,0.00001
body[cloud-http],0.00495
edge_get,0.00148
prepare_header,0.00002
prepare_iterator,0.00001
body[edge],0.00584
edge_get,0.00205
prepare_header,0.00002
prepare_iterator,0.00001
body[edge],0.00532
edge_get,0.00084
cloud_get,0.00557
prepare_header,0.00002
prepare_iterator,0.00001
body[cloud-http],0.00521
edge_get,0.00192
prepare_header,0.00002
prepare_iterator,0.00001
body[edge],0.00581
edge_get,0.00087
cloud_get,0.00582
prepare_header,0.00002
prepare_iterator,0.00001
body[cloud-http],0.00500
edge_get,0.00197
prepare_header,0.00002
prepare_iterator,0.00001
body[edge],0.00632
edge_get,0.00084
cloud_get,0.00544
prepare_header,0.00002
prepare_iterator,0.00001
body[cloud-http],0.00567
edge_get,0.00082
cloud_get,0.00580
prepare_header,0.00002
prepare_iterator,0.00001
body[cloud-http],0.00471
edge_get,0.00153
prepare_header,0.00002
prepare_iterator,0.00002
body[edge],0.00594
edge_get,0.00082
cloud_get,0.00621
prepare_header,0.00002
prepare_iterator,0.00001
body[cloud-http],0.00520
edge_get,0.00147
prepare_header,0.00002
prepare_iterator,0.00001
body[edge],0.00581
edge_get,0.00158
prepare_header,0.00002
prepare_iterator,0.00001
body[edge],0.00530
edge_get,0.00158
prepare_header,0.00002
prepare_iterator,0.00001
body[edge],0.00555
edge_get,0.00151
prepare_header,0.00002
prepare_iterator,0.00001
body[edge],0.00513
edge_get,0.00079
cloud_get,0.00532
prepare_header,0.00002
prepare_iterator,0.00001
body[cloud-http],0.00427
edge_get,0.00152
prepare_header,0.00002
prepare_iterator,0.00001
body[edge],0.00575
edge_get,0.00150
prepare_header,0.00002
prepare_iterator,0.00001
body[edge],0.00538
edge_get,0.00081
cloud_get,0.00529
prepare_header,0.00011
prepare_iterator,0.00001
body[cloud-http],0.00457
edge_get,0.00160
prepare_header,0.00002
prepare_iterator,0.00001
body[edge],0.00528
edge_get,0.00149
prepare_header,0.00002
prepare_iterator,0.00001
body[edge],0.00561
edge_get,0.00081
cloud_get,0.00573
prepare_header,0.00002
prepare_iterator,0.00001
body[cloud-http],0.00464
edge_get,0.00102
cloud_get,0.00615
prepare_header,0.00002
prepare_iterator,0.00001
body[cloud-http],0.00436
edge_get,0.00160
prepare_header,0.00002
prepare_iterator,0.00001
body[edge],0.00528
edge_get,0.00156
prepare_header,0.00002
prepare_iterator,0.00001
body[edge],0.00509
edge_get,0.00158
prepare_header,0.00002
prepare_iterator,0.00001
body[edge],0.00522
edge_get,0.00086
cloud_get,0.00531
prepare_header,0.00003
prepare_iterator,0.00001
body[cloud-http],0.00434
edge_get,0.00161
prepare_header,0.00002
prepare_iterator,0.00002
body[edge],0.00571
edge_get,0.00181
prepare_header,0.00002
prepare_iterator,0.00001
body[edge],0.00568
edge_get,0.00085
cloud_get,0.00635
prepare_header,0.00010
prepare_iterator,0.00005
body[cloud-http],0.00450
edge_get,0.00155
prepare_header,0.00002
prepare_iterator,0.00001
body[edge],0.00540
edge_get,0.00194
prepare_header,0.00002
prepare_iterator,0.00001
body[edge],0.00563
edge_get,0.00092
cloud_get,0.00531
prepare_header,0.00002
prepare_iterator,0.00001
body[cloud-http],0.00531
edge_get,0.00096
cloud_get,0.00505
prepare_header,0.00003
prepare_iterator,0.00034
body[cloud-http],0.00524
edge_get,0.00082
cloud_get,0.00613
prepare_header,0.00060
prepare_iterator,0.00002
body[cloud-http],0.00477
edge_get,0.00086
cloud_get,0.00564
prepare_header,0.00004
prepare_iterator,0.00001
body[cloud-http],0.00573
edge_get,0.00086
cloud_get,0.00562
prepare_header,0.00003
prepare_iterator,0.00001
body[cloud-http],0.00455
edge_get,0.00083
cloud_get,0.00538
prepare_header,0.00002
prepare_iterator,0.00001
body[cloud-http],0.00501
edge_get,0.00154
prepare_header,0.00002
prepare_iterator,0.00001
body[edge],0.00513
edge_get,0.00156
prepare_header,0.00002
prepare_iterator,0.00001
body[edge],0.00533
edge_get,0.00081
cloud_get,0.00563
prepare_header,0.00003
prepare_iterator,0.00013
body[cloud-http],0.00423
edge_get,0.00089
cloud_get,0.00536
prepare_header,0.00029
prepare_iterator,0.00010
body[cloud-http],0.00477
edge_get,0.00076
cloud_get,0.00579
prepare_header,0.00009
prepare_iterator,0.00018
body[cloud-http],0.00441
edge_get,0.00112
cloud_get,0.00601
prepare_header,0.00002
prepare_iterator,0.00001
body[cloud-http],0.00604
edge_get,0.00078
cloud_get,0.00538
prepare_header,0.00002
prepare_iterator,0.00001
body[cloud-http],0.00469
edge_get,0.00150
prepare_header,0.00002
prepare_iterator,0.00001
body[edge],0.00502
edge_get,0.00150
prepare_header,0.00002
prepare_iterator,0.00001
body[edge],0.00595
edge_get,0.00087
cloud_get,0.00633
prepare_header,0.00002
prepare_iterator,0.00001
body[cloud-http],0.00404
edge_get,0.00154
prepare_header,0.00002
prepare_iterator,0.00001
body[edge],0.00576
edge_get,0.00169
prepare_header,0.00002
prepare_iterator,0.00001
body[edge],0.00622
edge_get,0.00158
prepare_header,0.00002
prepare_iterator,0.00001
body[edge],0.00532
edge_get,0.00082
cloud_get,0.00639
prepare_header,0.00002
prepare_iterator,0.00001
body[cloud-http],0.00423
edge_get,0.00087
cloud_get,0.00509
prepare_header,0.00002
prepare_iterator,0.00001
body[cloud-http],0.00425
edge_get,0.00085
cloud_get,0.00718
prepare_header,0.00003
prepare_iterator,0.00001
body[cloud-http],0.00552
edge_get,0.00083
cloud_get,0.00547
prepare_header,0.00002
prepare_iterator,0.00001
body[cloud-http],0.00455
edge_get,0.00156
prepare_header,0.00002
prepare_iterator,0.00001
body[edge],0.00478
edge_get,0.00081
cloud_get,0.00516
prepare_header,0.00002
prepare_iterator,0.00001
body[cloud-http],0.00468
edge_get,0.00159
prepare_header,0.00002
prepare_iterator,0.00004
body[edge],0.00554
edge_get,0.00160
prepare_header,0.00002
prepare_iterator,0.00001
body[edge],0.00528
edge_get,0.00082
cloud_get,0.00652
prepare_header,0.00002
prepare_iterator,0.00001
body[cloud-http],0.00641
edge_get,0.00689
prepare_header,0.00002
prepare_iterator,0.00001
body[edge],0.00737
edge_get,0.00160
prepare_header,0.00007
prepare_iterator,0.00001
body[edge],0.00646
edge_get,0.00083
cloud_get,0.00560
prepare_header,0.00002
prepare_iterator,0.00001
body[cloud-http],0.00471
edge_get,0.00145
prepare_header,0.00002
prepare_iterator,0.00001
body[edge],0.00665
edge_get,0.00163
prepare_header,0.00002
prepare_iterator,0.00001
body[edge],0.00488
edge_get,0.00079
cloud_get,0.00755
prepare_header,0.00005
prepare_iterator,0.00001
body[cloud-http],0.00409
edge_get,0.00082
cloud_get,0.00585
prepare_header,0.00002
prepare_iterator,0.00001
body[cloud-http],0.00454
edge_get,0.00151
prepare_header,0.00002
prepare_iterator,0.00001
body[edge],0.00579
edge_get,0.00147
prepare_header,0.00001
prepare_iterator,0.00001
body[edge],0.00514
edge_get,0.00079
cloud_get,0.00599
prepare_header,0.00002
prepare_iterator,0.00001
body[cloud-http],0.00434
edge_get,0.00083
cloud_get,0.00493
prepare_header,0.00002
prepare_iterator,0.00001
body[cloud-http],0.00588
edge_get,0.00087
cloud_get,0.00594
prepare_header,0.00002
prepare_iterator,0.00001
body[cloud-http],0.00568
edge_get,0.00148
prepare_header,0.00002
prepare_iterator,0.00001
body[edge],0.00492
edge_get,0.00091
cloud_get,0.00570
prepare_header,0.00002
prepare_iterator,0.00001
body[cloud-http],0.00493
edge_get,0.00079
cloud_get,0.00542
prepare_header,0.00002
prepare_iterator,0.00001
body[cloud-http],0.00881
edge_get,0.00082
cloud_get,0.00592
prepare_header,0.00002
prepare_iterator,0.00001
body[cloud-http],0.00433
edge_get,0.00090
cloud_get,0.00509
prepare_header,0.00002
prepare_iterator,0.00001
body[cloud-http],0.00397
edge_get,0.00160
prepare_header,0.00002
prepare_iterator,0.00001
body[edge],0.00487
edge_get,0.00160
prepare_header,0.00002
prepare_iterator,0.00001
body[edge],0.00595
edge_get,0.00083
cloud_get,0.00658
prepare_header,0.00002
prepare_iterator,0.00001
body[cloud-http],0.00506
edge_get,0.00155
prepare_header,0.00002
prepare_iterator,0.00001
body[edge],0.00551
edge_get,0.00151
prepare_header,0.00002
prepare_iterator,0.00001
body[edge],0.00523
edge_get,0.00131
cloud_get,0.00538
prepare_header,0.00002
prepare_iterator,0.00001
body[cloud-http],0.00450
edge_get,0.00148
prepare_header,0.00002
prepare_iterator,0.00001
body[edge],0.00564
edge_get,0.00168
prepare_header,0.00002
prepare_iterator,0.00001
body[edge],0.00483
edge_get,0.00080
cloud_get,0.00503
prepare_header,0.00002
prepare_iterator,0.00001
body[cloud-http],0.00454
edge_get,0.00165
prepare_header,0.00002
prepare_iterator,0.00001
body[edge],0.00503
edge_get,0.00082
cloud_get,0.00540
prepare_header,0.00002
prepare_iterator,0.00001
body[cloud-http],0.00454
edge_get,0.00188
prepare_header,0.00002
prepare_iterator,0.00001
body[edge],0.00521
edge_get,0.00094
cloud_get,0.00616
prepare_header,0.00002
prepare_iterator,0.00001
body[cloud-http],0.00468
edge_get,0.00151
prepare_header,0.00002
prepare_iterator,0.00001
body[edge],0.00736
edge_get,0.00164
prepare_header,0.00002
prepare_iterator,0.00001
body[edge],0.00499
edge_get,0.00074
cloud_get,0.00493
prepare_header,0.00002
prepare_iterator,0.00001
body[cloud-http],0.00457
edge_get,0.00170
prepare_header,0.00002
prepare_iterator,0.00001
body[edge],0.00566
edge_get,0.00165
prepare_header,0.00002
prepare_iterator,0.00001
body[edge],0.00500
edge_get,0.00165
prepare_header,0.00002
prepare_iterator,0.00001
body[edge],0.00593
edge_get,0.00083
cloud_get,0.00554
prepare_header,0.00002
prepare_iterator,0.00001
body[cloud-http],0.00507
edge_get,0.00082
cloud_get,0.00490
prepare_header,0.00002
prepare_iterator,0.00001
body[cloud-http],0.00462
edge_get,0.00160
prepare_header,0.00002
prepare_iterator,0.00001
body[edge],0.00643
edge_get,0.00094
cloud_get,0.00578
prepare_header,0.00002
prepare_iterator,0.00001
body[cloud-http],0.00512
edge_get,0.00175
prepare_header,0.00002
prepare_iterator,0.00001
body[edge],0.00506
edge_get,0.00083
cloud_get,0.00627
prepare_header,0.00002
prepare_iterator,0.00001
body[cloud-http],0.00580
edge_get,0.00082
cloud_get,0.00585
prepare_header,0.00004
prepare_iterator,0.00001
body[cloud-http],0.00545
edge_get,0.00089
cloud_get,0.00600
prepare_header,0.00002
prepare_iterator,0.00012
body[cloud-http],0.00509
edge_get,0.00082
cloud_get,0.00549
prepare_header,0.00002
prepare_iterator,0.00001
body[cloud-http],0.00408
edge_get,0.00153
prepare_header,0.00002
prepare_iterator,0.00001
body[edge],0.00540
edge_get,0.00089
cloud_get,0.00585
prepare_header,0.00002
prepare_iterator,0.00001
body[cloud-http],0.00612
edge_get,0.00180
prepare_header,0.00002
prepare_iterator,0.00001
body[edge],0.00580
edge_get,0.00081
cloud_get,0.00534
prepare_header,0.00011
prepare_iterator,0.00002
body[cloud-http],0.00475
edge_get,0.00167
prepare_header,0.00002
prepare_iterator,0.00001
body[edge],0.00540
edge_get,0.00083
cloud_get,0.00560
prepare_header,0.00002
prepare_iterator,0.00001
body[cloud-http],0.00446
edge_get,0.00154
prepare_header,0.00001
prepare_iterator,0.00001
body[edge],0.00506
edge_get,0.00084
cloud_get,0.00554
prepare_header,0.00002
prepare_iterator,0.00001
body[cloud-http],0.00443
edge_get,0.00101
cloud_get,0.00594
prepare_header,0.00002
prepare_iterator,0.00001
body[cloud-http],0.00473
edge_get,0.00079
cloud_get,0.00495
prepare_header,0.00002
prepare_iterator,0.00001
body[cloud-http],0.00432
edge_get,0.00175
prepare_header,0.00004
prepare_iterator,0.00001
body[edge],0.00545
edge_get,0.00158
prepare_header,0.00001
prepare_iterator,0.00001
body[edge],0.00511
edge_get,0.00166
prepare_header,0.00011
prepare_iterator,0.00001
body[edge],0.00549
edge_get,0.00160
prepare_header,0.00001
prepare_iterator,0.00001
body[edge],0.00607
edge_get,0.00078
cloud_get,0.00568
prepare_header,0.00002
prepare_iterator,0.00001
body[cloud-http],0.00413
edge_get,0.00160
prepare_header,0.00002
prepare_iterator,0.00001
body[edge],0.00600
edge_get,0.00087
cloud_get,0.00556
prepare_header,0.00002
prepare_iterator,0.00001
body[cloud-http],0.00556
edge_get,0.00154
prepare_header,0.00002
prepare_iterator,0.00001
body[edge],0.00537
edge_get,0.00096
cloud_get,0.00535
prepare_header,0.00002
prepare_iterator,0.00001
body[cloud-http],0.00460
edge_get,0.00162
prepare_header,0.00002
prepare_iterator,0.00001
body[edge],0.00535
edge_get,0.00167
prepare_header,0.00002
prepare_iterator,0.00001
body[edge],0.00619
edge_get,0.00092
cloud_get,0.00549
prepare_header,0.00002
prepare_iterator,0.00001
body[cloud-http],0.00446
edge_get,0.00079
cloud_get,0.00490
prepare_header,0.00003
prepare_iterator,0.00001
body[cloud-http],0.00893
edge_get,0.00086
cloud_get,0.00639
prepare_header,0.00033
prepare_iterator,0.00001
body[cloud-http],0.00438
edge_get,0.00158
prepare_header,0.00002
prepare_iterator,0.00001
body[edge],0.00536
edge_get,0.00166
prepare_header,0.00002
prepare_iterator,0.00001
body[edge],0.00626
edge_get,0.00081
cloud_get,0.00565
prepare_header,0.00003
prepare_iterator,0.00001
body[cloud-http],0.00401
edge_get,0.00093
cloud_get,0.00506
prepare_header,0.00002
prepare_iterator,0.00001
body[cloud-http],0.00639
edge_get,0.00080
cloud_get,0.00589
prepare_header,0.00002
prepare_iterator,0.00001
body[cloud-http],0.00607
edge_get,0.00170
prepare_header,0.00002
prepare_iterator,0.00003
body[edge],0.00677
edge_get,0.00087
cloud_get,0.00607
prepare_header,0.00003
prepare_iterator,0.00027
body[cloud-http],0.00524
edge_get,0.00160
prepare_header,0.00002
prepare_iterator,0.00001
body[edge],0.00617
edge_get,0.00244
prepare_header,0.00002
prepare_iterator,0.00001
body[edge],0.00530
edge_get,0.00080
cloud_get,0.00637
prepare_header,0.00002
prepare_iterator,0.00001
body[cloud-http],0.00430
edge_get,0.00081
cloud_get,0.00478
prepare_header,0.00002
prepare_iterator,0.00001
body[cloud-http],0.00577
edge_get,0.00151
prepare_header,0.00002
prepare_iterator,0.00001
body[edge],0.00490
edge_get,0.00277
cloud_get,0.00734
prepare_header,0.00002
prepare_iterator,0.00001
body[cloud-http],0.00553
edge_get,0.00157
prepare_header,0.00002
prepare_iterator,0.00005
body[edge],0.00527
edge_get,0.00080
cloud_get,0.00479
prepare_header,0.00002
prepare_iterator,0.00002
body[cloud-http],0.00646
edge_get,0.00105
cloud_get,0.00607
prepare_header,0.00002
prepare_iterator,0.00001
body[cloud-http],0.00560
edge_get,0.00153
prepare_header,0.00002
prepare_iterator,0.00001
body[edge],0.00502
edge_get,0.00195
prepare_header,0.00002
prepare_iterator,0.00001
body[edge],0.00608
edge_get,0.00081
cloud_get,0.00550
prepare_header,0.00002
prepare_iterator,0.00001
body[cloud-http],0.00449
edge_get,0.00078
cloud_get,0.00718
prepare_header,0.00003
prepare_iterator,0.00001
body[cloud-http],0.00444
edge_get,0.00084
cloud_get,0.00498
prepare_header,0.00002
prepare_iterator,0.00001
body[cloud-http],0.00534
edge_get,0.00200
prepare_header,0.00003
prepare_iterator,0.00001
body[edge],0.00589
edge_get,0.00161
prepare_header,0.00002
prepare_iterator,0.00001
body[edge],0.00580
edge_get,0.00161
prepare_header,0.00001
prepare_iterator,0.00001
body[edge],0.00611
edge_get,0.00161
prepare_header,0.00002
prepare_iterator,0.00001
body[edge],0.00592
edge_get,0.00165
prepare_header,0.00002
prepare_iterator,0.00001
body[edge],0.00643
edge_get,0.00079
cloud_get,0.00530
prepare_header,0.00002
prepare_iterator,0.00001
body[cloud-http],0.00535
edge_get,0.00083
cloud_get,0.00559
prepare_header,0.00002
prepare_iterator,0.00001
body[cloud-http],0.01279
edge_get,0.00080
cloud_get,0.00532
prepare_header,0.00011
prepare_iterator,0.00002
body[cloud-http],0.00398
edge_get,0.00087
cloud_get,0.00523
prepare_header,0.00002
prepare_iterator,0.00001
body[cloud-http],0.00447
edge_get,0.00196
prepare_header,0.00002
prepare_iterator,0.00002
body[edge],0.00632
edge_get,0.00081
cloud_get,0.00611
prepare_header,0.00003
prepare_iterator,0.00001
body[cloud-http],0.00411
edge_get,0.00163
prepare_header,0.00002
prepare_iterator,0.00001
body[edge],0.00597
edge_get,0.00158
prepare_header,0.00001
prepare_iterator,0.00001
body[edge],0.00504
edge_get,0.00080
cloud_get,0.00494
prepare_header,0.00002
prepare_iterator,0.00007
body[cloud-http],0.00464
edge_get,0.00081
cloud_get,0.00659
prepare_header,0.00002
prepare_iterator,0.00001
body[cloud-http],0.00586
edge_get,0.00168
prepare_header,0.00002
prepare_iterator,0.00001
body[edge],0.00619
edge_get,0.00161
prepare_header,0.00002
prepare_iterator,0.00001
body[edge],0.00556
edge_get,0.00163
prepare_header,0.00002
prepare_iterator,0.00001
body[edge],0.00517
edge_get,0.00198
prepare_header,0.00002
prepare_iterator,0.00001
body[edge],0.00627
edge_get,0.00163
prepare_header,0.00002
prepare_iterator,0.00001
body[edge],0.00583
edge_get,0.00321
prepare_header,0.00002
prepare_iterator,0.00001
body[edge],0.00924
edge_get,0.00165
prepare_header,0.00002
prepare_iterator,0.00001
body[edge],0.00568
edge_get,0.00080
cloud_get,0.00593
prepare_header,0.00002
prepare_iterator,0.00001
body[cloud-http],0.00546
edge_get,0.00081
cloud_get,0.00563
prepare_header,0.00003
prepare_iterator,0.00001
body[cloud-http],0.00498
edge_get,0.00086
cloud_get,0.00519
prepare_header,0.00003
prepare_iterator,0.00001
body[cloud-http],0.00417
edge_get,0.00189
prepare_header,0.00002
prepare_iterator,0.00002
body[edge],0.00545
edge_get,0.00154
prepare_header,0.00002
prepare_iterator,0.00001
body[edge],0.00597
edge_get,0.00086
cloud_get,0.00540
prepare_header,0.00002
prepare_iterator,0.00001
body[cloud-http],0.00526
edge_get,0.00080
cloud_get,0.00739
prepare_header,0.00002
prepare_iterator,0.00002
body[cloud-http],0.00470
edge_get,0.00081
cloud_get,0.00881
prepare_header,0.00002
prepare_iterator,0.00001
body[cloud-http],0.00487
edge_get,0.00156
prepare_header,0.00002
prepare_iterator,0.00001
body[edge],0.00530
edge_get,0.00151
prepare_header,0.00002
prepare_iterator,0.00001
body[edge],0.00642
edge_get,0.00183
prepare_header,0.00002
prepare_iterator,0.00001
body[edge],0.00520
edge_get,0.00089
cloud_get,0.00538
prepare_header,0.00002
prepare_iterator,0.00001
body[cloud-http],0.00466
edge_get,0.00162
prepare_header,0.00002
prepare_iterator,0.00001
body[edge],0.00490
edge_get,0.00081
cloud_get,0.00596
prepare_header,0.00003
prepare_iterator,0.00004
body[cloud-http],0.00455
edge_get,0.00152
prepare_header,0.00002
prepare_iterator,0.00001
body[edge],0.00552
edge_get,0.00156
prepare_header,0.00002
prepare_iterator,0.00001
body[edge],0.00620
edge_get,0.00173
prepare_header,0.00003
prepare_iterator,0.00001
body[edge],0.00508
edge_get,0.00095
cloud_get,0.00562
prepare_header,0.00002
prepare_iterator,0.00001
body[cloud-http],0.00605
edge_get,0.00156
prepare_header,0.00001
prepare_iterator,0.00002
body[edge],0.00489
edge_get,0.00155
prepare_header,0.00002
prepare_iterator,0.00001
body[edge],0.00611
edge_get,0.00082
cloud_get,0.00530
prepare_header,0.00002
prepare_iterator,0.00001
body[cloud-http],0.00455
edge_get,0.00085
cloud_get,0.00665
prepare_header,0.00004
prepare_iterator,0.00001
body[cloud-http],0.00412
edge_get,0.00078
cloud_get,0.00495
prepare_header,0.00002
prepare_iterator,0.00001
body[cloud-http],0.00489
edge_get,0.00153
prepare_header,0.00002
prepare_iterator,0.00001
body[edge],0.00587
edge_get,0.00162
prepare_header,0.00002
prepare_iterator,0.00002
body[edge],0.00554
edge_get,0.00167
prepare_header,0.00002
prepare_iterator,0.00001
body[edge],0.00612
edge_get,0.00078
cloud_get,0.00591
prepare_header,0.00002
prepare_iterator,0.00001
body[cloud-http],0.00440
edge_get,0.00163
prepare_header,0.00004
prepare_iterator,0.00001
body[edge],0.00483
edge_get,0.00082
cloud_get,0.00593
prepare_header,0.00002
prepare_iterator,0.00001
body[cloud-http],0.00517
edge_get,0.00158
prepare_header,0.00002
prepare_iterator,0.00001
body[edge],0.00604
edge_get,0.00167
prepare_header,0.00002
prepare_iterator,0.00001
body[edge],0.00614
edge_get,0.00160
prepare_header,0.00002
prepare_iterator,0.00001
body[edge],0.00619
edge_get,0.00080
cloud_get,0.00481
prepare_header,0.00002
prepare_iterator,0.00001
body[cloud-http],0.00538
edge_get,0.00112
cloud_get,0.00495
prepare_header,0.00002
prepare_iterator,0.00001
body[cloud-http],0.00491
edge_get,0.00092
cloud_get,0.00563
prepare_header,0.00002
prepare_iterator,0.00001
body[cloud-http],0.00481
edge_get,0.00237
prepare_header,0.00002
prepare_iterator,0.00001
body[edge],0.00574
edge_get,0.00162
prepare_header,0.00002
prepare_iterator,0.00001
body[edge],0.00491
edge_get,0.00194
prepare_header,0.00003
prepare_iterator,0.00001
body[edge],0.00576
edge_get,0.00172
prepare_header,0.00014
prepare_iterator,0.00001
body[edge],0.00558
edge_get,0.00078
cloud_get,0.00520
prepare_header,0.00002
prepare_iterator,0.00001
body[cloud-http],0.00592
edge_get,0.00080
cloud_get,0.00717
prepare_header,0.00003
prepare_iterator,0.00001
body[cloud-http],0.00486
edge_get,0.00162
prepare_header,0.00002
prepare_iterator,0.00001
body[edge],0.00575
edge_get,0.00080
cloud_get,0.00737
prepare_header,0.00002
prepare_iterator,0.00001
body[cloud-http],0.00519
edge_get,0.00156
prepare_header,0.00002
prepare_iterator,0.00001
body[edge],0.00529
edge_get,0.00186
prepare_header,0.00003
prepare_iterator,0.00001
body[edge],0.00548
edge_get,0.00157
prepare_header,0.00002
prepare_iterator,0.00001
body[edge],0.00535
edge_get,0.00159
prepare_header,0.00002
prepare_iterator,0.00004
body[edge],0.00507
edge_get,0.00082
cloud_get,0.00631
prepare_header,0.00002
prepare_iterator,0.00001
body[cloud-http],0.00934
edge_get,0.00085
cloud_get,0.00471
prepare_header,0.00002
prepare_iterator,0.00001
body[cloud-http],0.00595
edge_get,0.00084
cloud_get,0.00603
prepare_header,0.00002
prepare_iterator,0.00001
body[cloud-http],0.00620
edge_get,0.00083
cloud_get,0.00483
prepare_header,0.00002
prepare_iterator,0.00001
body[cloud-http],0.00501
edge_get,0.00165
prepare_header,0.00002
prepare_iterator,0.00001
body[edge],0.00535
edge_get,0.00170
prepare_header,0.00002
prepare_iterator,0.00001
body[edge],0.00553
edge_get,0.00081
cloud_get,0.00519
prepare_header,0.00002
prepare_iterator,0.00001
body[cloud-http],0.00428
edge_get,0.00157
prepare_header,0.00002
prepare_iterator,0.00001
body[edge],0.00555
edge_get,0.00150
prepare_header,0.00002
prepare_iterator,0.00001
body[edge],0.00509
edge_get,0.00084
cloud_get,0.00621
prepare_header,0.00002
prepare_iterator,0.00001
body[cloud-http],0.00430
edge_get,0.00241
cloud_get,0.00812
prepare_header,0.00002
prepare_iterator,0.00001
body[cloud-http],0.00537
edge_get,0.00085
cloud_get,0.00563
prepare_header,0.00003
prepare_iterator,0.00008
body[cloud-http],0.00451
edge_get,0.00091
cloud_get,0.00595
prepare_header,0.00002
prepare_iterator,0.00001
body[cloud-http],0.00588
edge_get,0.00076
cloud_get,0.00509
prepare_header,0.00002
prepare_iterator,0.00001
body[cloud-http],0.00563
edge_get,0.00085
cloud_get,0.00544
prepare_header,0.00002
prepare_iterator,0.00001
body[cloud-http],0.00647
edge_get,0.00160
prepare_header,0.00002
prepare_iterator,0.00001
body[edge],0.00534
edge_get,0.00153
prepare_header,0.00002
prepare_iterator,0.00001
body[edge],0.00511
edge_get,0.00157
prepare_header,0.00002
prepare_iterator,0.00001
body[edge],0.00542
edge_get,0.00082
cloud_get,0.00593
prepare_header,0.00002
prepare_iterator,0.00001
body[cloud-http],0.00511
edge_get,0.00156
prepare_header,0.00002
prepare_iterator,0.00001
body[edge],0.00534
edge_get,0.00152
prepare_header,0.00002
prepare_iterator,0.00002
body[edge],0.00471
edge_get,0.00086
cloud_get,0.00567
prepare_header,0.00002
prepare_iterator,0.00001
body[cloud-http],0.00459
edge_get,0.00078
cloud_get,0.00697
prepare_header,0.00002
prepare_iterator,0.00001
body[cloud-http],0.00463
edge_get,0.00077
cloud_get,0.00481
prepare_header,0.00002
prepare_iterator,0.00001
body[cloud-http],0.00552
edge_get,0.00161
prepare_header,0.00002
prepare_iterator,0.00001
body[edge],0.00459
edge_get,0.00087
cloud_get,0.00503
prepare_header,0.00002
prepare_iterator,0.00001
body[cloud-http],0.00521
edge_get,0.00090
cloud_get,0.00598
prepare_header,0.00003
prepare_iterator,0.00001
body[cloud-http],0.00489
edge_get,0.00081
cloud_get,0.00518
prepare_header,0.00002
prepare_iterator,0.00001
body[cloud-http],0.00449
edge_get,0.00151
prepare_header,0.00002
prepare_iterator,0.00001
body[edge],0.00483
edge_get,0.00081
cloud_get,0.00533
prepare_header,0.00002
prepare_iterator,0.00001
body[cloud-http],0.00425
