total_processed_time,66
total_processed_time,88
total_processed_time,92
total_processed_time,41
total_processed_time,87
total_processed_time,55
total_processed_time,27
total_processed_time,34
total_processed_time,24
total_processed_time,30
total_processed_time,27
total_processed_time,30
total_processed_time,49
total_processed_time,53
total_processed_time,87
total_processed_time,193
total_processed_time,187
total_processed_time,105
total_processed_time,125
total_processed_time,154
total_processed_time,49
total_processed_time,90
total_processed_time,99
total_processed_time,95
total_processed_time,71
total_processed_time,97
total_processed_time,52
total_processed_time,149
total_processed_time,56
total_processed_time,114
total_processed_time,32
total_processed_time,32
total_processed_time,32
total_processed_time,35
total_processed_time,32
total_processed_time,27
total_processed_time,31
total_processed_time,27
total_processed_time,24
total_processed_time,25
total_processed_time,31
total_processed_time,36
total_processed_time,40
total_processed_time,31
total_processed_time,29
total_processed_time,30
total_processed_time,28
total_processed_time,29
total_processed_time,22
total_processed_time,30
total_processed_time,26
total_processed_time,38
total_processed_time,41
total_processed_time,32
total_processed_time,25
total_processed_time,22
total_processed_time,22
total_processed_time,24
total_processed_time,26
total_processed_time,28
total_processed_time,25
total_processed_time,37
total_processed_time,26
total_processed_time,25
total_processed_time,29
total_processed_time,27
total_processed_time,25
total_processed_time,25
total_processed_time,26
total_processed_time,37
total_processed_time,32
total_processed_time,30
total_processed_time,31
total_processed_time,27
total_processed_time,31
total_processed_time,30
total_processed_time,25
total_processed_time,27
total_processed_time,29
total_processed_time,28
total_processed_time,31
total_processed_time,27
total_processed_time,41
total_processed_time,29
total_processed_time,28
total_processed_time,20
total_processed_time,25
total_processed_time,27
total_processed_time,28
total_processed_time,28
total_processed_time,106
total_processed_time,27
total_processed_time,27
total_processed_time,29
total_processed_time,33
total_processed_time,29
total_processed_time,30
total_processed_time,30
total_processed_time,24
total_processed_time,28
total_processed_time,27
total_processed_time,29
total_processed_time,27
total_processed_time,30
total_processed_time,27
total_processed_time,23
total_processed_time,37
total_processed_time,27
total_processed_time,25
total_processed_time,22
total_processed_time,26
total_processed_time,28
total_processed_time,25
total_processed_time,28
total_processed_time,49
total_processed_time,38
total_processed_time,41
total_processed_time,66
total_processed_time,26
total_processed_time,30
total_processed_time,23
total_processed_time,21
total_processed_time,31
total_processed_time,34
total_processed_time,27
total_processed_time,24
total_processed_time,30
total_processed_time,29
total_processed_time,30
total_processed_time,26
total_processed_time,27
total_processed_time,34
total_processed_time,29
total_processed_time,26
total_processed_time,26
total_processed_time,22
total_processed_time,29
total_processed_time,35
total_processed_time,27
total_processed_time,27
total_processed_time,28
total_processed_time,29
total_processed_time,25
total_processed_time,25
total_processed_time,26
total_processed_time,24
total_processed_time,28
total_processed_time,24
total_processed_time,23
total_processed_time,24
total_processed_time,25
total_processed_time,27
total_processed_time,25
total_processed_time,26
total_processed_time,26
total_processed_time,22
total_processed_time,29
total_processed_time,24
total_processed_time,24
total_processed_time,24
total_processed_time,24
total_processed_time,29
total_processed_time,24
total_processed_time,24
total_processed_time,21
total_processed_time,48
total_processed_time,49
total_processed_time,40
total_processed_time,60
total_processed_time,35
total_processed_time,32
total_processed_time,30
total_processed_time,82
total_processed_time,31
total_processed_time,23
total_processed_time,64
total_processed_time,42
total_processed_time,38
total_processed_time,23
total_processed_time,23
total_processed_time,25
total_processed_time,24
total_processed_time,29
total_processed_time,26
total_processed_time,23
total_processed_time,22
total_processed_time,20
total_processed_time,33
total_processed_time,32
total_processed_time,27
total_processed_time,80
total_processed_time,37
total_processed_time,35
total_processed_time,28
total_processed_time,28
total_processed_time,23
total_processed_time,34
total_processed_time,33
total_processed_time,26
total_processed_time,24
total_processed_time,24
total_processed_time,29
total_processed_time,25
total_processed_time,26
total_processed_time,26
total_processed_time,25
total_processed_time,26
total_processed_time,29
total_processed_time,22
total_processed_time,25
total_processed_time,26
total_processed_time,25
total_processed_time,28
total_processed_time,28
total_processed_time,28
total_processed_time,28
total_processed_time,47
total_processed_time,30
total_processed_time,26
total_processed_time,26
total_processed_time,20
total_processed_time,25
total_processed_time,23
total_processed_time,23
total_processed_time,33
total_processed_time,26
total_processed_time,27
total_processed_time,19
total_processed_time,24
total_processed_time,26
total_processed_time,27
total_processed_time,24
total_processed_time,23
total_processed_time,24
total_processed_time,32
total_processed_time,26
total_processed_time,26
total_processed_time,22
total_processed_time,27
total_processed_time,25
total_processed_time,24
total_processed_time,24
total_processed_time,24
total_processed_time,26
total_processed_time,25
total_processed_time,22
total_processed_time,25
total_processed_time,22
total_processed_time,24
total_processed_time,25
total_processed_time,33
total_processed_time,39
total_processed_time,34
total_processed_time,31
total_processed_time,49
total_processed_time,37
total_processed_time,34
total_processed_time,31
total_processed_time,38
total_processed_time,23
total_processed_time,29
total_processed_time,117
total_processed_time,33
total_processed_time,24
total_processed_time,35
total_processed_time,44
total_processed_time,82
total_processed_time,77
total_processed_time,60
total_processed_time,48
total_processed_time,28
total_processed_time,25
total_processed_time,24
total_processed_time,66
total_processed_time,57
total_processed_time,37
total_processed_time,31
total_processed_time,69
total_processed_time,33
total_processed_time,28
total_processed_time,26
total_processed_time,25
total_processed_time,34
total_processed_time,30
total_processed_time,36
total_processed_time,25
total_processed_time,26
total_processed_time,26
total_processed_time,26
total_processed_time,25
total_processed_time,34
total_processed_time,35
total_processed_time,80
total_processed_time,49
total_processed_time,52
total_processed_time,33
total_processed_time,80
total_processed_time,69
total_processed_time,40
total_processed_time,42
total_processed_time,34
total_processed_time,29
total_processed_time,35
total_processed_time,31
total_processed_time,30
total_processed_time,30
total_processed_time,33
total_processed_time,27
total_processed_time,22
total_processed_time,31
total_processed_time,28
total_processed_time,27
total_processed_time,28
total_processed_time,29
total_processed_time,24
total_processed_time,28
total_processed_time,26
total_processed_time,24
total_processed_time,31
total_processed_time,27
total_processed_time,31
total_processed_time,28
total_processed_time,26
total_processed_time,26
total_processed_time,30
total_processed_time,28
total_processed_time,26
total_processed_time,29
total_processed_time,28
total_processed_time,28
total_processed_time,39
total_processed_time,31
total_processed_time,27
total_processed_time,24
total_processed_time,22
total_processed_time,28
total_processed_time,34
total_processed_time,38
total_processed_time,38
total_processed_time,26
total_processed_time,28
total_processed_time,22
total_processed_time,26
total_processed_time,36
total_processed_time,33
total_processed_time,31
total_processed_time,125
total_processed_time,25
total_processed_time,24
total_processed_time,20
total_processed_time,23
total_processed_time,27
total_processed_time,28
total_processed_time,95
total_processed_time,45
total_processed_time,48
total_processed_time,75
total_processed_time,43
total_processed_time,47
total_processed_time,27
total_processed_time,24
total_processed_time,26
total_processed_time,24
total_processed_time,23
total_processed_time,25
total_processed_time,29
total_processed_time,28
total_processed_time,31
total_processed_time,28
total_processed_time,28
total_processed_time,20
total_processed_time,23
total_processed_time,25
total_processed_time,25
total_processed_time,26
total_processed_time,29
total_processed_time,25
total_processed_time,27
total_processed_time,26
total_processed_time,25
total_processed_time,53
total_processed_time,28
total_processed_time,27
total_processed_time,25
total_processed_time,27
total_processed_time,24
total_processed_time,26
total_processed_time,27
total_processed_time,30
total_processed_time,29
total_processed_time,41
total_processed_time,48
total_processed_time,52
total_processed_time,53
total_processed_time,34
total_processed_time,41
total_processed_time,29
total_processed_time,24
total_processed_time,25
total_processed_time,26
total_processed_time,22
total_processed_time,26
total_processed_time,25
total_processed_time,23
total_processed_time,21
total_processed_time,28
total_processed_time,32
total_processed_time,28
total_processed_time,23
total_processed_time,28
total_processed_time,31
total_processed_time,25
total_processed_time,23
total_processed_time,27
total_processed_time,21
total_processed_time,27
total_processed_time,26
total_processed_time,29
total_processed_time,31
total_processed_time,19
total_processed_time,28
total_processed_time,26
total_processed_time,26
total_processed_time,27
total_processed_time,25
total_processed_time,29
total_processed_time,27
total_processed_time,25
total_processed_time,28
total_processed_time,23
total_processed_time,21
total_processed_time,25
total_processed_time,22
total_processed_time,23
total_processed_time,26
total_processed_time,29
total_processed_time,30
total_processed_time,28
total_processed_time,23
total_processed_time,37
total_processed_time,40
total_processed_time,25
total_processed_time,35
total_processed_time,28
total_processed_time,25
total_processed_time,23
total_processed_time,25
total_processed_time,31
total_processed_time,24
total_processed_time,25
total_processed_time,25
total_processed_time,22
total_processed_time,31
total_processed_time,31
total_processed_time,28
total_processed_time,25
total_processed_time,30
total_processed_time,30
total_processed_time,23
total_processed_time,22
total_processed_time,19
total_processed_time,24
total_processed_time,28
total_processed_time,24
total_processed_time,27
total_processed_time,24
total_processed_time,23
total_processed_time,25
total_processed_time,31
total_processed_time,27
total_processed_time,31
total_processed_time,30
total_processed_time,26
total_processed_time,25
total_processed_time,26
total_processed_time,23
total_processed_time,34
total_processed_time,28
total_processed_time,30
total_processed_time,31
total_processed_time,28
total_processed_time,24
total_processed_time,26
total_processed_time,32
total_processed_time,26
total_processed_time,33
total_processed_time,24
total_processed_time,24
total_processed_time,29
total_processed_time,30
total_processed_time,24
total_processed_time,25
total_processed_time,22
total_processed_time,23
total_processed_time,26
total_processed_time,24
total_processed_time,26
total_processed_time,28
total_processed_time,29
total_processed_time,21
total_processed_time,23
total_processed_time,24
total_processed_time,21
total_processed_time,29
total_processed_time,23
total_processed_time,25
total_processed_time,25
total_processed_time,31
total_processed_time,31
total_processed_time,25
total_processed_time,24
total_processed_time,34
total_processed_time,35
total_processed_time,31
total_processed_time,26
total_processed_time,29
total_processed_time,25
total_processed_time,28
total_processed_time,27
total_processed_time,26
total_processed_time,31
total_processed_time,31
total_processed_time,30
total_processed_time,27
total_processed_time,33
total_processed_time,34
total_processed_time,24
total_processed_time,22
total_processed_time,25
total_processed_time,24
total_processed_time,26
total_processed_time,29
total_processed_time,37
total_processed_time,30
total_processed_time,27
total_processed_time,28
total_processed_time,28
total_processed_time,29
total_processed_time,27
total_processed_time,37
total_processed_time,24
total_processed_time,26
total_processed_time,35
total_processed_time,46
total_processed_time,35
total_processed_time,36
total_processed_time,49
total_processed_time,31
total_processed_time,39
total_processed_time,30
total_processed_time,38
total_processed_time,36
total_processed_time,31
total_processed_time,32
total_processed_time,28
total_processed_time,27
total_processed_time,33
total_processed_time,34
total_processed_time,33
total_processed_time,33
total_processed_time,34
total_processed_time,31
total_processed_time,27
total_processed_time,32
total_processed_time,29
total_processed_time,32
total_processed_time,32
total_processed_time,42
total_processed_time,34
total_processed_time,28
total_processed_time,26
total_processed_time,28
total_processed_time,27
total_processed_time,29
total_processed_time,23
total_processed_time,25
total_processed_time,39
total_processed_time,48
total_processed_time,50
total_processed_time,29
total_processed_time,33
total_processed_time,36
total_processed_time,27
total_processed_time,29
total_processed_time,32
total_processed_time,24
total_processed_time,29
total_processed_time,28
total_processed_time,31
total_processed_time,34
total_processed_time,34
total_processed_time,47
total_processed_time,32
total_processed_time,35
total_processed_time,36
total_processed_time,30
total_processed_time,33
total_processed_time,39
total_processed_time,53
total_processed_time,34
total_processed_time,28
total_processed_time,27
total_processed_time,28
total_processed_time,26
total_processed_time,25
total_processed_time,32
total_processed_time,27
total_processed_time,26
total_processed_time,26
total_processed_time,27
total_processed_time,29
total_processed_time,30
total_processed_time,26
total_processed_time,39
total_processed_time,33
total_processed_time,31
total_processed_time,27
total_processed_time,29
total_processed_time,29
total_processed_time,28
total_processed_time,28
total_processed_time,47
total_processed_time,29
total_processed_time,26
total_processed_time,26
total_processed_time,33
total_processed_time,29
total_processed_time,28
total_processed_time,65
total_processed_time,31
total_processed_time,37
total_processed_time,34
total_processed_time,29
total_processed_time,25
total_processed_time,28
total_processed_time,37
total_processed_time,47
total_processed_time,31
total_processed_time,26
total_processed_time,30
total_processed_time,39
total_processed_time,33
total_processed_time,34
total_processed_time,46
total_processed_time,34
total_processed_time,40
total_processed_time,30
total_processed_time,35
total_processed_time,32
total_processed_time,33
total_processed_time,24
total_processed_time,26
total_processed_time,25
total_processed_time,26
total_processed_time,24
total_processed_time,27
total_processed_time,31
total_processed_time,91
total_processed_time,95
total_processed_time,111
total_processed_time,126
total_processed_time,136
total_processed_time,190
total_processed_time,130
total_processed_time,68
total_processed_time,230
total_processed_time,36
total_processed_time,49
total_processed_time,137
total_processed_time,39
total_processed_time,41
total_processed_time,184
total_processed_time,39
total_processed_time,101
total_processed_time,71
total_processed_time,27
total_processed_time,106
total_processed_time,33
total_processed_time,26
total_processed_time,25
total_processed_time,30
total_processed_time,28
total_processed_time,23
total_processed_time,22
total_processed_time,32
total_processed_time,32
total_processed_time,24
total_processed_time,23
total_processed_time,32
total_processed_time,27
total_processed_time,27
total_processed_time,30
total_processed_time,34
total_processed_time,29
total_processed_time,28
total_processed_time,23
total_processed_time,25
total_processed_time,25
total_processed_time,23
total_processed_time,25
total_processed_time,26
total_processed_time,30
total_processed_time,29
total_processed_time,25
total_processed_time,29
total_processed_time,110
total_processed_time,173
total_processed_time,60
total_processed_time,83
total_processed_time,85
total_processed_time,33
total_processed_time,38
total_processed_time,31
total_processed_time,74
total_processed_time,33
total_processed_time,29
total_processed_time,23
total_processed_time,25
total_processed_time,23
total_processed_time,39
total_processed_time,32
total_processed_time,28
total_processed_time,28
total_processed_time,27
total_processed_time,30
total_processed_time,29
total_processed_time,29
total_processed_time,24
total_processed_time,23
total_processed_time,23
total_processed_time,28
total_processed_time,25
total_processed_time,27
total_processed_time,23
total_processed_time,23
total_processed_time,25
total_processed_time,25
total_processed_time,24
total_processed_time,25
total_processed_time,23
total_processed_time,23
total_processed_time,30
total_processed_time,27
total_processed_time,21
total_processed_time,22
total_processed_time,30
total_processed_time,25
total_processed_time,29
total_processed_time,31
total_processed_time,38
total_processed_time,38
total_processed_time,31
total_processed_time,36
total_processed_time,33
total_processed_time,26
total_processed_time,73
total_processed_time,23
total_processed_time,27
total_processed_time,23
total_processed_time,22
total_processed_time,26
total_processed_time,29
total_processed_time,27
total_processed_time,25
total_processed_time,34
total_processed_time,22
total_processed_time,26
total_processed_time,29
total_processed_time,24
total_processed_time,29
total_processed_time,23
total_processed_time,26
total_processed_time,26
total_processed_time,27
total_processed_time,27
total_processed_time,26
total_processed_time,32
total_processed_time,31
total_processed_time,33
total_processed_time,28
total_processed_time,24
total_processed_time,29
total_processed_time,28
total_processed_time,25
total_processed_time,30
total_processed_time,27
total_processed_time,26
total_processed_time,21
total_processed_time,30
total_processed_time,26
total_processed_time,35
total_processed_time,24
total_processed_time,23
total_processed_time,22
total_processed_time,25
total_processed_time,22
total_processed_time,26
total_processed_time,26
total_processed_time,20
total_processed_time,23
total_processed_time,23
total_processed_time,25
total_processed_time,23
total_processed_time,24
total_processed_time,24
total_processed_time,23
total_processed_time,26
total_processed_time,25
total_processed_time,23
total_processed_time,26
total_processed_time,30
total_processed_time,39
total_processed_time,40
total_processed_time,28
total_processed_time,25
total_processed_time,23
total_processed_time,23
total_processed_time,34
total_processed_time,28
total_processed_time,25
total_processed_time,24
total_processed_time,24
total_processed_time,29
total_processed_time,32
total_processed_time,50
total_processed_time,49
total_processed_time,25
total_processed_time,28
total_processed_time,29
total_processed_time,24
total_processed_time,27
total_processed_time,24
total_processed_time,25
total_processed_time,27
total_processed_time,27
total_processed_time,29
total_processed_time,22
total_processed_time,30
total_processed_time,24
total_processed_time,30
total_processed_time,25
total_processed_time,24
total_processed_time,23
total_processed_time,23
total_processed_time,25
total_processed_time,25
total_processed_time,35
total_processed_time,29
total_processed_time,25
total_processed_time,25
total_processed_time,24
total_processed_time,24
total_processed_time,79
total_processed_time,24
total_processed_time,68
total_processed_time,27
total_processed_time,32
total_processed_time,28
total_processed_time,24
total_processed_time,26
total_processed_time,24
total_processed_time,31
total_processed_time,31
total_processed_time,38
total_processed_time,28
total_processed_time,25
total_processed_time,31
total_processed_time,34
total_processed_time,29
total_processed_time,29
total_processed_time,94
total_processed_time,30
total_processed_time,27
total_processed_time,28
total_processed_time,24
total_processed_time,109
total_processed_time,26
total_processed_time,22
total_processed_time,25
total_processed_time,24
total_processed_time,21
total_processed_time,22
total_processed_time,26
total_processed_time,27
total_processed_time,24
total_processed_time,24
total_processed_time,26
total_processed_time,33
total_processed_time,22
total_processed_time,65
total_processed_time,33
total_processed_time,30
total_processed_time,40
total_processed_time,35
total_processed_time,28
total_processed_time,29
total_processed_time,27
total_processed_time,25
total_processed_time,28
total_processed_time,27
total_processed_time,28
total_processed_time,27
total_processed_time,24
total_processed_time,23
total_processed_time,19
total_processed_time,24
total_processed_time,29
total_processed_time,29
total_processed_time,26
total_processed_time,23
total_processed_time,27
total_processed_time,28
total_processed_time,23
total_processed_time,22
total_processed_time,24
total_processed_time,23
total_processed_time,23
total_processed_time,18
total_processed_time,25
total_processed_time,23
total_processed_time,26
total_processed_time,29
total_processed_time,23
total_processed_time,24
total_processed_time,22
total_processed_time,26
total_processed_time,27
total_processed_time,27
total_processed_time,25
total_processed_time,25
total_processed_time,26
total_processed_time,24
total_processed_time,23
total_processed_time,22
total_processed_time,22
total_processed_time,22
total_processed_time,24
total_processed_time,32
total_processed_time,32
total_processed_time,26
total_processed_time,28
total_processed_time,25
total_processed_time,29
total_processed_time,24
total_processed_time,27
total_processed_time,25
total_processed_time,38
total_processed_time,40
total_processed_time,26
total_processed_time,21
total_processed_time,28
total_processed_time,28
total_processed_time,24
total_processed_time,28
total_processed_time,28
total_processed_time,31
total_processed_time,30
total_processed_time,30
total_processed_time,24
total_processed_time,25
total_processed_time,27
total_processed_time,55
total_processed_time,41
total_processed_time,34
total_processed_time,26
total_processed_time,43
total_processed_time,41
total_processed_time,27
total_processed_time,25
total_processed_time,28
total_processed_time,24
total_processed_time,28
total_processed_time,23
total_processed_time,30
total_processed_time,28
total_processed_time,26
total_processed_time,27
total_processed_time,24
total_processed_time,25
total_processed_time,26
total_processed_time,39
total_processed_time,29
total_processed_time,38
total_processed_time,29
total_processed_time,23
total_processed_time,30
total_processed_time,28
total_processed_time,24
total_processed_time,27
total_processed_time,24
total_processed_time,23
total_processed_time,21
total_processed_time,26
total_processed_time,31
total_processed_time,19
total_processed_time,28
total_processed_time,29
total_processed_time,24
total_processed_time,26
total_processed_time,34
total_processed_time,27
total_processed_time,28
total_processed_time,29
total_processed_time,22
total_processed_time,25
total_processed_time,33
total_processed_time,69
total_processed_time,63
total_processed_time,115
total_processed_time,61
total_processed_time,61
total_processed_time,47
total_processed_time,64
total_processed_time,75
total_processed_time,45
total_processed_time,33
total_processed_time,34
total_processed_time,44
total_processed_time,32
total_processed_time,28
total_processed_time,26
total_processed_time,71
total_processed_time,69
total_processed_time,29
total_processed_time,31
total_processed_time,48
total_processed_time,99
total_processed_time,100
total_processed_time,52
total_processed_time,41
total_processed_time,31
total_processed_time,26
total_processed_time,23
total_processed_time,26
total_processed_time,25
total_processed_time,24
total_processed_time,25
total_processed_time,26
total_processed_time,27
total_processed_time,35
total_processed_time,24
total_processed_time,42
total_processed_time,25
total_processed_time,24
total_processed_time,38
total_processed_time,40
total_processed_time,22
total_processed_time,38
total_processed_time,33
total_processed_time,30
total_processed_time,31
total_processed_time,27
total_processed_time,25
total_processed_time,27
total_processed_time,25
total_processed_time,29
total_processed_time,27
total_processed_time,23
total_processed_time,27
total_processed_time,23
total_processed_time,40
total_processed_time,31
total_processed_time,35
total_processed_time,31
total_processed_time,28
total_processed_time,25
total_processed_time,26
total_processed_time,29
total_processed_time,33
total_processed_time,25
total_processed_time,36
total_processed_time,31
total_processed_time,34
total_processed_time,30
total_processed_time,38
total_processed_time,36
total_processed_time,29
total_processed_time,25
total_processed_time,31
total_processed_time,28
total_processed_time,30
total_processed_time,28
total_processed_time,24
total_processed_time,28
total_processed_time,30
total_processed_time,29
total_processed_time,24
total_processed_time,25
total_processed_time,27
total_processed_time,26
total_processed_time,26
total_processed_time,30
total_processed_time,32
total_processed_time,31
total_processed_time,27
total_processed_time,25
total_processed_time,24
total_processed_time,27
total_processed_time,29
total_processed_time,34
total_processed_time,30
total_processed_time,41
total_processed_time,30
total_processed_time,28
total_processed_time,31
total_processed_time,42
total_processed_time,61
total_processed_time,49
total_processed_time,45
total_processed_time,104
total_processed_time,65
total_processed_time,38
total_processed_time,38
total_processed_time,30
total_processed_time,25
total_processed_time,40
total_processed_time,28
total_processed_time,35
total_processed_time,26
total_processed_time,29
total_processed_time,65
total_processed_time,24
total_processed_time,25
total_processed_time,28
total_processed_time,33
total_processed_time,37
total_processed_time,31
total_processed_time,33
total_processed_time,27
total_processed_time,30
total_processed_time,120
total_processed_time,54
total_processed_time,47
total_processed_time,37
total_processed_time,45
total_processed_time,27
total_processed_time,25
total_processed_time,24
total_processed_time,34
total_processed_time,31
total_processed_time,41
total_processed_time,77
total_processed_time,85
total_processed_time,52
total_processed_time,43
total_processed_time,84
total_processed_time,33
total_processed_time,29
total_processed_time,27
total_processed_time,30
total_processed_time,31
total_processed_time,25
total_processed_time,29
total_processed_time,37
total_processed_time,27
total_processed_time,30
total_processed_time,31
total_processed_time,28
total_processed_time,24
total_processed_time,25
total_processed_time,24
total_processed_time,25
total_processed_time,34
total_processed_time,39
total_processed_time,32
total_processed_time,24
total_processed_time,33
total_processed_time,26
total_processed_time,31
total_processed_time,33
total_processed_time,33
total_processed_time,27
total_processed_time,28
total_processed_time,26
total_processed_time,25
total_processed_time,22
total_processed_time,25
total_processed_time,32
total_processed_time,31
total_processed_time,43
total_processed_time,35
total_processed_time,35
total_processed_time,31
total_processed_time,31
total_processed_time,78
total_processed_time,28
total_processed_time,39
total_processed_time,30
total_processed_time,32
total_processed_time,28
total_processed_time,34
total_processed_time,32
total_processed_time,23
total_processed_time,21
total_processed_time,26
total_processed_time,32
total_processed_time,32
total_processed_time,27
total_processed_time,31
total_processed_time,36
total_processed_time,30
total_processed_time,29
total_processed_time,31
total_processed_time,21
total_processed_time,34
total_processed_time,53
total_processed_time,49
total_processed_time,57
total_processed_time,31
total_processed_time,28
total_processed_time,80
total_processed_time,26
total_processed_time,62
total_processed_time,42
total_processed_time,33
total_processed_time,22
total_processed_time,25
total_processed_time,33
total_processed_time,25
total_processed_time,25
total_processed_time,30
total_processed_time,23
total_processed_time,24
total_processed_time,24
total_processed_time,22
total_processed_time,26
total_processed_time,26
total_processed_time,23
total_processed_time,22
total_processed_time,27
total_processed_time,32
total_processed_time,27
total_processed_time,28
total_processed_time,21
total_processed_time,24
total_processed_time,38
total_processed_time,46
total_processed_time,82
total_processed_time,27
total_processed_time,37
total_processed_time,28
total_processed_time,34
total_processed_time,23
total_processed_time,61
total_processed_time,28
total_processed_time,22
total_processed_time,30
total_processed_time,29
total_processed_time,27
total_processed_time,26
total_processed_time,28
total_processed_time,24
total_processed_time,27
total_processed_time,20
total_processed_time,27
total_processed_time,36
total_processed_time,43
total_processed_time,31
total_processed_time,33
total_processed_time,32
total_processed_time,33
total_processed_time,27
total_processed_time,26
total_processed_time,29
total_processed_time,26
total_processed_time,44
total_processed_time,25
total_processed_time,30
total_processed_time,28
total_processed_time,21
total_processed_time,34
total_processed_time,30
total_processed_time,35
total_processed_time,31
total_processed_time,28
total_processed_time,26
total_processed_time,28
total_processed_time,30
total_processed_time,40
total_processed_time,27
total_processed_time,26
total_processed_time,26
total_processed_time,27
total_processed_time,24
total_processed_time,24
total_processed_time,25
total_processed_time,23
total_processed_time,29
total_processed_time,29
total_processed_time,31
total_processed_time,28
total_processed_time,26
total_processed_time,22
total_processed_time,19
total_processed_time,33
total_processed_time,27
total_processed_time,34
total_processed_time,38
total_processed_time,40
total_processed_time,98
total_processed_time,47
total_processed_time,35
total_processed_time,78
total_processed_time,31
total_processed_time,29
total_processed_time,27
total_processed_time,23
total_processed_time,24
total_processed_time,23
total_processed_time,27
total_processed_time,24
total_processed_time,25
total_processed_time,22
total_processed_time,25
total_processed_time,22
total_processed_time,23
total_processed_time,22
total_processed_time,26
total_processed_time,32
total_processed_time,32
total_processed_time,23
total_processed_time,31
total_processed_time,22
total_processed_time,23
total_processed_time,23
total_processed_time,26
total_processed_time,29
total_processed_time,26
total_processed_time,19
total_processed_time,44
total_processed_time,44
total_processed_time,44
total_processed_time,34
total_processed_time,83
total_processed_time,34
total_processed_time,24
total_processed_time,27
total_processed_time,53
total_processed_time,25
total_processed_time,32
total_processed_time,34
total_processed_time,26
total_processed_time,25
total_processed_time,25
total_processed_time,24
total_processed_time,27
total_processed_time,36
total_processed_time,39
total_processed_time,30
total_processed_time,37
total_processed_time,100
total_processed_time,71
total_processed_time,28
total_processed_time,28
total_processed_time,31
total_processed_time,25
total_processed_time,31
total_processed_time,27
total_processed_time,24
total_processed_time,27
total_processed_time,27
total_processed_time,35
total_processed_time,45
total_processed_time,30
total_processed_time,31
total_processed_time,27
total_processed_time,24
total_processed_time,26
total_processed_time,23
total_processed_time,27
total_processed_time,26
total_processed_time,26
total_processed_time,36
total_processed_time,33
total_processed_time,33
total_processed_time,28
total_processed_time,44
total_processed_time,30
total_processed_time,54
total_processed_time,24
total_processed_time,27
total_processed_time,28
total_processed_time,34
total_processed_time,25
total_processed_time,27
total_processed_time,31
total_processed_time,34
total_processed_time,30
total_processed_time,26
total_processed_time,26
total_processed_time,25
total_processed_time,25
total_processed_time,27
total_processed_time,34
total_processed_time,56
total_processed_time,51
total_processed_time,33
total_processed_time,27
total_processed_time,34
total_processed_time,24
total_processed_time,22
total_processed_time,32
total_processed_time,76
total_processed_time,114
total_processed_time,167
total_processed_time,111
total_processed_time,102
total_processed_time,192
total_processed_time,197
total_processed_time,193
total_processed_time,187
total_processed_time,212
total_processed_time,240
total_processed_time,235
