total_processed_time,65
total_processed_time,39
total_processed_time,74
total_processed_time,31
total_processed_time,110
total_processed_time,27
total_processed_time,27
total_processed_time,80
total_processed_time,25
total_processed_time,25
total_processed_time,24
total_processed_time,27
total_processed_time,25
total_processed_time,28
total_processed_time,22
total_processed_time,20
total_processed_time,24
total_processed_time,23
total_processed_time,26
total_processed_time,25
total_processed_time,30
total_processed_time,26
total_processed_time,31
total_processed_time,33
total_processed_time,26
total_processed_time,26
total_processed_time,25
total_processed_time,31
total_processed_time,22
total_processed_time,30
total_processed_time,30
total_processed_time,25
total_processed_time,32
total_processed_time,33
total_processed_time,29
total_processed_time,30
total_processed_time,26
total_processed_time,22
total_processed_time,27
total_processed_time,26
total_processed_time,28
total_processed_time,43
total_processed_time,30
total_processed_time,27
total_processed_time,28
total_processed_time,23
total_processed_time,24
total_processed_time,28
total_processed_time,27
total_processed_time,25
total_processed_time,24
total_processed_time,24
total_processed_time,25
total_processed_time,22
total_processed_time,29
total_processed_time,26
total_processed_time,28
total_processed_time,27
total_processed_time,22
total_processed_time,27
total_processed_time,26
total_processed_time,27
total_processed_time,23
total_processed_time,22
total_processed_time,24
total_processed_time,25
total_processed_time,23
total_processed_time,26
total_processed_time,28
total_processed_time,28
total_processed_time,26
total_processed_time,25
total_processed_time,25
total_processed_time,27
total_processed_time,28
total_processed_time,31
total_processed_time,27
total_processed_time,24
total_processed_time,21
total_processed_time,24
total_processed_time,21
total_processed_time,25
total_processed_time,24
total_processed_time,23
total_processed_time,24
total_processed_time,22
total_processed_time,22
total_processed_time,22
total_processed_time,22
total_processed_time,27
total_processed_time,23
total_processed_time,22
total_processed_time,23
total_processed_time,21
total_processed_time,24
total_processed_time,22
total_processed_time,22
total_processed_time,23
total_processed_time,22
total_processed_time,25
total_processed_time,31
total_processed_time,31
total_processed_time,34
total_processed_time,32
total_processed_time,29
total_processed_time,27
total_processed_time,26
total_processed_time,28
total_processed_time,25
total_processed_time,25
total_processed_time,23
total_processed_time,35
total_processed_time,28
total_processed_time,33
total_processed_time,30
total_processed_time,29
total_processed_time,27
total_processed_time,25
total_processed_time,25
total_processed_time,22
total_processed_time,22
total_processed_time,24
total_processed_time,21
total_processed_time,23
total_processed_time,24
total_processed_time,24
total_processed_time,21
total_processed_time,21
total_processed_time,28
total_processed_time,24
total_processed_time,24
total_processed_time,28
total_processed_time,28
total_processed_time,25
total_processed_time,22
total_processed_time,25
total_processed_time,25
total_processed_time,27
total_processed_time,27
total_processed_time,28
total_processed_time,23
total_processed_time,26
total_processed_time,23
total_processed_time,40
total_processed_time,23
total_processed_time,56
total_processed_time,58
total_processed_time,33
total_processed_time,33
total_processed_time,34
total_processed_time,27
total_processed_time,27
total_processed_time,27
total_processed_time,33
total_processed_time,45
total_processed_time,30
total_processed_time,33
total_processed_time,28
total_processed_time,27
total_processed_time,26
total_processed_time,25
total_processed_time,30
total_processed_time,29
total_processed_time,24
total_processed_time,24
total_processed_time,21
total_processed_time,20
total_processed_time,25
total_processed_time,40
total_processed_time,26
total_processed_time,28
total_processed_time,27
total_processed_time,21
total_processed_time,22
total_processed_time,23
total_processed_time,24
total_processed_time,24
total_processed_time,21
total_processed_time,22
total_processed_time,46
total_processed_time,62
total_processed_time,97
total_processed_time,66
total_processed_time,105
total_processed_time,165
total_processed_time,62
total_processed_time,38
total_processed_time,62
total_processed_time,142
total_processed_time,28
total_processed_time,26
total_processed_time,80
total_processed_time,29
total_processed_time,32
total_processed_time,38
total_processed_time,25
total_processed_time,24
total_processed_time,24
total_processed_time,26
total_processed_time,26
total_processed_time,27
total_processed_time,23
total_processed_time,23
total_processed_time,23
total_processed_time,31
total_processed_time,28
total_processed_time,23
total_processed_time,22
total_processed_time,25
total_processed_time,25
total_processed_time,29
total_processed_time,29
total_processed_time,30
total_processed_time,38
total_processed_time,34
total_processed_time,45
total_processed_time,44
total_processed_time,120
total_processed_time,44
total_processed_time,83
total_processed_time,40
total_processed_time,42
total_processed_time,42
total_processed_time,36
total_processed_time,45
total_processed_time,38
total_processed_time,27
total_processed_time,31
total_processed_time,41
total_processed_time,40
total_processed_time,41
total_processed_time,36
total_processed_time,30
total_processed_time,31
total_processed_time,29
total_processed_time,32
total_processed_time,31
total_processed_time,28
total_processed_time,28
total_processed_time,32
total_processed_time,26
total_processed_time,29
total_processed_time,27
total_processed_time,36
total_processed_time,46
total_processed_time,35
total_processed_time,26
total_processed_time,28
total_processed_time,34
total_processed_time,25
total_processed_time,23
total_processed_time,24
total_processed_time,24
total_processed_time,28
total_processed_time,29
total_processed_time,28
total_processed_time,28
total_processed_time,30
total_processed_time,26
total_processed_time,28
total_processed_time,23
total_processed_time,28
total_processed_time,30
total_processed_time,27
total_processed_time,28
total_processed_time,25
total_processed_time,29
total_processed_time,24
total_processed_time,25
total_processed_time,23
total_processed_time,24
total_processed_time,25
total_processed_time,24
total_processed_time,27
total_processed_time,85
total_processed_time,86
total_processed_time,42
total_processed_time,43
total_processed_time,44
total_processed_time,65
total_processed_time,34
total_processed_time,23
total_processed_time,25
total_processed_time,24
total_processed_time,26
total_processed_time,25
total_processed_time,23
total_processed_time,23
total_processed_time,23
total_processed_time,22
total_processed_time,22
total_processed_time,24
total_processed_time,26
total_processed_time,28
total_processed_time,23
total_processed_time,20
total_processed_time,23
total_processed_time,24
total_processed_time,20
total_processed_time,24
total_processed_time,25
total_processed_time,25
total_processed_time,22
total_processed_time,30
total_processed_time,30
total_processed_time,26
total_processed_time,24
total_processed_time,26
total_processed_time,24
total_processed_time,20
total_processed_time,23
total_processed_time,26
total_processed_time,25
total_processed_time,22
total_processed_time,30
total_processed_time,26
total_processed_time,29
total_processed_time,28
total_processed_time,26
total_processed_time,28
total_processed_time,26
total_processed_time,24
total_processed_time,22
total_processed_time,38
total_processed_time,30
total_processed_time,32
total_processed_time,29
total_processed_time,27
total_processed_time,47
total_processed_time,42
total_processed_time,39
total_processed_time,36
total_processed_time,34
total_processed_time,30
total_processed_time,46
total_processed_time,52
total_processed_time,41
total_processed_time,34
total_processed_time,36
total_processed_time,29
total_processed_time,30
total_processed_time,22
total_processed_time,22
total_processed_time,23
total_processed_time,26
total_processed_time,40
total_processed_time,31
total_processed_time,26
total_processed_time,22
total_processed_time,23
total_processed_time,22
total_processed_time,25
total_processed_time,24
total_processed_time,26
total_processed_time,23
total_processed_time,26
total_processed_time,25
total_processed_time,25
total_processed_time,25
total_processed_time,20
total_processed_time,24
total_processed_time,24
total_processed_time,22
total_processed_time,32
total_processed_time,25
total_processed_time,32
total_processed_time,28
total_processed_time,25
total_processed_time,24
total_processed_time,26
total_processed_time,24
total_processed_time,21
total_processed_time,24
total_processed_time,24
total_processed_time,22
total_processed_time,24
total_processed_time,27
total_processed_time,23
total_processed_time,24
total_processed_time,23
total_processed_time,21
total_processed_time,21
total_processed_time,25
total_processed_time,23
total_processed_time,24
total_processed_time,24
total_processed_time,25
total_processed_time,25
total_processed_time,23
total_processed_time,23
total_processed_time,24
total_processed_time,22
total_processed_time,23
total_processed_time,26
total_processed_time,27
total_processed_time,26
total_processed_time,25
total_processed_time,22
total_processed_time,23
total_processed_time,30
total_processed_time,22
total_processed_time,36
total_processed_time,26
total_processed_time,23
total_processed_time,24
total_processed_time,31
total_processed_time,28
total_processed_time,25
total_processed_time,22
total_processed_time,22
total_processed_time,25
total_processed_time,23
total_processed_time,24
total_processed_time,22
total_processed_time,23
total_processed_time,23
total_processed_time,26
total_processed_time,23
total_processed_time,22
total_processed_time,23
total_processed_time,25
total_processed_time,22
total_processed_time,24
total_processed_time,22
total_processed_time,21
total_processed_time,26
total_processed_time,27
total_processed_time,24
total_processed_time,23
total_processed_time,26
total_processed_time,22
total_processed_time,21
total_processed_time,25
total_processed_time,20
total_processed_time,22
total_processed_time,30
total_processed_time,24
total_processed_time,28
total_processed_time,22
total_processed_time,23
total_processed_time,24
total_processed_time,24
total_processed_time,25
total_processed_time,22
total_processed_time,25
total_processed_time,22
total_processed_time,24
total_processed_time,23
total_processed_time,23
total_processed_time,31
total_processed_time,22
total_processed_time,24
total_processed_time,23
total_processed_time,25
total_processed_time,21
total_processed_time,26
total_processed_time,24
total_processed_time,21
total_processed_time,27
total_processed_time,26
total_processed_time,25
total_processed_time,24
total_processed_time,66
total_processed_time,70
total_processed_time,39
total_processed_time,49
total_processed_time,42
total_processed_time,28
total_processed_time,26
total_processed_time,27
total_processed_time,26
total_processed_time,23
total_processed_time,25
total_processed_time,27
total_processed_time,26
total_processed_time,27
total_processed_time,24
total_processed_time,21
total_processed_time,23
total_processed_time,23
total_processed_time,22
total_processed_time,22
total_processed_time,23
total_processed_time,24
total_processed_time,24
total_processed_time,23
total_processed_time,24
total_processed_time,22
total_processed_time,23
total_processed_time,24
total_processed_time,23
total_processed_time,20
total_processed_time,24
total_processed_time,21
total_processed_time,23
total_processed_time,30
total_processed_time,29
total_processed_time,25
total_processed_time,22
total_processed_time,24
total_processed_time,30
total_processed_time,23
total_processed_time,24
total_processed_time,27
total_processed_time,21
total_processed_time,22
total_processed_time,23
total_processed_time,22
total_processed_time,21
total_processed_time,24
total_processed_time,26
total_processed_time,36
total_processed_time,26
total_processed_time,25
total_processed_time,26
total_processed_time,23
total_processed_time,26
total_processed_time,23
total_processed_time,22
total_processed_time,25
total_processed_time,22
total_processed_time,24
total_processed_time,22
total_processed_time,21
total_processed_time,23
total_processed_time,30
total_processed_time,22
total_processed_time,23
total_processed_time,22
total_processed_time,29
total_processed_time,22
total_processed_time,22
total_processed_time,26
total_processed_time,22
total_processed_time,21
total_processed_time,24
total_processed_time,28
total_processed_time,28
total_processed_time,22
total_processed_time,25
total_processed_time,28
total_processed_time,30
total_processed_time,27
total_processed_time,24
total_processed_time,23
total_processed_time,26
total_processed_time,28
total_processed_time,37
total_processed_time,33
total_processed_time,25
total_processed_time,21
total_processed_time,28
total_processed_time,28
total_processed_time,25
total_processed_time,27
total_processed_time,54
total_processed_time,34
total_processed_time,30
total_processed_time,29
total_processed_time,33
total_processed_time,85
total_processed_time,30
total_processed_time,30
total_processed_time,28
total_processed_time,26
total_processed_time,25
total_processed_time,27
total_processed_time,25
total_processed_time,23
total_processed_time,31
total_processed_time,24
total_processed_time,26
total_processed_time,24
total_processed_time,23
total_processed_time,22
total_processed_time,25
total_processed_time,28
total_processed_time,31
total_processed_time,23
total_processed_time,24
total_processed_time,21
total_processed_time,23
total_processed_time,22
total_processed_time,24
total_processed_time,22
total_processed_time,20
total_processed_time,22
total_processed_time,23
total_processed_time,22
total_processed_time,22
total_processed_time,25
total_processed_time,29
total_processed_time,30
total_processed_time,31
total_processed_time,29
total_processed_time,31
total_processed_time,26
total_processed_time,29
total_processed_time,22
total_processed_time,25
total_processed_time,25
total_processed_time,25
total_processed_time,23
total_processed_time,27
total_processed_time,45
total_processed_time,33
total_processed_time,34
total_processed_time,24
total_processed_time,65
total_processed_time,47
total_processed_time,43
total_processed_time,26
total_processed_time,27
total_processed_time,23
total_processed_time,28
total_processed_time,27
total_processed_time,27
total_processed_time,22
total_processed_time,25
total_processed_time,27
total_processed_time,26
total_processed_time,22
total_processed_time,31
total_processed_time,27
total_processed_time,27
total_processed_time,26
total_processed_time,30
total_processed_time,27
total_processed_time,23
total_processed_time,26
total_processed_time,25
total_processed_time,24
total_processed_time,22
total_processed_time,24
total_processed_time,25
total_processed_time,34
total_processed_time,26
total_processed_time,28
total_processed_time,23
total_processed_time,26
total_processed_time,46
total_processed_time,25
total_processed_time,56
total_processed_time,26
total_processed_time,24
total_processed_time,23
total_processed_time,23
total_processed_time,23
total_processed_time,24
total_processed_time,26
total_processed_time,22
total_processed_time,26
total_processed_time,24
total_processed_time,21
total_processed_time,25
total_processed_time,27
total_processed_time,26
total_processed_time,21
total_processed_time,26
total_processed_time,25
total_processed_time,21
total_processed_time,20
total_processed_time,24
total_processed_time,24
total_processed_time,25
total_processed_time,26
total_processed_time,35
total_processed_time,36
total_processed_time,26
total_processed_time,25
total_processed_time,27
total_processed_time,26
total_processed_time,25
total_processed_time,22
total_processed_time,23
total_processed_time,21
total_processed_time,26
total_processed_time,26
total_processed_time,24
total_processed_time,23
total_processed_time,22
total_processed_time,25
total_processed_time,22
total_processed_time,30
total_processed_time,26
total_processed_time,41
total_processed_time,25
total_processed_time,27
total_processed_time,21
total_processed_time,24
total_processed_time,25
total_processed_time,24
total_processed_time,22
total_processed_time,25
total_processed_time,22
total_processed_time,23
total_processed_time,26
total_processed_time,26
total_processed_time,23
total_processed_time,24
total_processed_time,24
total_processed_time,22
total_processed_time,31
total_processed_time,37
total_processed_time,35
total_processed_time,29
total_processed_time,28
total_processed_time,23
total_processed_time,24
total_processed_time,24
total_processed_time,22
total_processed_time,25
total_processed_time,21
total_processed_time,27
total_processed_time,25
total_processed_time,24
total_processed_time,27
total_processed_time,24
total_processed_time,22
total_processed_time,21
total_processed_time,24
total_processed_time,23
total_processed_time,22
total_processed_time,22
total_processed_time,21
total_processed_time,22
total_processed_time,26
total_processed_time,23
total_processed_time,24
total_processed_time,30
total_processed_time,40
total_processed_time,28
total_processed_time,27
total_processed_time,25
total_processed_time,29
total_processed_time,26
total_processed_time,33
total_processed_time,27
total_processed_time,26
total_processed_time,21
total_processed_time,21
total_processed_time,22
total_processed_time,24
total_processed_time,24
total_processed_time,30
total_processed_time,25
total_processed_time,25
total_processed_time,31
total_processed_time,25
total_processed_time,23
total_processed_time,22
total_processed_time,25
total_processed_time,22
total_processed_time,22
total_processed_time,24
total_processed_time,22
total_processed_time,28
total_processed_time,23
total_processed_time,24
total_processed_time,22
total_processed_time,23
total_processed_time,29
total_processed_time,21
total_processed_time,22
total_processed_time,22
total_processed_time,22
total_processed_time,23
total_processed_time,28
total_processed_time,25
total_processed_time,22
total_processed_time,22
total_processed_time,24
total_processed_time,23
total_processed_time,27
total_processed_time,21
total_processed_time,25
total_processed_time,26
total_processed_time,26
total_processed_time,23
total_processed_time,25
total_processed_time,22
total_processed_time,25
total_processed_time,21
total_processed_time,23
total_processed_time,24
total_processed_time,22
total_processed_time,21
total_processed_time,24
total_processed_time,21
total_processed_time,27
total_processed_time,25
total_processed_time,28
total_processed_time,26
total_processed_time,24
total_processed_time,26
total_processed_time,23
total_processed_time,25
total_processed_time,29
total_processed_time,22
total_processed_time,25
total_processed_time,29
total_processed_time,23
total_processed_time,24
total_processed_time,24
total_processed_time,20
total_processed_time,27
total_processed_time,22
total_processed_time,22
total_processed_time,26
total_processed_time,25
total_processed_time,25
total_processed_time,24
total_processed_time,27
total_processed_time,25
total_processed_time,26
total_processed_time,25
total_processed_time,21
total_processed_time,23
total_processed_time,25
total_processed_time,24
total_processed_time,23
total_processed_time,24
total_processed_time,24
total_processed_time,22
total_processed_time,23
total_processed_time,24
total_processed_time,22
total_processed_time,23
total_processed_time,25
total_processed_time,26
total_processed_time,21
total_processed_time,24
total_processed_time,27
total_processed_time,29
total_processed_time,49
total_processed_time,54
total_processed_time,44
total_processed_time,39
total_processed_time,27
total_processed_time,25
total_processed_time,24
total_processed_time,24
total_processed_time,21
total_processed_time,22
total_processed_time,22
total_processed_time,25
total_processed_time,22
total_processed_time,26
total_processed_time,21
total_processed_time,24
total_processed_time,20
total_processed_time,21
total_processed_time,24
total_processed_time,23
total_processed_time,22
total_processed_time,24
total_processed_time,25
total_processed_time,27
total_processed_time,27
total_processed_time,25
total_processed_time,20
total_processed_time,21
total_processed_time,22
total_processed_time,22
total_processed_time,29
total_processed_time,22
total_processed_time,27
total_processed_time,27
total_processed_time,23
total_processed_time,24
total_processed_time,26
total_processed_time,23
total_processed_time,26
total_processed_time,22
total_processed_time,24
total_processed_time,25
total_processed_time,23
total_processed_time,27
total_processed_time,30
total_processed_time,22
total_processed_time,23
total_processed_time,22
total_processed_time,25
total_processed_time,27
total_processed_time,21
total_processed_time,24
total_processed_time,23
total_processed_time,27
total_processed_time,24
total_processed_time,201
total_processed_time,79
total_processed_time,73
total_processed_time,91
total_processed_time,60
total_processed_time,92
total_processed_time,89
total_processed_time,127
total_processed_time,142
total_processed_time,69
total_processed_time,91
total_processed_time,144
total_processed_time,67
total_processed_time,180
total_processed_time,154
total_processed_time,31
total_processed_time,66
total_processed_time,112
total_processed_time,50
total_processed_time,25
total_processed_time,20
total_processed_time,80
total_processed_time,30
total_processed_time,27
total_processed_time,29
total_processed_time,26
total_processed_time,26
total_processed_time,25
total_processed_time,24
total_processed_time,22
total_processed_time,20
total_processed_time,22
total_processed_time,23
total_processed_time,24
total_processed_time,21
total_processed_time,26
total_processed_time,32
total_processed_time,26
total_processed_time,23
total_processed_time,28
total_processed_time,26
total_processed_time,23
total_processed_time,21
total_processed_time,24
total_processed_time,24
total_processed_time,24
total_processed_time,24
total_processed_time,27
total_processed_time,38
total_processed_time,30
total_processed_time,25
total_processed_time,24
total_processed_time,28
total_processed_time,27
total_processed_time,20
total_processed_time,22
total_processed_time,23
total_processed_time,24
total_processed_time,24
total_processed_time,21
total_processed_time,25
total_processed_time,23
total_processed_time,20
total_processed_time,23
total_processed_time,26
total_processed_time,22
total_processed_time,20
total_processed_time,22
total_processed_time,26
total_processed_time,23
total_processed_time,25
total_processed_time,35
total_processed_time,26
total_processed_time,28
total_processed_time,27
total_processed_time,28
total_processed_time,28
total_processed_time,25
total_processed_time,23
total_processed_time,22
total_processed_time,21
total_processed_time,25
total_processed_time,23
total_processed_time,26
total_processed_time,23
total_processed_time,22
total_processed_time,25
total_processed_time,24
total_processed_time,21
total_processed_time,25
total_processed_time,26
total_processed_time,22
total_processed_time,24
total_processed_time,24
total_processed_time,22
total_processed_time,23
total_processed_time,21
total_processed_time,28
total_processed_time,24
total_processed_time,23
total_processed_time,23
total_processed_time,22
total_processed_time,26
total_processed_time,27
total_processed_time,24
total_processed_time,25
total_processed_time,26
total_processed_time,26
total_processed_time,29
total_processed_time,27
total_processed_time,27
total_processed_time,26
total_processed_time,26
total_processed_time,23
total_processed_time,20
total_processed_time,32
total_processed_time,25
total_processed_time,23
total_processed_time,22
total_processed_time,20
total_processed_time,20
total_processed_time,20
total_processed_time,23
total_processed_time,22
total_processed_time,27
total_processed_time,24
total_processed_time,28
total_processed_time,22
total_processed_time,25
total_processed_time,26
total_processed_time,25
total_processed_time,25
total_processed_time,25
total_processed_time,32
total_processed_time,27
total_processed_time,25
total_processed_time,21
total_processed_time,26
total_processed_time,27
total_processed_time,29
total_processed_time,27
total_processed_time,23
total_processed_time,20
total_processed_time,23
total_processed_time,24
total_processed_time,21
total_processed_time,28
total_processed_time,26
total_processed_time,23
total_processed_time,23
total_processed_time,21
total_processed_time,21
total_processed_time,22
total_processed_time,21
total_processed_time,25
total_processed_time,24
total_processed_time,23
total_processed_time,27
total_processed_time,27
total_processed_time,25
total_processed_time,22
total_processed_time,19
total_processed_time,29
total_processed_time,27
total_processed_time,26
total_processed_time,22
total_processed_time,23
total_processed_time,30
total_processed_time,27
total_processed_time,28
total_processed_time,24
total_processed_time,24
total_processed_time,22
total_processed_time,22
total_processed_time,25
total_processed_time,23
total_processed_time,25
total_processed_time,34
total_processed_time,27
total_processed_time,24
total_processed_time,28
total_processed_time,24
total_processed_time,25
total_processed_time,25
total_processed_time,20
total_processed_time,21
total_processed_time,22
total_processed_time,26
total_processed_time,22
total_processed_time,22
total_processed_time,23
total_processed_time,21
total_processed_time,27
total_processed_time,21
total_processed_time,27
total_processed_time,26
total_processed_time,25
total_processed_time,25
total_processed_time,22
total_processed_time,23
total_processed_time,29
total_processed_time,30
total_processed_time,30
total_processed_time,22
total_processed_time,26
total_processed_time,25
total_processed_time,29
total_processed_time,28
total_processed_time,27
total_processed_time,27
total_processed_time,23
total_processed_time,22
total_processed_time,27
total_processed_time,28
total_processed_time,22
total_processed_time,21
total_processed_time,28
total_processed_time,22
total_processed_time,24
total_processed_time,23
total_processed_time,20
total_processed_time,23
total_processed_time,28
total_processed_time,23
total_processed_time,23
total_processed_time,23
total_processed_time,22
total_processed_time,24
total_processed_time,24
total_processed_time,25
total_processed_time,22
total_processed_time,23
total_processed_time,20
total_processed_time,25
total_processed_time,21
total_processed_time,23
total_processed_time,24
total_processed_time,25
total_processed_time,23
total_processed_time,29
total_processed_time,35
total_processed_time,31
total_processed_time,29
total_processed_time,26
total_processed_time,25
total_processed_time,25
total_processed_time,27
total_processed_time,23
total_processed_time,25
total_processed_time,24
total_processed_time,22
total_processed_time,23
total_processed_time,23
total_processed_time,27
total_processed_time,22
total_processed_time,23
total_processed_time,27
total_processed_time,27
total_processed_time,27
total_processed_time,27
total_processed_time,26
total_processed_time,23
total_processed_time,23
total_processed_time,22
total_processed_time,21
total_processed_time,22
total_processed_time,21
total_processed_time,25
total_processed_time,24
total_processed_time,27
total_processed_time,36
total_processed_time,29
total_processed_time,31
total_processed_time,29
total_processed_time,26
total_processed_time,22
total_processed_time,30
total_processed_time,22
total_processed_time,26
total_processed_time,22
total_processed_time,20
total_processed_time,23
total_processed_time,47
total_processed_time,28
total_processed_time,35
total_processed_time,22
total_processed_time,21
total_processed_time,26
total_processed_time,24
total_processed_time,21
total_processed_time,26
total_processed_time,21
total_processed_time,24
total_processed_time,38
total_processed_time,29
total_processed_time,27
total_processed_time,25
total_processed_time,27
total_processed_time,23
total_processed_time,31
total_processed_time,23
total_processed_time,21
total_processed_time,21
total_processed_time,23
total_processed_time,22
total_processed_time,26
total_processed_time,27
total_processed_time,28
total_processed_time,22
total_processed_time,22
total_processed_time,24
total_processed_time,21
total_processed_time,25
total_processed_time,24
total_processed_time,23
total_processed_time,22
total_processed_time,25
total_processed_time,22
total_processed_time,23
total_processed_time,24
total_processed_time,30
total_processed_time,23
total_processed_time,27
total_processed_time,25
total_processed_time,21
total_processed_time,23
total_processed_time,26
total_processed_time,25
total_processed_time,24
total_processed_time,21
total_processed_time,23
total_processed_time,25
total_processed_time,22
total_processed_time,23
total_processed_time,39
total_processed_time,107
total_processed_time,125
total_processed_time,159
total_processed_time,132
total_processed_time,70
total_processed_time,118
total_processed_time,122
total_processed_time,162
total_processed_time,76
total_processed_time,50
total_processed_time,141
total_processed_time,112
total_processed_time,68
total_processed_time,41
total_processed_time,65
total_processed_time,29
total_processed_time,28
total_processed_time,90
total_processed_time,28
total_processed_time,29
total_processed_time,30
total_processed_time,24
total_processed_time,28
total_processed_time,27
total_processed_time,27
total_processed_time,26
total_processed_time,33
total_processed_time,26
total_processed_time,23
total_processed_time,24
total_processed_time,26
total_processed_time,24
total_processed_time,33
total_processed_time,37
total_processed_time,33
total_processed_time,34
total_processed_time,30
total_processed_time,32
total_processed_time,26
total_processed_time,29
total_processed_time,28
total_processed_time,25
total_processed_time,29
total_processed_time,30
total_processed_time,23
total_processed_time,20
total_processed_time,23
total_processed_time,24
total_processed_time,25
total_processed_time,21
total_processed_time,25
total_processed_time,29
total_processed_time,22
total_processed_time,23
total_processed_time,23
total_processed_time,22
total_processed_time,24
total_processed_time,22
total_processed_time,21
total_processed_time,23
total_processed_time,23
total_processed_time,23
total_processed_time,25
total_processed_time,23
total_processed_time,23
total_processed_time,23
total_processed_time,20
total_processed_time,22
total_processed_time,22
total_processed_time,22
total_processed_time,20
total_processed_time,23
total_processed_time,29
total_processed_time,25
total_processed_time,29
total_processed_time,24
total_processed_time,24
total_processed_time,30
total_processed_time,20
total_processed_time,20
total_processed_time,23
total_processed_time,22
total_processed_time,26
total_processed_time,31
total_processed_time,25
total_processed_time,23
total_processed_time,25
total_processed_time,31
total_processed_time,29
total_processed_time,23
total_processed_time,21
total_processed_time,20
total_processed_time,24
total_processed_time,23
total_processed_time,22
total_processed_time,21
total_processed_time,24
total_processed_time,25
total_processed_time,22
total_processed_time,25
total_processed_time,21
total_processed_time,25
total_processed_time,24
total_processed_time,25
total_processed_time,22
total_processed_time,22
total_processed_time,25
total_processed_time,21
total_processed_time,25
total_processed_time,23
total_processed_time,21
total_processed_time,24
total_processed_time,25
total_processed_time,27
total_processed_time,23
total_processed_time,30
total_processed_time,21
total_processed_time,20
total_processed_time,23
total_processed_time,23
total_processed_time,21
total_processed_time,21
total_processed_time,25
total_processed_time,23
total_processed_time,21
total_processed_time,22
total_processed_time,21
total_processed_time,24
total_processed_time,27
total_processed_time,20
total_processed_time,35
total_processed_time,25
total_processed_time,22
total_processed_time,25
total_processed_time,23
total_processed_time,22
total_processed_time,21
total_processed_time,21
total_processed_time,26
total_processed_time,23
total_processed_time,27
total_processed_time,30
total_processed_time,31
total_processed_time,24
total_processed_time,21
total_processed_time,21
total_processed_time,26
total_processed_time,30
total_processed_time,22
total_processed_time,24
total_processed_time,23
total_processed_time,22
total_processed_time,27
total_processed_time,24
total_processed_time,23
total_processed_time,22
total_processed_time,22
total_processed_time,23
total_processed_time,24
total_processed_time,20
total_processed_time,22
total_processed_time,23
total_processed_time,24
total_processed_time,22
total_processed_time,21
total_processed_time,24
total_processed_time,26
total_processed_time,22
total_processed_time,23
total_processed_time,27
total_processed_time,21
total_processed_time,22
total_processed_time,29
total_processed_time,28
total_processed_time,26
total_processed_time,20
total_processed_time,21
total_processed_time,27
total_processed_time,26
total_processed_time,25
total_processed_time,26
total_processed_time,24
total_processed_time,24
total_processed_time,24
total_processed_time,25
total_processed_time,22
total_processed_time,20
total_processed_time,23
total_processed_time,22
total_processed_time,28
total_processed_time,24
total_processed_time,23
total_processed_time,24
total_processed_time,24
total_processed_time,25
total_processed_time,26
total_processed_time,23
total_processed_time,21
total_processed_time,20
total_processed_time,22
total_processed_time,23
total_processed_time,23
total_processed_time,29
total_processed_time,24
total_processed_time,29
total_processed_time,22
total_processed_time,19
total_processed_time,25
total_processed_time,24
total_processed_time,27
total_processed_time,22
total_processed_time,24
total_processed_time,26
total_processed_time,28
total_processed_time,28
total_processed_time,23
total_processed_time,46
total_processed_time,80
total_processed_time,82
total_processed_time,35
total_processed_time,55
total_processed_time,72
total_processed_time,68
total_processed_time,58
total_processed_time,50
total_processed_time,35
total_processed_time,27
total_processed_time,26
total_processed_time,24
total_processed_time,22
total_processed_time,22
total_processed_time,22
total_processed_time,27
total_processed_time,29
total_processed_time,24
total_processed_time,24
total_processed_time,27
total_processed_time,21
total_processed_time,32
total_processed_time,32
total_processed_time,30
total_processed_time,34
total_processed_time,37
total_processed_time,30
total_processed_time,26
total_processed_time,21
total_processed_time,23
total_processed_time,23
total_processed_time,21
total_processed_time,22
total_processed_time,24
total_processed_time,24
total_processed_time,21
total_processed_time,27
total_processed_time,24
total_processed_time,25
total_processed_time,22
total_processed_time,25
total_processed_time,23
total_processed_time,38
total_processed_time,36
total_processed_time,27
total_processed_time,27
total_processed_time,24
total_processed_time,25
total_processed_time,31
total_processed_time,25
total_processed_time,27
total_processed_time,25
total_processed_time,24
total_processed_time,21
total_processed_time,26
total_processed_time,30
total_processed_time,27
total_processed_time,25
total_processed_time,25
total_processed_time,24
total_processed_time,21
total_processed_time,24
total_processed_time,101
total_processed_time,44
total_processed_time,56
total_processed_time,35
total_processed_time,63
total_processed_time,69
total_processed_time,36
total_processed_time,27
total_processed_time,24
total_processed_time,22
total_processed_time,24
total_processed_time,23
total_processed_time,23
total_processed_time,22
total_processed_time,26
total_processed_time,26
total_processed_time,24
total_processed_time,20
total_processed_time,20
total_processed_time,25
total_processed_time,23
total_processed_time,23
total_processed_time,20
total_processed_time,23
total_processed_time,23
total_processed_time,31
total_processed_time,37
total_processed_time,38
total_processed_time,31
total_processed_time,30
total_processed_time,26
total_processed_time,23
total_processed_time,22
total_processed_time,23
total_processed_time,28
total_processed_time,25
total_processed_time,26
total_processed_time,26
total_processed_time,25
total_processed_time,21
total_processed_time,23
total_processed_time,26
total_processed_time,22
total_processed_time,21
total_processed_time,22
total_processed_time,27
total_processed_time,25
total_processed_time,24
total_processed_time,25
total_processed_time,26
total_processed_time,25
total_processed_time,20
total_processed_time,21
total_processed_time,24
total_processed_time,26
total_processed_time,24
total_processed_time,22
total_processed_time,29
total_processed_time,31
total_processed_time,26
total_processed_time,22
total_processed_time,27
total_processed_time,23
total_processed_time,24
total_processed_time,24
total_processed_time,26
total_processed_time,26
total_processed_time,22
total_processed_time,22
total_processed_time,22
total_processed_time,21
total_processed_time,36
total_processed_time,27
total_processed_time,23
total_processed_time,26
total_processed_time,23
total_processed_time,22
total_processed_time,20
total_processed_time,32
total_processed_time,20
total_processed_time,26
total_processed_time,25
total_processed_time,23
total_processed_time,24
total_processed_time,32
total_processed_time,27
total_processed_time,24
total_processed_time,23
total_processed_time,23
total_processed_time,27
total_processed_time,25
total_processed_time,23
total_processed_time,24
total_processed_time,29
total_processed_time,25
total_processed_time,24
total_processed_time,23
total_processed_time,25
total_processed_time,23
total_processed_time,21
total_processed_time,19
total_processed_time,22
total_processed_time,24
total_processed_time,26
total_processed_time,23
total_processed_time,28
total_processed_time,21
total_processed_time,20
total_processed_time,24
total_processed_time,21
total_processed_time,24
total_processed_time,23
total_processed_time,26
total_processed_time,24
total_processed_time,27
total_processed_time,27
total_processed_time,25
total_processed_time,23
total_processed_time,26
total_processed_time,21
total_processed_time,32
total_processed_time,27
total_processed_time,21
total_processed_time,23
total_processed_time,26
total_processed_time,25
total_processed_time,27
total_processed_time,22
total_processed_time,26
total_processed_time,29
total_processed_time,27
total_processed_time,36
total_processed_time,32
total_processed_time,29
total_processed_time,29
total_processed_time,26
total_processed_time,23
total_processed_time,24
total_processed_time,19
total_processed_time,21
total_processed_time,25
total_processed_time,22
total_processed_time,21
total_processed_time,22
total_processed_time,23
total_processed_time,29
total_processed_time,22
total_processed_time,22
total_processed_time,21
total_processed_time,22
total_processed_time,23
total_processed_time,26
total_processed_time,23
total_processed_time,22
total_processed_time,26
total_processed_time,24
total_processed_time,25
total_processed_time,24
total_processed_time,27
total_processed_time,22
total_processed_time,21
total_processed_time,24
total_processed_time,24
total_processed_time,24
total_processed_time,26
total_processed_time,27
total_processed_time,24
total_processed_time,22
total_processed_time,19
total_processed_time,23
total_processed_time,24
total_processed_time,22
total_processed_time,24
total_processed_time,22
total_processed_time,30
total_processed_time,26
total_processed_time,25
total_processed_time,25
total_processed_time,22
total_processed_time,21
total_processed_time,24
total_processed_time,24
total_processed_time,29
total_processed_time,29
total_processed_time,26
total_processed_time,26
total_processed_time,22
total_processed_time,23
total_processed_time,24
total_processed_time,26
total_processed_time,23
total_processed_time,20
total_processed_time,22
total_processed_time,23
total_processed_time,25
total_processed_time,29
total_processed_time,26
total_processed_time,24
total_processed_time,24
total_processed_time,20
total_processed_time,22
total_processed_time,24
total_processed_time,21
total_processed_time,24
total_processed_time,20
total_processed_time,25
total_processed_time,24
total_processed_time,24
total_processed_time,27
total_processed_time,29
total_processed_time,82
total_processed_time,40
total_processed_time,39
total_processed_time,98
total_processed_time,67
total_processed_time,108
total_processed_time,65
total_processed_time,35
total_processed_time,31
total_processed_time,24
total_processed_time,24
total_processed_time,23
total_processed_time,131
total_processed_time,25
total_processed_time,22
total_processed_time,26
total_processed_time,25
total_processed_time,22
total_processed_time,22
total_processed_time,22
total_processed_time,24
total_processed_time,24
total_processed_time,27
total_processed_time,23
total_processed_time,21
total_processed_time,43
total_processed_time,37
total_processed_time,24
total_processed_time,69
total_processed_time,31
total_processed_time,25
total_processed_time,23
total_processed_time,23
total_processed_time,21
total_processed_time,21
total_processed_time,22
total_processed_time,30
total_processed_time,23
total_processed_time,25
total_processed_time,22
total_processed_time,25
total_processed_time,22
total_processed_time,21
total_processed_time,19
total_processed_time,24
total_processed_time,28
total_processed_time,31
total_processed_time,24
total_processed_time,24
total_processed_time,26
total_processed_time,21
total_processed_time,24
total_processed_time,23
total_processed_time,23
total_processed_time,25
total_processed_time,22
total_processed_time,23
total_processed_time,22
total_processed_time,23
total_processed_time,20
total_processed_time,24
total_processed_time,21
total_processed_time,23
total_processed_time,25
total_processed_time,35
total_processed_time,27
total_processed_time,28
total_processed_time,34
total_processed_time,26
total_processed_time,23
total_processed_time,23
total_processed_time,20
total_processed_time,21
total_processed_time,25
total_processed_time,22
total_processed_time,27
total_processed_time,25
total_processed_time,25
total_processed_time,23
total_processed_time,22
total_processed_time,23
total_processed_time,24
total_processed_time,25
total_processed_time,23
total_processed_time,27
total_processed_time,27
total_processed_time,29
total_processed_time,21
total_processed_time,23
total_processed_time,23
total_processed_time,23
total_processed_time,29
total_processed_time,24
total_processed_time,27
total_processed_time,26
total_processed_time,27
total_processed_time,25
total_processed_time,22
total_processed_time,25
total_processed_time,24
total_processed_time,22
total_processed_time,22
total_processed_time,21
total_processed_time,23
total_processed_time,25
total_processed_time,25
total_processed_time,27
total_processed_time,22
total_processed_time,20
total_processed_time,23
total_processed_time,21
total_processed_time,21
total_processed_time,21
total_processed_time,22
total_processed_time,24
total_processed_time,24
total_processed_time,29
total_processed_time,22
total_processed_time,23
total_processed_time,23
total_processed_time,23
total_processed_time,19
total_processed_time,21
total_processed_time,23
total_processed_time,25
total_processed_time,23
total_processed_time,25
total_processed_time,21
total_processed_time,20
total_processed_time,26
total_processed_time,26
total_processed_time,20
total_processed_time,22
total_processed_time,24
total_processed_time,21
total_processed_time,27
total_processed_time,28
total_processed_time,22
total_processed_time,23
total_processed_time,23
total_processed_time,28
total_processed_time,22
total_processed_time,23
total_processed_time,22
total_processed_time,23
total_processed_time,24
total_processed_time,22
total_processed_time,24
total_processed_time,22
total_processed_time,21
total_processed_time,22
total_processed_time,21
total_processed_time,23
total_processed_time,20
total_processed_time,24
total_processed_time,21
total_processed_time,24
total_processed_time,26
total_processed_time,22
total_processed_time,24
total_processed_time,24
total_processed_time,25
total_processed_time,21
total_processed_time,19
total_processed_time,21
total_processed_time,23
total_processed_time,27
total_processed_time,26
total_processed_time,20
total_processed_time,23
total_processed_time,24
total_processed_time,24
total_processed_time,24
total_processed_time,22
total_processed_time,24
total_processed_time,22
total_processed_time,24
total_processed_time,23
total_processed_time,23
total_processed_time,20
total_processed_time,21
total_processed_time,21
total_processed_time,24
total_processed_time,22
total_processed_time,25
total_processed_time,22
total_processed_time,25
total_processed_time,27
total_processed_time,22
total_processed_time,23
total_processed_time,24
total_processed_time,28
total_processed_time,21
total_processed_time,23
total_processed_time,22
total_processed_time,21
total_processed_time,24
total_processed_time,24
total_processed_time,26
total_processed_time,22
total_processed_time,22
total_processed_time,21
total_processed_time,23
total_processed_time,21
total_processed_time,22
total_processed_time,25
total_processed_time,20
total_processed_time,21
total_processed_time,21
total_processed_time,22
total_processed_time,23
total_processed_time,25
total_processed_time,21
total_processed_time,24
total_processed_time,23
total_processed_time,25
total_processed_time,33
total_processed_time,30
total_processed_time,30
total_processed_time,26
total_processed_time,26
total_processed_time,24
total_processed_time,20
total_processed_time,28
total_processed_time,24
total_processed_time,23
total_processed_time,24
total_processed_time,25
total_processed_time,26
total_processed_time,26
total_processed_time,24
total_processed_time,23
total_processed_time,24
total_processed_time,22
total_processed_time,26
total_processed_time,22
total_processed_time,22
total_processed_time,21
total_processed_time,25
total_processed_time,23
total_processed_time,20
total_processed_time,23
total_processed_time,20
total_processed_time,23
total_processed_time,21
total_processed_time,24
total_processed_time,25
total_processed_time,27
total_processed_time,28
total_processed_time,24
total_processed_time,21
total_processed_time,24
total_processed_time,25
total_processed_time,22
total_processed_time,20
total_processed_time,25
total_processed_time,21
total_processed_time,27
total_processed_time,23
total_processed_time,24
total_processed_time,23
total_processed_time,20
total_processed_time,21
total_processed_time,25
total_processed_time,21
total_processed_time,21
total_processed_time,22
total_processed_time,26
total_processed_time,21
total_processed_time,24
total_processed_time,21
total_processed_time,23
total_processed_time,22
total_processed_time,26
total_processed_time,32
total_processed_time,28
total_processed_time,24
total_processed_time,25
total_processed_time,24
total_processed_time,22
total_processed_time,26
total_processed_time,23
total_processed_time,21
total_processed_time,23
total_processed_time,25
total_processed_time,28
total_processed_time,29
total_processed_time,30
total_processed_time,28
total_processed_time,24
total_processed_time,25
total_processed_time,19
total_processed_time,22
total_processed_time,24
total_processed_time,22
total_processed_time,25
total_processed_time,25
total_processed_time,23
total_processed_time,21
total_processed_time,22
total_processed_time,25
total_processed_time,23
total_processed_time,22
total_processed_time,24
total_processed_time,24
total_processed_time,22
total_processed_time,26
total_processed_time,27
total_processed_time,24
total_processed_time,22
total_processed_time,23
total_processed_time,20
total_processed_time,22
total_processed_time,20
total_processed_time,23
total_processed_time,23
total_processed_time,24
total_processed_time,23
total_processed_time,33
total_processed_time,23
total_processed_time,24
total_processed_time,34
total_processed_time,64
total_processed_time,36
total_processed_time,29
total_processed_time,78
total_processed_time,86
total_processed_time,50
total_processed_time,28
total_processed_time,26
total_processed_time,25
total_processed_time,21
total_processed_time,22
total_processed_time,25
total_processed_time,24
total_processed_time,24
total_processed_time,22
total_processed_time,25
total_processed_time,22
total_processed_time,22
total_processed_time,25
total_processed_time,24
total_processed_time,22
total_processed_time,23
total_processed_time,21
total_processed_time,22
total_processed_time,25
total_processed_time,25
total_processed_time,24
total_processed_time,24
total_processed_time,22
total_processed_time,24
total_processed_time,23
total_processed_time,25
total_processed_time,22
total_processed_time,22
total_processed_time,29
total_processed_time,24
total_processed_time,23
total_processed_time,24
total_processed_time,26
total_processed_time,22
total_processed_time,22
total_processed_time,21
total_processed_time,26
total_processed_time,23
total_processed_time,25
total_processed_time,23
total_processed_time,23
total_processed_time,22
total_processed_time,24
total_processed_time,22
total_processed_time,24
total_processed_time,27
total_processed_time,21
total_processed_time,26
total_processed_time,27
total_processed_time,24
total_processed_time,26
total_processed_time,25
total_processed_time,25
total_processed_time,23
total_processed_time,22
total_processed_time,21
total_processed_time,21
total_processed_time,24
total_processed_time,21
total_processed_time,27
total_processed_time,23
total_processed_time,22
total_processed_time,25
total_processed_time,23
total_processed_time,21
total_processed_time,20
total_processed_time,22
total_processed_time,20
total_processed_time,23
total_processed_time,23
total_processed_time,27
total_processed_time,30
total_processed_time,24
total_processed_time,21
total_processed_time,23
total_processed_time,24
total_processed_time,24
total_processed_time,133
total_processed_time,47
total_processed_time,46
total_processed_time,53
total_processed_time,79
total_processed_time,32
total_processed_time,90
total_processed_time,75
total_processed_time,23
total_processed_time,61
total_processed_time,27
total_processed_time,25
total_processed_time,182
total_processed_time,28
total_processed_time,30
total_processed_time,23
total_processed_time,26
total_processed_time,21
total_processed_time,23
total_processed_time,22
total_processed_time,23
total_processed_time,21
total_processed_time,19
total_processed_time,24
total_processed_time,23
total_processed_time,24
total_processed_time,24
total_processed_time,23
total_processed_time,24
total_processed_time,22
total_processed_time,23
total_processed_time,21
total_processed_time,21
total_processed_time,26
total_processed_time,24
total_processed_time,23
total_processed_time,22
total_processed_time,22
total_processed_time,22
total_processed_time,27
total_processed_time,21
total_processed_time,24
total_processed_time,22
total_processed_time,23
total_processed_time,25
total_processed_time,23
total_processed_time,22
total_processed_time,24
total_processed_time,21
total_processed_time,23
total_processed_time,25
total_processed_time,23
total_processed_time,24
total_processed_time,22
total_processed_time,24
total_processed_time,24
total_processed_time,22
total_processed_time,24
total_processed_time,22
total_processed_time,19
total_processed_time,21
total_processed_time,21
total_processed_time,25
total_processed_time,24
total_processed_time,27
total_processed_time,23
total_processed_time,23
total_processed_time,21
total_processed_time,23
total_processed_time,21
total_processed_time,20
total_processed_time,25
total_processed_time,23
total_processed_time,24
total_processed_time,23
total_processed_time,21
total_processed_time,24
total_processed_time,22
total_processed_time,59
total_processed_time,29
total_processed_time,35
total_processed_time,37
total_processed_time,33
total_processed_time,26
total_processed_time,25
total_processed_time,20
total_processed_time,24
total_processed_time,20
total_processed_time,23
total_processed_time,22
total_processed_time,24
total_processed_time,22
total_processed_time,26
total_processed_time,26
total_processed_time,24
total_processed_time,24
total_processed_time,22
total_processed_time,22
total_processed_time,24
total_processed_time,23
total_processed_time,22
total_processed_time,23
total_processed_time,30
total_processed_time,20
total_processed_time,26
total_processed_time,21
total_processed_time,20
total_processed_time,23
total_processed_time,20
total_processed_time,24
total_processed_time,26
total_processed_time,24
total_processed_time,24
total_processed_time,23
total_processed_time,22
total_processed_time,23
total_processed_time,28
total_processed_time,24
total_processed_time,24
total_processed_time,24
total_processed_time,23
total_processed_time,20
total_processed_time,22
total_processed_time,23
total_processed_time,24
total_processed_time,24
total_processed_time,22
total_processed_time,19
total_processed_time,24
total_processed_time,22
total_processed_time,22
total_processed_time,23
total_processed_time,27
total_processed_time,23
total_processed_time,26
total_processed_time,24
total_processed_time,23
total_processed_time,25
total_processed_time,23
total_processed_time,23
total_processed_time,20
total_processed_time,23
total_processed_time,24
total_processed_time,25
total_processed_time,22
total_processed_time,19
total_processed_time,21
total_processed_time,19
total_processed_time,22
total_processed_time,20
total_processed_time,22
total_processed_time,22
total_processed_time,22
total_processed_time,26
total_processed_time,21
total_processed_time,22
total_processed_time,22
total_processed_time,26
total_processed_time,24
total_processed_time,21
total_processed_time,23
total_processed_time,24
total_processed_time,26
total_processed_time,24
total_processed_time,22
total_processed_time,23
total_processed_time,23
total_processed_time,22
total_processed_time,22
total_processed_time,23
total_processed_time,22
total_processed_time,21
total_processed_time,20
total_processed_time,24
total_processed_time,23
total_processed_time,21
total_processed_time,22
total_processed_time,24
total_processed_time,24
total_processed_time,24
total_processed_time,25
total_processed_time,23
total_processed_time,24
total_processed_time,25
total_processed_time,24
total_processed_time,23
total_processed_time,21
total_processed_time,26
total_processed_time,26
total_processed_time,22
total_processed_time,21
total_processed_time,24
total_processed_time,23
total_processed_time,22
total_processed_time,25
total_processed_time,21
total_processed_time,20
total_processed_time,29
total_processed_time,22
total_processed_time,23
total_processed_time,19
total_processed_time,21
total_processed_time,22
total_processed_time,27
total_processed_time,24
total_processed_time,32
total_processed_time,22
total_processed_time,23
total_processed_time,21
total_processed_time,24
total_processed_time,22
total_processed_time,31
total_processed_time,37
total_processed_time,25
total_processed_time,23
total_processed_time,24
total_processed_time,23
total_processed_time,48
total_processed_time,28
total_processed_time,26
total_processed_time,20
total_processed_time,19
total_processed_time,23
total_processed_time,23
total_processed_time,22
total_processed_time,23
total_processed_time,24
total_processed_time,24
total_processed_time,25
total_processed_time,23
total_processed_time,23
total_processed_time,23
total_processed_time,25
total_processed_time,25
total_processed_time,24
total_processed_time,20
total_processed_time,20
total_processed_time,22
total_processed_time,20
total_processed_time,19
total_processed_time,23
total_processed_time,23
total_processed_time,24
total_processed_time,22
total_processed_time,24
total_processed_time,26
total_processed_time,25
total_processed_time,22
total_processed_time,24
total_processed_time,22
total_processed_time,25
total_processed_time,20
total_processed_time,23
total_processed_time,24
total_processed_time,26
total_processed_time,24
total_processed_time,22
total_processed_time,19
total_processed_time,26
total_processed_time,26
total_processed_time,30
total_processed_time,24
total_processed_time,24
total_processed_time,22
total_processed_time,21
total_processed_time,21
total_processed_time,24
total_processed_time,21
total_processed_time,20
total_processed_time,24
total_processed_time,26
total_processed_time,22
total_processed_time,29
total_processed_time,23
total_processed_time,19
total_processed_time,20
total_processed_time,20
total_processed_time,19
total_processed_time,20
total_processed_time,21
total_processed_time,21
total_processed_time,27
